country,country_code,year,tourism_receipts,tourism_arrivals,tourism_exports,tourism_departures,tourism_expenditures,gdp,inflation,region,tourism_gdp_share,receipts_growth_pct,arrivals_growth_pct
Afghanistan,AFG,1999,57000000.0,,3.0745762932609,,1.01833894909722,3521418059.92345,12.6862687216715,Asia,1.6186660893435383,,
Afghanistan,AFG,2000,57000000.0,,3.0745762932609,,1.01833894909722,3521418059.92345,12.6862687216715,Asia,1.6186660893435383,0.0,
Afghanistan,AFG,2001,57000000.0,,3.0745762932609,,1.01833894909722,2813571753.87253,12.6862687216715,Asia,2.025894662950985,0.0,
Afghanistan,AFG,2002,57000000.0,,3.0745762932609,,1.01833894909722,3825701438.99963,12.6862687216715,Asia,1.4899228522888797,0.0,
Afghanistan,AFG,2003,57000000.0,,3.0745762932609,,1.01833894909722,4520946818.54581,12.6862687216715,Asia,1.2607978436325513,0.0,
Afghanistan,AFG,2004,57000000.0,,3.0745762932609,,1.01833894909722,5224896718.67782,12.6862687216715,Asia,1.0909306550737727,0.0,
Afghanistan,AFG,2005,57000000.0,,3.0745762932609,,1.01833894909722,6203256538.70967,12.6862687216715,Asia,0.9188722027584642,0.0,
Afghanistan,AFG,2006,57000000.0,,3.0745762932609,,1.01833894909722,6971758282.29351,6.78459655001657,Asia,0.8175842835051449,0.0,
Afghanistan,AFG,2007,57000000.0,,3.0745762932609,,1.01833894909722,9747886187.39393,8.68057078513405,Asia,0.5847421574711552,0.0,
Afghanistan,AFG,2008,57000000.0,,3.0745762932609,,1.01833894909722,10109297047.5432,26.4186641547445,Asia,0.5638374234324468,0.0,
Afghanistan,AFG,2009,89000000.0,,4.21685542755338,,1.72112836697912,12416152732.0567,-6.81116108898993,Asia,0.716808192687699,56.14035087719298,
Afghanistan,AFG,2010,147000000.0,,5.72873546300291,,1.83667067700926,15856668555.8336,2.17853752389414,Asia,0.9270547560629899,65.1685393258427,
Afghanistan,AFG,2011,165000000.0,,5.39604673507476,,3.53808215690225,17805098206.3141,11.8041858089129,Asia,0.9267008700995942,12.244897959183664,
Afghanistan,AFG,2012,167000000.0,,7.17088699537353,,1.12575275556025,19907329777.5872,6.44121280934117,Asia,0.8388869922073531,1.21212121212122,
Afghanistan,AFG,2013,179000000.0,,12.9409894650749,,1.37250239634978,20146416757.5987,7.38577178397855,Asia,0.8884954687164697,7.18562874251496,
Afghanistan,AFG,2014,121000000.0,,6.09459211041441,,1.69766312411754,20497128555.6972,4.67399603536305,Asia,0.5903265897523383,-32.402234636871505,
Afghanistan,AFG,2015,86000000.0,,6.06787319983375,,1.7843923018448,19134221644.7325,-0.66170916471352,Asia,0.4494564848091176,-28.925619834710748,
Afghanistan,AFG,2016,62000000.0,,5.45768303162904,,1.21460632498981,18116572395.0772,4.38389195513893,Asia,0.34222809176004615,-27.906976744186053,
Afghanistan,AFG,2017,16000000.0,,1.38780942154529,,1.63389324656947,18753456497.8159,4.97595150553892,Asia,0.08531760532712156,-74.19354838709677,
Afghanistan,AFG,2018,50000000.0,,3.1066088353063,,2.82937174604224,18053222687.4126,0.626149149168983,Asia,0.276958861394104,212.5,
Afghanistan,AFG,2019,85000000.0,,5.60775255799417,,2.27925799913782,18799444490.1128,2.30237251516819,Asia,0.45214101961738334,70.0,
Afghanistan,AFG,2020,75000000.0,,5.08024772390036,,0.701718914339217,19955929052.1496,2.30237251516819,Asia,0.3758281551513193,-11.764705882352944,
Albania,ALB,1999,218000000.0,371000.0,55.9691912708601,955000.0,3.69900655252589,3212121650.97755,0.389437653561617,Europe,6.786791525584211,,
Albania,ALB,2000,398000000.0,317000.0,71.7763751127141,955000.0,21.4767088795083,3480355258.04122,0.0500181363468309,Europe,11.435614197155221,82.56880733944953,-14.555256064690026
Albania,ALB,2001,451000000.0,354000.0,68.5202066241264,955000.0,16.8641464484985,3922100793.5403,3.10758827031434,Europe,11.498939566846344,13.316582914572873,11.671924290220815
Albania,ALB,2002,492000000.0,470000.0,73.7432177223538,1303000.0,21.1216354493272,4348068242.19512,7.77052583431552,Europe,11.315369782504012,9.090909090909083,32.768361581920914
Albania,ALB,2003,537000000.0,557000.0,63.4174074272045,1350000.0,22.3749004761122,5611496257.14231,0.48400261181847,Europe,9.569640170685432,9.146341463414643,18.51063829787234
Albania,ALB,2004,756000000.0,645000.0,60.4888210221976,1694000.0,23.1268088369536,7184685781.51876,2.28001916938101,Europe,10.522380838764953,40.78212290502794,15.79892280071813
Albania,ALB,2005,880000000.0,748000.0,60.2421079564304,2097000.0,23.0834119188353,8052077248.14638,2.36658195679796,Europe,10.928856900901932,16.402116402116395,15.968992248062008
Albania,ALB,2006,1057000000.0,937000.0,56.5371142509188,2616000.0,24.281157029946,8896075004.63516,2.37072831904282,Europe,11.881644426887888,20.113636363636367,25.267379679144387
Albania,ALB,2007,1479000000.0,1127000.0,60.0147492308715,2979000.0,24.9057976767104,10677324852.8822,2.93268248162323,Europe,13.85178422852578,39.92431409649952,20.27748132337246
Albania,ALB,2008,1850000000.0,1420000.0,56.3585203050781,3716000.0,24.4326591033007,12881352893.6855,3.32087090389264,Europe,14.361845493006243,25.084516565246794,25.998225377107364
Albania,ALB,2009,2013000000.0,1856000.0,65.7578453770332,3404000.0,28.0659043814401,12044205549.6571,2.26692209450831,Europe,16.71343113251094,8.81081081081081,30.70422535211268
Albania,ALB,2010,1778000000.0,2417000.0,53.4846023581548,3443000.0,25.1179546070202,11926926615.8015,3.62604695579816,Europe,14.907444786692995,-11.674118231495278,30.226293103448263
Albania,ALB,2011,1833000000.0,2932000.0,48.5388972310884,4120000.0,24.9960686245511,12890760315.146,3.42912324722163,Europe,14.219487099192406,3.093363329583809,21.30740587505171
Albania,ALB,2012,1623000000.0,3514000.0,45.6466576233755,3959000.0,23.4778135287766,12319834195.331,2.03159268395301,Europe,13.173878595014601,-11.456628477905074,19.84993178717598
Albania,ALB,2013,1670000000.0,3256000.0,45.1322983249897,3928000.0,26.077673872918,12776224496.9718,1.93762080205229,Europe,13.071154161355105,2.8958718422674057,-7.3420603301081355
Albania,ALB,2014,1849000000.0,3673000.0,49.5414964279063,4146000.0,27.0707081546519,13228147516.1168,1.6258650440261,Europe,13.977769734932505,10.718562874251504,12.807125307125311
Albania,ALB,2015,1613000000.0,4131000.0,51.9644431232024,4504000.0,25.8566641402658,11386853113.0189,1.89617402592365,Europe,14.165458919952284,-12.76365603028664,12.46937108630548
Albania,ALB,2016,1821000000.0,4736000.0,52.9379204273763,4852000.0,24.5892114234727,11861199830.8396,1.2754316836741,Europe,15.352578372934298,12.895226286422812,14.645364318566934
Albania,ALB,2017,2050000000.0,5118000.0,49.4715628231146,5186000.0,24.0589869528205,13019726211.7369,1.98666133171199,Europe,15.745338777953604,12.575507962657873,8.065878378378377
Albania,ALB,2018,2306000000.0,5927000.0,48.195167982947,5415000.0,25.5314674703335,15379509891.7196,2.02805963071136,Europe,14.993975856418942,12.487804878048792,15.806955842125836
Albania,ALB,2019,2458000000.0,6406000.0,50.9706230649522,5922000.0,26.7405364956151,15585105131.0644,1.41109078954246,Europe,15.771468843676184,6.591500433651354,8.081660199088914
Albania,ALB,2020,1243000000.0,2658000.0,35.9164177962174,2907000.0,14.1943123522602,15241458744.8688,1.62088661717011,Europe,8.155387360271334,-49.430431244914566,-58.50764907898844
Algeria,DZA,1999,477000000.0,749000.0,0.976638479965647,903000.0,2.67857142857155,48640671734.9711,2.64551113392799,Africa,0.980660798845531,,
Algeria,DZA,2000,477000000.0,866000.0,0.976638479965647,1006000.0,2.67857142857155,54790398570.3282,0.339163189071768,Africa,0.8705904911199529,0.0,15.62082777036049
Algeria,DZA,2001,477000000.0,901000.0,0.976638479965647,1190000.0,2.67857142857155,59413400923.6364,4.22598834854673,Africa,0.8028491764224784,0.0,4.041570438799069
Algeria,DZA,2002,477000000.0,988000.0,0.976638479965647,1257000.0,2.67857142857155,61516103406.1688,1.41830192345051,Africa,0.7754067204981105,0.0,9.65593784683685
Algeria,DZA,2003,477000000.0,1166000.0,0.976638479965647,1254000.0,2.67857142857155,73482264190.9245,4.268953958395,Africa,0.6491362306973012,0.0,18.016194331983804
Algeria,DZA,2004,477000000.0,1234000.0,0.976638479965647,1417000.0,2.67857142857155,91913680985.1708,3.96180030257187,Africa,0.5189651800333819,0.0,5.831903945111483
Algeria,DZA,2005,477000000.0,1443000.0,0.976638479965647,1513000.0,2.67857142857155,107046618669.707,1.38244656662118,Africa,0.4456002496181467,0.0,16.93679092382496
Algeria,DZA,2006,393000000.0,1638000.0,0.68581599888312,1349000.0,1.63268525456474,123084258693.01,2.31149918514424,Africa,0.31929346950872006,-17.610062893081757,13.513513513513509
Algeria,DZA,2007,334000000.0,1743000.0,0.527401573569811,1499000.0,1.51187763119594,142482739809.849,3.67899574741699,Africa,0.23441435815014594,-15.012722646310428,6.41025641025641
Algeria,DZA,2008,473000000.0,1772000.0,0.5800519939778,1539000.0,1.24928401290692,180383848331.135,4.85859062814939,Africa,0.26221859904646366,41.61676646706587,1.663798049340226
Algeria,DZA,2009,361000000.0,1912000.0,0.750374408625828,1677000.0,1.17097157739247,150317292079.359,5.73706036145628,Africa,0.24015866372141167,-23.67864693446089,7.900677200902928
Algeria,DZA,2010,324000000.0,2070000.0,0.534761702227844,1757000.0,1.41377204171107,177785053939.531,3.91106195534028,Africa,0.18224254110258348,-10.24930747922438,8.263598326359833
Algeria,DZA,2011,300000000.0,2395000.0,0.392735345525801,1715000.0,1.00189762457127,218331946925.304,4.5242115050527,Africa,0.13740545267186044,-7.4074074074074066,15.700483091787444
Algeria,DZA,2012,295000000.0,2634000.0,0.392350205138552,1911000.0,0.958605973497109,227143746075.934,8.89145091062317,Africa,0.12987370557029632,-1.6666666666666718,9.97912317327767
Algeria,DZA,2013,326000000.0,2733000.0,0.475289538965656,2136000.0,0.808631766179065,229701430292.157,3.25423910998847,Africa,0.1419233652944002,10.508474576271176,3.758542141230059
Algeria,DZA,2014,316000000.0,2301000.0,0.496957474451068,2839000.0,0.952784991230104,238942664192.59,2.91692692067458,Africa,0.13224929966684437,-3.0674846625766916,-15.806805708013172
Algeria,DZA,2015,347000000.0,1710000.0,0.915438622972477,3638000.0,1.20397720165126,187493855609.345,4.78444700693889,Africa,0.18507273151553075,9.810126582278489,-25.68448500651891
Algeria,DZA,2016,246000000.0,2039000.0,0.751217242491807,4530000.0,0.923644158656214,180763839522.151,6.39769480268757,Africa,0.13608916509535354,-29.106628242074926,19.239766081871345
Algeria,DZA,2017,171000000.0,2451000.0,0.453811508259686,5058000.0,1.05186985792517,189880896903.073,5.59111590961664,Africa,0.09005645264425363,-30.487804878048784,20.205983325159394
Algeria,DZA,2018,196500000.0,2657000.0,0.44269400560344,5610000.0,0.901999674934225,194554483655.528,4.26999020467084,Africa,0.10099998535521632,14.912280701754387,8.404732762137911
Algeria,DZA,2019,140000000.0,2371000.0,0.363152035783373,5732000.0,1.23481841612494,193459662090.677,1.95176821052892,Africa,0.07236650704702473,-28.753180661577606,-10.764019570944672
Algeria,DZA,2020,50000000.0,591000.0,0.200787778540167,1386000.0,0.642311585385712,164873415325.201,2.41513094083414,Africa,0.030326296026183835,-64.28571428571428,-75.07380851961199
American Samoa,ASM,1999,22000000.0,41000.0,,,,512000000.0,,Oceania,4.296875,,
American Samoa,ASM,2000,22000000.0,44000.0,,,,512000000.0,,Oceania,4.296875,0.0,7.317073170731714
American Samoa,ASM,2001,22000000.0,36000.0,,,,512000000.0,,Oceania,4.296875,0.0,-18.181818181818176
American Samoa,ASM,2002,22000000.0,33125.0,,,,512000000.0,,Oceania,4.296875,0.0,-7.986111111111116
American Samoa,ASM,2003,22000000.0,30250.0,,,,524000000.0,,Oceania,4.198473282442748,0.0,-8.679245283018865
American Samoa,ASM,2004,22000000.0,27375.0,,,,509000000.0,,Oceania,4.322200392927308,0.0,-9.50413223140496
American Samoa,ASM,2005,22000000.0,24500.0,,,,500000000.0,,Oceania,4.3999999999999995,0.0,-10.502283105022837
American Samoa,ASM,2006,22000000.0,25299.9992370605,,,,493000000.0,,Oceania,4.462474645030426,0.0,3.265303008410192
American Samoa,ASM,2007,22000000.0,24100.0003814697,,,,518000000.0,,Oceania,4.247104247104247,0.0,-4.743078623626951
American Samoa,ASM,2008,22000000.0,24299.9992370605,,,,560000000.0,,Oceania,3.9285714285714284,0.0,0.8298707569506014
American Samoa,ASM,2009,22000000.0,23500.0,,,,675000000.0,,Oceania,3.259259259259259,0.0,-3.2921780336536033
American Samoa,ASM,2010,22000000.0,23100.0003814697,,,,573000000.0,,Oceania,3.8394415357766145,0.0,-1.7021260362991453
American Samoa,ASM,2011,22000000.0,22600.0003814697,,,,570000000.0,,Oceania,3.8596491228070176,0.0,-2.164502128757928
American Samoa,ASM,2012,22000000.0,22600.0003814697,,,,640000000.0,,Oceania,3.4375000000000004,0.0,0.0
American Samoa,ASM,2013,22000000.0,20799.9992370605,,,,638000000.0,,Oceania,3.4482758620689653,0.0,-7.964606699232924
American Samoa,ASM,2014,22000000.0,21600.0003814697,,,,643000000.0,,Oceania,3.421461897356143,0.0,3.846159489197465
American Samoa,ASM,2015,22000000.0,20299.9992370605,,,,673000000.0,,Oceania,3.268945022288262,0.0,-6.018523710418322
American Samoa,ASM,2016,22000000.0,20100.0003814697,,,,671000000.0,,Oceania,3.278688524590164,0.0,-0.9852160744206917
American Samoa,ASM,2017,22000000.0,20000.0,,,,612000000.0,,Oceania,3.594771241830065,0.0,-0.4975143262280324
American Samoa,ASM,2018,22000000.0,20200.0007629395,,,,639000000.0,,Oceania,3.4428794992175273,0.0,1.000003814697492
American Samoa,ASM,2019,22000000.0,19200.0007629395,,,,647000000.0,,Oceania,3.400309119010819,0.0,-4.950494862528309
American Samoa,ASM,2020,22000000.0,899.999976158142,,,,721000000.0,,Oceania,3.0513176144244105,0.0,-95.31250031044087
Andorra,AND,1999,1910000000.0,9422000.0,81.8022160839288,,9.20230138613722,1240295198.78331,,Europe,153.99559732825293,,
Andorra,AND,2000,1910000000.0,10991000.0,81.8022160839288,,9.20230138613722,1432606188.69324,,Europe,133.3234503015946,0.0,16.652515389513912
Andorra,AND,2001,1910000000.0,11351000.0,81.8022160839288,,9.20230138613722,1548265808.05802,,Europe,123.36383003869993,0.0,3.2754071513056093
Andorra,AND,2002,1910000000.0,11507000.0,81.8022160839288,,9.20230138613722,1764279824.29752,,Europe,108.2594707310957,0.0,1.374328253017354
Andorra,AND,2003,1910000000.0,11601000.0,81.8022160839288,,9.20230138613722,2366941808.94404,,Europe,80.69484398740269,0.0,0.8168940644824874
Andorra,AND,2004,1910000000.0,11668000.0,81.8022160839288,,9.20230138613722,2900245324.49221,,Europe,65.85649785796699,0.0,0.577536419274205
Andorra,AND,2005,1910000000.0,11049000.0,81.8022160839288,,9.20230138613722,3161084091.11674,,Europe,60.42230908590729,0.0,-5.305107987658553
Andorra,AND,2006,1910000000.0,10737000.0,81.8022160839288,,9.20230138613722,3459337986.88383,,Europe,55.212876198909,0.0,-2.8237849579147434
Andorra,AND,2007,1910000000.0,10743000.0,81.8022160839288,,9.20230138613722,3957625367.21959,,Europe,48.2612633277581,0.0,0.05588153115394512
Andorra,AND,2008,1910000000.0,10194000.0,81.8022160839288,,9.20230138613722,4102319399.02343,,Europe,46.55902708245198,0.0,-5.110304384250208
Andorra,AND,2009,1910000000.0,9112000.0,81.8022160839288,,9.20230138613722,3688976340.7549,,Europe,51.77588099166675,0.0,-10.614086717677063
Andorra,AND,2010,1910000000.0,8551000.0,81.8022160839288,,9.20230138613722,3449925738.86069,,Europe,55.363510538367755,0.0,-6.156716417910446
Andorra,AND,2011,1910000000.0,7983000.0,81.8022160839288,,9.20230138613722,3629133574.27783,,Europe,52.629641783854034,0.0,-6.64249795345574
Andorra,AND,2012,1910000000.0,7900000.0,81.8022160839288,,9.20230138613722,3188652765.36184,,Europe,59.899905714044046,0.0,-1.0397093824376813
Andorra,AND,2013,1910000000.0,7676000.0,81.8022160839288,,9.20230138613722,3193512950.02419,,Europe,59.80874447324638,0.0,-2.835443037974683
Andorra,AND,2014,1910000000.0,7797000.0,81.8022160839288,,9.20230138613722,3271685596.66321,,Europe,58.379692778181614,0.0,1.5763418447107824
Andorra,AND,2015,1910000000.0,7850000.0,81.8022160839288,,9.20230138613722,2789881258.50362,,Europe,68.46169506957608,0.0,0.6797486212645865
Andorra,AND,2016,1910000000.0,8025000.0,81.8022160839288,,9.20230138613722,2896610479.73077,,Europe,65.93913863687767,0.0,2.2292993630573354
Andorra,AND,2017,1910000000.0,8152000.0,81.8022160839288,,9.20230138613722,3000162081.11976,,Europe,63.663227130953025,0.0,1.5825545171339606
Andorra,AND,2018,1910000000.0,8328000.0,81.8022160839288,,9.20230138613722,3218419896.9641,,Europe,59.345892119349685,0.0,2.158979391560356
Andorra,AND,2019,1910000000.0,8235000.0,81.8022160839288,,9.20230138613722,3155149347.80639,,Europe,60.535961675726156,0.0,-1.1167146974063402
Andorra,AND,2020,1910000000.0,5207000.0,81.8022160839288,,9.20230138613722,2891001149.3611,,Europe,66.06707854205116,0.0,-36.769884638737096
Angola,AGO,1999,31000000.0,45000.0,0.583858020796646,,2.48963819595907,6152923310.44546,248.195902412868,Africa,0.5038255547143436,,
Angola,AGO,2000,34000000.0,51000.0,0.415242324428828,,2.54400607773507,9129594970.15301,324.996871601321,Africa,0.3724152069303702,9.677419354838701,13.33333333333333
Angola,AGO,2001,35000000.0,67000.0,0.519532954717508,,1.19450943737112,8936079117.73136,152.561022469299,Africa,0.39167065934489625,2.941176470588225,31.372549019607842
Angola,AGO,2002,51000000.0,91000.0,0.597561939553467,,0.734243795836534,15285592370.374,108.897436089429,Africa,0.333647520908947,45.71428571428571,35.82089552238805
Angola,AGO,2003,63000000.0,107000.0,0.648865066910913,,0.556738775052417,17812704586.4397,98.2241436573304,Africa,0.35368014831369343,23.529411764705888,17.582417582417587
Angola,AGO,2004,82000000.0,194000.0,0.59429894432281,,0.808687735251078,23552057679.4994,43.5421067519687,Africa,0.3481649082040755,30.15873015873016,81.30841121495327
Angola,AGO,2005,103000000.0,210000.0,0.4241085211113,,0.891429156256578,36970900883.8109,22.953513851394,Africa,0.278597484880609,25.609756097560975,8.247422680412363
Angola,AGO,2006,91000000.0,121000.0,0.272892458912399,,2.41269816562604,52381025141.4268,13.3052101780032,Africa,0.17372703140937662,-11.650485436893199,-42.38095238095239
Angola,AGO,2007,236000000.0,195000.0,0.527882654597269,,1.79815707274069,65266415494.2584,12.2514974459487,Africa,0.3615948542796277,159.34065934065936,61.15702479338842
Angola,AGO,2008,293000000.0,294000.0,0.456078040771251,,1.03660512923927,88538665084.8634,12.4758291326398,Africa,0.33092886561951496,24.152542372881356,50.76923076923077
Angola,AGO,2009,554000000.0,366000.0,1.33651307818098,,0.645479784351919,70307196181.6539,13.7302839288408,Africa,0.7879705493711068,89.07849829351535,24.489795918367353
Angola,AGO,2010,726000000.0,425000.0,1.41103125777036,,0.776370722604321,83799474069.7315,14.4696564932577,Africa,0.8663538859395208,31.046931407942235,16.12021857923498
Angola,AGO,2011,653000000.0,481000.0,0.959693701971326,,0.735791047875332,111789747670.59,13.4824679218511,Africa,0.5841322783232235,-10.055096418732779,13.1764705882353
Angola,AGO,2012,711000000.0,528000.0,0.989241065215912,,0.628160033280797,128052915766.343,10.2779049218839,Africa,0.5552392116532163,8.88208269525268,9.771309771309777
Angola,AGO,2013,1241000000.0,650000.0,1.78401431973214,,0.639765830697099,132339109040.232,8.77781429332624,Africa,0.9377424474141862,74.54289732770745,23.106060606060595
Angola,AGO,2014,1597000000.0,595000.0,2.62443332071088,,0.943256700156265,135966802586.713,7.28038730361121,Africa,1.1745514122695584,28.686543110394847,-8.461538461538465
Angola,AGO,2015,1171000000.0,592000.0,3.40038336206843,,1.02452634658014,90496420506.5957,9.35597215533784,Africa,1.2939738317215026,-26.67501565435191,-0.5042016806722671
Angola,AGO,2016,628000000.0,397000.0,2.21909952571216,,3.20769786123003,52761617225.9253,30.6944150806719,Africa,1.1902591941238332,-46.37062339880445,-32.939189189189186
Angola,AGO,2017,884000000.0,261000.0,2.48328311495863,,4.30342893395539,73690154990.7312,29.8444799015679,Africa,1.1996175067228319,40.764331210191074,-34.25692695214105
Angola,AGO,2018,557000000.0,218000.0,1.3457717330498,,2.94352197094216,79450688259.3664,19.6289379701521,Africa,0.7010637820803719,-36.990950226244344,-16.475095785440608
Angola,AGO,2019,395000000.0,218000.0,1.12279248372064,,3.215343435747,70897962732.0277,17.080954143438,Africa,0.5571387170784828,-29.08438061041293,0.0
Angola,AGO,2020,19000000.0,218000.0,0.0904570431814326,,4.56235480401656,48501561203.5686,22.271539247051,Africa,0.03917399673023728,-95.18987341772151,0.0
Antigua and Barbuda,ATG,1999,803000000.0,560000.0,78.1672423491255,,9.6212776948938,835514814.814815,1.12128789571146,North America,96.10840954124534,,
Antigua and Barbuda,ATG,2000,803000000.0,634000.0,78.1672423491255,,9.6212776948938,900551851.851852,0.77177979690018,North America,89.16754747089232,0.0,13.214285714285712
Antigua and Barbuda,ATG,2001,803000000.0,624000.0,78.1672423491255,,9.6212776948938,877514814.814815,1.40279663573988,North America,91.50842657504988,0.0,-1.577287066246058
Antigua and Barbuda,ATG,2002,803000000.0,528000.0,78.1672423491255,,9.6212776948938,897988888.888889,2.40765801293491,North America,89.42204184659546,0.0,-15.384615384615385
Antigua and Barbuda,ATG,2003,803000000.0,623000.0,78.1672423491255,,9.6212776948938,947955555.555555,1.99353055152454,North America,84.7086126869521,0.0,17.992424242424242
Antigua and Barbuda,ATG,2004,803000000.0,769000.0,78.1672423491255,,9.6212776948938,1026181481.48148,2.03007757853236,North America,78.25126593014747,0.0,23.43499197431782
Antigua and Barbuda,ATG,2005,803000000.0,712000.0,78.1672423491255,,9.6212776948938,1143714814.81481,2.09875196709308,North America,70.20981013785517,0.0,-7.412223667100126
Antigua and Barbuda,ATG,2006,803000000.0,838000.0,78.1672423491255,,9.6212776948938,1303548148.14815,1.78778537419121,North America,61.601100131265575,0.0,17.69662921348314
Antigua and Barbuda,ATG,2007,803000000.0,935000.0,78.1672423491255,,9.6212776948938,1487300000.0,1.41605259409741,North America,53.990452497814836,0.0,11.575178997613357
Antigua and Barbuda,ATG,2008,803000000.0,863000.0,78.1672423491255,,9.6212776948938,1557540740.74074,5.33380639820233,North America,51.55563376262676,0.0,-7.700534759358291
Antigua and Barbuda,ATG,2009,803000000.0,944000.0,78.1672423491255,,9.6212776948938,1386444444.44444,-0.550159995508914,North America,57.9179355665974,0.0,9.385863267670924
Antigua and Barbuda,ATG,2010,803000000.0,788000.0,78.1672423491255,,9.6212776948938,1298255555.55556,3.37002540220148,North America,61.85222905950698,0.0,-16.52542372881356
Antigua and Barbuda,ATG,2011,803000000.0,848000.0,78.1672423491255,,9.6212776948938,1281337037.03704,3.4567496723461,North America,62.66891354805873,0.0,7.614213197969533
Antigua and Barbuda,ATG,2012,803000000.0,819000.0,78.1672423491255,,9.6212776948938,1327107407.40741,3.37688044338874,North America,60.50753658053287,0.0,-3.4198113207547176
Antigua and Barbuda,ATG,2013,803000000.0,777000.0,78.1672423491255,,9.6212776948938,1325425925.92593,1.05949782356169,North America,60.58429854833508,0.0,-5.128205128205132
Antigua and Barbuda,ATG,2014,803000000.0,771000.0,78.1672423491255,,9.6212776948938,1378829629.62963,1.08944157435355,North America,58.23779695071502,0.0,-0.7722007722007707
Antigua and Barbuda,ATG,2015,802000000.0,894000.0,78.9085535353572,,11.1320531540478,1437755555.55556,0.968993458825638,North America,55.781387656686945,-0.12453300124533051,15.95330739299612
Antigua and Barbuda,ATG,2016,844000000.0,874000.0,80.9140397819263,,10.9356956409107,1489692592.59259,-0.489437796230499,North America,56.65598420752986,5.2369077306733125,-2.2371364653243853
Antigua and Barbuda,ATG,2017,820000000.0,1040000.0,82.937700066433,,10.9191971279902,1531151851.85185,2.43248789041363,North America,53.55445307454332,-2.843601895734593,18.99313501144164
Antigua and Barbuda,ATG,2018,854000000.0,1064000.0,82.4367497389249,,9.79781328811019,1661529629.62963,1.20715793367008,North America,51.39842135649211,4.146341463414638,2.3076923076922995
Antigua and Barbuda,ATG,2019,992000000.0,1035000.0,83.0761482032014,,10.0723687307438,1725351851.85185,1.43135598182984,North America,57.49551889577012,16.159250585480088,-2.725563909774431
Antigua and Barbuda,ATG,2020,416000000.0,384500.0,70.0417524968159,,4.66469928109723,1410796296.2963,0.625989707046719,North America,29.48689340141494,-58.06451612903225,-62.85024154589372
Argentina,ARG,1999,3175000000.0,2898000.0,11.3403716663803,4436000.0,15.8890915730279,283523000000.0,,South America,1.1198386021592603,,
Argentina,ARG,2000,3195000000.0,2909000.0,10.228281046268,4436000.0,16.5110296556327,284203750000.0,,South America,1.1241934703535756,0.6299212598425141,0.3795721187025425
Argentina,ARG,2001,2756000000.0,2620000.0,8.8569652276865,4436000.0,17.713390820939,268696750000.0,,South America,1.0256916021500073,-13.740219092331774,-9.934685458920589
Argentina,ARG,2002,1716000000.0,2820000.0,5.90614190572889,4436000.0,20.5740026782193,97724004251.8602,,South America,1.7559657047795763,-37.735849056603776,7.6335877862595325
Argentina,ARG,2003,2306000000.0,2995000.0,6.71598126864478,4436000.0,16.0057592962379,127586973492.177,,South America,1.807394545761674,34.38228438228439,6.205673758865249
Argentina,ARG,2004,2660000000.0,3457000.0,6.69060360060115,4436000.0,11.5297638986128,164657930452.787,,South America,1.6154703224347353,15.351257588898527,15.425709515859776
Argentina,ARG,2005,3209000000.0,3823000.0,6.84335415200094,4481000.0,10.2135270895557,198737095012.282,,South America,1.6146960384027365,20.639097744360903,10.587214347700314
Argentina,ARG,2006,3926000000.0,4173000.0,7.19990264416667,4533000.0,9.80808614069035,232557260817.308,,South America,1.688186378787881,22.34340916173263,9.155113784985613
Argentina,ARG,2007,5030000000.0,4562000.0,7.60711607793083,4928000.0,9.48055476149587,287530508430.568,,South America,1.749379579737581,28.12022414671422,9.321830817157917
Argentina,ARG,2008,5273000000.0,4700000.0,6.46330713288746,5425000.0,8.77310158457467,361558037110.419,,South America,1.4584103957809786,4.8310139165010035,3.0249890398947876
Argentina,ARG,2009,4455000000.0,4308000.0,6.71585037667957,5793000.0,11.6901654929959,332976484577.619,,South America,1.3379323184492058,-15.512990707377206,-8.340425531914896
Argentina,ARG,2010,5605000000.0,6800000.0,6.90925985183367,6083000.0,9.37488699684106,423627422092.49,,South America,1.3230965956628435,25.81369248035914,57.84586815227484
Argentina,ARG,2011,6058000000.0,6703000.0,6.20590596025122,7676000.0,8.59777278845781,530158122010.442,,South America,1.142677957479388,8.082069580731499,-1.4264705882352957
Argentina,ARG,2012,5665000000.0,6497000.0,6.0054644491997,8295000.0,10.1526534471861,545982375701.128,,South America,1.0375792795005958,-6.4872895344998405,-3.073250783231385
Argentina,ARG,2013,5199000000.0,6510000.0,5.80192954889544,9844000.0,9.32539540339701,552025140252.246,,South America,0.9418049325841094,-8.225948808473083,0.2000923503155283
Argentina,ARG,2014,5645000000.0,7165000.0,6.89787414276744,10022000.0,9.68288399543666,526319673731.638,,South America,1.072542084542767,8.578572802462014,10.061443932411684
Argentina,ARG,2015,5441000000.0,6816000.0,7.77035222074166,13159000.0,12.2000260949546,594749285413.212,,South America,0.914839266468353,-3.6138175376439374,-4.8709002093510145
Argentina,ARG,2016,5466000000.0,6668000.0,7.65710936693155,18645000.0,16.2728419653326,557532320662.955,,South America,0.9803915929932896,0.45947436133064734,-2.171361502347413
Argentina,ARG,2017,5830000000.0,6711000.0,7.86052484120101,21583000.0,15.8771787647257,643628393281.364,,South America,0.9058021772901181,6.659348701061107,0.6448710257948465
Argentina,ARG,2018,5999000000.0,6942000.0,7.7764503654143,18411000.0,15.0699719483025,524819892360.176,,South America,1.14305880690265,2.898799313893652,3.4421099687080847
Argentina,ARG,2019,5654000000.0,7399000.0,7.07063914022033,15352000.0,14.78807039331,447754683615.225,,South America,1.2627450268859115,-5.750958493082181,6.583117257274562
Argentina,ARG,2020,1702000000.0,7399000.0,2.64132946574952,15352000.0,5.24618156983027,385740508436.965,,South America,0.4412292623599652,-69.89741775733992,0.0
Armenia,ARM,1999,47000000.0,41000.0,12.1823925006259,111000.0,5.64556729384852,1845482173.02732,0.648245760470385,Asia,2.5467599030177266,,
Armenia,ARM,2000,52000000.0,45000.0,11.4493489215292,111000.0,5.67979396910915,1911563668.85006,-0.790883768934757,Asia,2.7202860593851765,10.63829787234043,9.756097560975618
Armenia,ARM,2001,81000000.0,123000.0,14.4132125395192,110000.0,5.44660204856831,2118467913.37873,3.1459046468502,Asia,3.8235179059575017,55.769230769230774,173.33333333333334
Armenia,ARM,2002,81000000.0,162000.0,10.8351699376137,131000.0,7.04207833917003,2376335048.39976,1.06004929341667,Asia,3.4086102485651573,0.0,31.70731707317074
Armenia,ARM,2003,90000000.0,206000.0,9.1673838241613,169000.0,6.34124310864207,2807061008.69084,4.7215533660534,Asia,3.206200354084014,11.111111111111116,27.160493827160504
Armenia,ARM,2004,189000000.0,263000.0,16.9146934222979,221000.0,11.2904084589597,3576615240.41616,6.96126135875795,Asia,5.284325746428591,110.00000000000001,27.669902912621367
Armenia,ARM,2005,243000000.0,319000.0,16.6569781309192,269000.0,11.376606462776,4900469511.10191,0.638928002410097,Asia,4.958708536998111,28.57142857142858,21.292775665399244
Armenia,ARM,2006,406000000.0,382000.0,24.655270385469,329000.0,11.1858436806996,6384452066.5146,2.89235662459004,Asia,6.35919881252462,67.07818930041152,19.749216300940443
Armenia,ARM,2007,522000000.0,511000.0,26.5183312868915,468000.0,11.0959293120137,9206301269.79164,4.40736089644516,Asia,5.67002952328774,28.57142857142858,33.7696335078534
Armenia,ARM,2008,564000000.0,558000.0,29.0179002373582,516000.0,9.74144973987652,11662040713.8753,8.94995335353387,Asia,4.836203318420611,8.045977011494255,9.197651663405093
Armenia,ARM,2009,570000000.0,575000.0,36.5548516183226,526000.0,12.635066549415,8647937081.2562,3.40676682683801,Asia,6.591167288155174,1.0638297872340496,3.046594982078843
Armenia,ARM,2010,694000000.0,684000.0,31.3931551143139,563000.0,14.127771550521,9260285755.62424,8.17636138473952,Asia,7.494369162188096,21.75438596491228,18.956521739130427
Armenia,ARM,2011,762000000.0,758000.0,27.7878881740558,715000.0,15.3726279358666,10142111824.5835,7.65000807859294,Asia,7.513228143994484,9.798270893371752,10.818713450292394
Armenia,ARM,2012,853000000.0,963000.0,29.2386499751569,965000.0,17.032460443743,10619320682.9474,2.55802007757907,Asia,8.032528873242853,11.942257217847763,27.044854881266488
Armenia,ARM,2013,905000000.0,1084000.0,28.6822831302615,1083000.0,18.3858618095078,11121464437.0415,5.78966778544651,Asia,8.13741755973951,6.096131301289565,12.564901349948077
Armenia,ARM,2014,994000000.0,1204000.0,29.9546872762266,1198000.0,20.0646823330097,11609513246.7958,2.98130868933672,Asia,8.561943803064628,9.834254143646405,11.070110701107016
Armenia,ARM,2015,956000000.0,1192000.0,30.4681876250111,1187000.0,23.918389871403,10553337518.414,3.73169119261693,Asia,9.058745617980309,-3.82293762575453,-0.9966777408637828
Armenia,ARM,2016,1037000000.0,1260000.0,29.0923324403997,1263000.0,23.107765592608,10546136235.5219,-1.403607559009,Asia,9.832985055769875,8.472803347280333,5.7046979865771785
Armenia,ARM,2017,1224000000.0,1495000.0,27.7525101092655,1482000.0,21.542413329103,11527458709.0158,0.969553268816138,Asia,10.618125216468492,18.032786885245898,18.650793650793652
Armenia,ARM,2018,1358000000.0,1652000.0,27.5622585097933,1623000.0,19.9857190359168,12457940694.7395,2.52023382001638,Asia,10.900677995468627,10.947712418300659,10.501672240802673
Armenia,ARM,2019,1553000000.0,1894000.0,26.6848788454114,1868000.0,20.2044996581523,13619290539.2116,1.44344660770698,Asia,11.402943461179007,14.359351988217961,14.648910411622285
Armenia,ARM,2020,303000000.0,375000.0,7.85562441388364,346000.0,6.45190387068973,12641698583.2152,1.21143577838465,Asia,2.396829808949116,-80.48937540244687,-80.20063357972545
Aruba,ABW,1999,782000000.0,972000.0,62.542949184803,,9.49538738257672,1722905027.93296,2.28037198258753,North America,45.38845654993517,,
Aruba,ABW,2000,850000000.0,1211000.0,46.8159608118255,,10.8244974883694,1873452513.96648,4.04402131190513,North America,45.370779011653575,8.695652173913038,24.588477366255134
Aruba,ABW,2001,825000000.0,1178000.0,40.8778743228543,,9.82523301677999,1896456983.24022,2.88360430316264,North America,43.50217312023781,-2.941176470588236,-2.725020644095788
Aruba,ABW,2002,835000000.0,1225000.0,57.6346150879952,,10.8413413290045,1961843575.41899,3.31524678585423,North America,42.56200700515429,1.21212121212122,3.989813242784379
Aruba,ABW,2003,858099975.585938,1184000.0,48.5861901346822,,11.8959884930874,2044111731.84358,3.65636507938418,North America,41.979113089479675,2.766464142028502,-3.3469387755102
Aruba,ABW,2004,1057000000.0,1304000.0,22.5474119747263,,5.85682753416109,2254830726.25698,2.52912946932762,North America,46.87713306775008,23.179120157677048,10.135135135135132
Aruba,ABW,2005,1097000000.0,1286000.0,19.1648620308122,,4.99210619976997,2360017318.43575,3.39778677828806,North America,46.482709742448236,3.7842951750236553,-1.3803680981595123
Aruba,ABW,2006,1064099975.58594,1285000.0,17.6577101160954,,4.39818480925157,2469782681.56425,3.60802438784541,North America,43.08476140548474,-2.999090648501368,-0.07776049766718973
Aruba,ABW,2007,1213400024.41406,1254000.0,18.1705976065285,,4.56740537730946,2677641340.78212,5.39256784475517,North America,45.31600277950722,14.030641128988751,-2.412451361867707
Aruba,ABW,2008,1352000000.0,1383000.0,19.1510508989618,,3.99301255607588,2843024581.00559,8.95598705177784,North America,47.55498805859047,11.422447074110508,10.287081339712923
Aruba,ABW,2009,1223000000.0,1420000.0,35.0418580826917,,8.39226411408479,2553793296.08939,-2.13542872046937,North America,47.88954540184491,-9.541420118343192,2.6753434562545086
Aruba,ABW,2010,1254000000.0,1394000.0,68.7260034904014,,12.5869547646631,2453597206.70391,2.07814071860787,North America,51.10863333939749,2.534750613246106,-1.8309859154929553
Aruba,ABW,2011,1358000000.0,1469000.0,19.7926946439331,,4.24549195907641,2637859217.87709,4.31629742195203,North America,51.48114011531284,8.293460925039863,5.3802008608321295
Aruba,ABW,2012,1412000000.0,1481000.0,44.8110916086024,,10.2460963358125,2615208379.88827,0.627471992893373,North America,53.99187349117951,3.97643593519883,0.8168822328114445
Aruba,ABW,2013,1506000000.0,1667000.0,69.7663763153056,,15.1239530078159,2727849720.67039,-2.37206524252261,North America,55.20831989343933,6.657223796033995,12.559081701552998
Aruba,ABW,2014,1625000000.0,1739000.0,70.7107411669122,,15.4956752115107,2790849720.67039,0.421440918881214,North America,58.22599432583058,7.901726427622835,4.319136172765448
Aruba,ABW,2015,1659000000.0,1832000.0,67.9234396063441,,16.7305976208938,2962907262.56983,0.474763597342641,North America,55.99230259272756,2.092307692307682,5.3479010925819415
Aruba,ABW,2016,1757000000.0,1758000.0,74.9428170432698,,15.863355718011,2983635195.53073,-0.931195987079561,North America,58.887896302867695,5.907172995780585,-4.039301310043664
Aruba,ABW,2017,1855000000.0,1863000.0,80.454125022755,,17.1236751303567,3092429050.27933,-1.02828178762012,North America,59.98520806265364,5.5776892430278835,5.972696245733777
Aruba,ABW,2018,2035000000.0,1897000.0,79.5928693683858,,17.359781081118,3276184357.5419,3.62604141352961,North America,62.11494158792844,9.703504043126676,1.8250134192163259
Aruba,ABW,2019,2109000000.0,1951000.0,82.3284075874021,,17.8122814334042,3395798882.68156,4.25746204335428,North America,62.10615153788454,3.6363636363636376,2.8465998945703674
Aruba,ABW,2020,1077000000.0,1951000.0,74.5867774293884,,18.8513550991843,2481857122.8401,4.25746204335428,North America,43.39492350661753,-48.93314366998578,0.0
Australia,AUS,1999,11408000000.0,4459000.0,15.2472278149506,3210000.0,10.3624643864898,389652212056.649,1.48312940304041,Oceania,2.927739057295911,,
Australia,AUS,2000,11594000000.0,4931000.0,13.8041313058601,3498000.0,10.2698524856961,416167815092.908,4.45743514797224,Oceania,2.7858953959262034,1.6304347826086918,10.585333034312615
Australia,AUS,2001,11333000000.0,4856000.0,13.8926188612151,3443000.0,10.2972303701868,379629301675.108,4.40713536201469,Oceania,2.9852806277053237,-2.2511643953769145,-1.520989657270333
Australia,AUS,2002,12148000000.0,4841000.0,14.3767259914384,3461000.0,9.68426375613983,395788696012.059,2.98157453936348,Oceania,3.069314541421332,7.191387981999475,-0.3088962108731441
Australia,AUS,2003,14981000000.0,4746000.0,15.9222264911667,3388000.0,9.61612265394953,467739079790.332,2.73259596616786,Oceania,3.202854037065998,23.320711228185708,-1.9624044618880343
Australia,AUS,2004,18032000000.0,5215000.0,15.6933971554237,4369000.0,10.9642344576309,614659980082.515,2.34325522482583,Oceania,2.933654473092472,20.365796675789326,9.882005899705003
Australia,AUS,2005,19719000000.0,5499000.0,14.3464235453512,4756000.0,10.6086965040116,695692898676.56,2.69183168316832,Oceania,2.83444031662708,9.355590062111796,5.445829338446795
Australia,AUS,2006,20408000000.0,5532000.0,12.7421767563573,4941000.0,10.0016895535604,748417562769.636,3.55528773727026,Oceania,2.7268200287119146,3.4940919924945524,0.6001091107474155
Australia,AUS,2007,25024000000.0,5644000.0,13.417906599768,5462000.0,10.5321704458337,855007458585.224,2.32761128891476,Oceania,2.926758094181666,22.618580948647594,2.024584237165583
Australia,AUS,2008,27189000000.0,5586000.0,11.4237554459534,5808000.0,10.2058140150842,1056112427190.38,4.35029854990048,Oceania,2.574441820775846,8.651694373401542,-1.0276399716513063
Australia,AUS,2009,26909000000.0,5490000.0,13.4685129534238,6276000.0,10.8782446869871,928762122698.05,1.77111716621254,Oceania,2.8972973102983,-1.0298282393615077,-1.7185821697099923
Australia,AUS,2010,31064000000.0,5790000.0,11.6658934570685,7103000.0,10.7069186802486,1148838233480.72,2.91834002677376,Oceania,2.7039490064569933,15.440930543684273,5.464480874316946
Australia,AUS,2011,34315000000.0,5771000.0,10.3847080763534,7788000.0,10.710540625767,1398610616772.97,3.3038501560874,Oceania,2.4535063289577614,10.465490600051508,-0.3281519861830784
Australia,AUS,2012,34137000000.0,6032000.0,10.7510340819278,8212000.0,10.3203311212964,1547532281116.4,1.76278015613196,Oceania,2.205899057263823,-0.5187235902666454,4.522613065326642
Australia,AUS,2013,32889000000.0,6482000.0,10.5119937485361,9052000.0,10.9297635770262,1577123329410.88,2.4498886414254,Oceania,2.0853790814371753,-3.655857280956143,7.460212201591521
Australia,AUS,2014,35736000000.0,6922000.0,11.8870942729497,9480000.0,11.5412164782198,1468265356427.76,2.48792270531404,Oceania,2.433892473424864,8.6563896743592,6.788028386300526
Australia,AUS,2015,36249000000.0,7449000.0,14.8839960783164,9810000.0,12.5636036196177,1351296372254.31,1.50836672165921,Oceania,2.682535137686142,1.4355271994627161,7.613406529904654
Australia,AUS,2016,39059000000.0,8269000.0,15.5768529022338,10390000.0,13.6565875190613,1206836962281.84,1.27699094497324,Oceania,3.2364769410234815,7.751937984496116,11.00818901866023
Australia,AUS,2017,43975000000.0,8815000.0,14.8312093742564,10932000.0,13.7080169028113,1325582658156.54,1.94864740944527,Oceania,3.317409120390509,12.586087713459126,6.602974966743247
Australia,AUS,2018,47327000000.0,9246000.0,14.4656698918506,11403000.0,13.6246946631098,1427809041019.44,1.91140094445691,Oceania,3.3146589382995537,7.6225127913587265,4.889393079977311
Australia,AUS,2019,47953000000.0,9466000.0,14.013694331623,11624000.0,13.9812676329676,1392723834562.64,1.61076787290379,Oceania,3.443109022045191,1.3227121938850894,2.3794073112697323
Australia,AUS,2020,26234000000.0,1828000.0,8.71868118925126,2832000.0,3.0390395790341,1328414058378.38,0.846905537459305,Oceania,1.9748360712189648,-45.2922653431485,-80.68878090006338
Austria,AUT,1999,12358000000.0,17467000.0,11.6184902947672,7528000.0,7.43995447611491,216421809125.916,0.568993765885568,Europe,5.710145409980385,,
Austria,AUT,2000,11382000000.0,17982000.0,11.6184902947672,7528000.0,7.43995447611491,196181599831.287,2.34486285357282,Europe,5.801767347084709,-7.897718077358795,2.9484170149424616
Austria,AUT,2001,11511000000.0,18180000.0,11.6184902947672,8350000.0,7.43995447611491,196477206829.33,2.65000077279528,Europe,5.858694851051621,1.1333684765419072,1.1011011011011096
Austria,AUT,2002,12334000000.0,18611000.0,11.6184902947672,8266000.0,7.43995447611491,212837224022.813,1.81035787764127,Europe,5.795038934861309,7.149682911997224,2.370737073707363
Austria,AUT,2003,15128000000.0,19078000.0,11.6184902947672,8384000.0,7.43995447611491,260779834340.097,1.35555370896452,Europe,5.801062048482922,22.65282957677963,2.509268712052015
Austria,AUT,2004,17251000000.0,19374000.0,11.6184902947672,8371000.0,7.43995447611491,299210411454.823,2.06120618032862,Europe,5.765507930062348,14.033580116340572,1.5515253171191956
Austria,AUT,2005,18471000000.0,19952000.0,11.6184902947672,8206000.0,7.43995447611491,313952317330.776,2.29913785639285,Europe,5.8833775004562865,7.072053793982946,2.983379787343865
Austria,AUT,2006,18666100000.0,20269000.0,11.46622411690552,10042000.0,7.29667893038554,333905979332.481,1.4415485111902,Europe,5.590226337760055,1.0562503383682476,1.5888131515637616
Austria,AUT,2007,18861200000.0,20773000.0,11.31395793904384,9876000.0,7.15340338465617,386760177589.497,2.16855528800749,Europe,4.876717173301919,1.0452103010269997,2.486555824164971
Austria,AUT,2008,19056300000.0,21935000.0,11.16169176118216,9677000.0,7.010127838926801,429234399096.173,3.21595033239886,Europe,4.439602240669975,1.0343986596823118,5.59379964376836
Austria,AUT,2009,19251400000.0,21355000.0,11.00942558332048,10121000.0,6.8668522931974305,399290118782.429,0.506308827696515,Europe,4.821406564906751,1.0238083993220126,-2.64417597447002
Austria,AUT,2010,19446500000.0,22004000.0,10.8571594054588,9882000.0,6.72357674746806,389827789217.634,1.81353438995062,Europe,4.988484797101872,1.0134327893036366,3.0391009131351066
Austria,AUT,2011,19641600000.0,23012000.0,10.70489322759712,9874000.0,6.58030120173869,428954737064.057,3.2865791487538,Europe,4.578944653796157,1.0032653690895454,4.58098527540447
Austria,AUT,2012,19836700000.0,24151000.0,10.55262704973544,10960000.0,6.43702565600932,406750487603.59,2.48567562177015,Europe,4.876871842703826,0.9932999348321925,4.949591517469143
Austria,AUT,2013,20031800000.0,24813000.0,10.40036087187376,10671000.0,6.29375011027995,426580502769.417,2.00015616900597,Europe,4.695901446491555,0.9835305267509309,2.7410873255765855
Austria,AUT,2014,20226900000.0,25291000.0,10.24809469401208,10994000.0,6.1504745645505805,438556021078.034,1.60581182954474,Europe,4.612158772847163,0.973951417246588,1.9264095433845219
Austria,AUT,2015,20422000000.0,26728000.0,10.0958285161504,10628000.0,6.00719901882121,379546097300.633,0.89656333526032,Europe,5.380637594548634,0.9645570997038666,5.681863113360475
Austria,AUT,2016,20965000000.0,28121000.0,10.133169967177,11534000.0,6.03972452675249,393687359770.273,0.891591752655362,Europe,5.325291625373401,2.658897267652538,5.211762945225984
Austria,AUT,2017,22424000000.0,29460000.0,9.95494757378325,11491000.0,6.04322611224346,414926138132.691,2.08126911385587,Europe,5.404335359762015,6.959217743858814,4.761566089399372
Austria,AUT,2018,25413000000.0,30816000.0,10.0859157962054,11043000.0,5.91314424857211,452582294972.775,1.9983798142954,Europe,5.615111391294861,13.329468426685697,4.602851323828916
Austria,AUT,2019,25924000000.0,31884000.0,10.476816712474,11902000.0,6.00243423524769,442983642371.842,1.53089564152644,Europe,5.852134824030208,2.010781883288071,3.4657320872274244
Austria,AUT,2020,15362000000.0,15091000.0,6.85054108492958,3964000.0,2.641236872473,434397601557.696,1.38191063351862,Europe,3.5363915327602573,-40.742169418299646,-52.669050307364195
Azerbaijan,AZE,1999,93000000.0,602000.0,7.25417134352713,1204000.0,7.76645184695607,4581248566.50158,-8.52517000536064,Asia,2.0300142777674783,,
Azerbaijan,AZE,2000,68000000.0,681000.0,3.21041988987316,1326000.0,6.8198193835081,5272615722.96892,1.80500303704356,Asia,1.2896824569212177,-26.881720430107524,13.122923588039859
Azerbaijan,AZE,2001,57000000.0,767000.0,2.40632026349629,1130000.0,5.58704069478372,5707616203.72011,1.5471959015228,Asia,0.9986656068929187,-16.176470588235293,12.628487518355369
Azerbaijan,AZE,2002,63000000.0,834000.0,2.3727535579063,1141000.0,3.53790804140768,6236087738.28284,2.7711647199827,Asia,1.0102487752577323,10.526315789473696,8.735332464146017
Azerbaijan,AZE,2003,70000000.0,1038000.0,2.30394422085214,1475000.0,2.52565220758841,7276413079.11451,2.2338649296705,Asia,0.9620124536486393,11.111111111111116,24.460431654676263
Azerbaijan,AZE,2004,79000000.0,1279000.0,1.91595505508977,1473000.0,2.2579268554272,8680405740.94125,6.70893042797784,Asia,0.9100957070174202,12.857142857142856,23.21772639691715
Azerbaijan,AZE,2005,100000000.0,1177000.0,1.22857307134914,1830000.0,2.76046653646466,13245421880.834,9.67950731917057,Asia,0.7549778398882036,26.582278481012665,-7.974980453479286
Azerbaijan,AZE,2006,201000000.0,1194000.0,1.4656149238974,1836000.0,3.24360129956913,20981929497.6188,8.3289248286321,Asia,0.9579671880167698,100.99999999999997,1.4443500424808908
Azerbaijan,AZE,2007,317000000.0,1333000.0,1.41801358573319,1631000.0,4.1135988126923,33049419431.2244,16.6997549618244,Asia,0.9591696479258122,57.711442786069654,11.641541038525972
Azerbaijan,AZE,2008,382000000.0,1899000.0,1.19790046306379,2162000.0,4.06390925076753,48851293785.4483,20.8490871772712,Asia,0.7819649601865594,20.504731861198742,42.46061515378845
Azerbaijan,AZE,2009,545000000.0,1830000.0,2.3946291762937,2363000.0,4.98624440260858,44292427184.9492,1.45704835970321,Asia,1.2304586464053473,42.67015706806283,-3.63349131121643
Azerbaijan,AZE,2010,792000000.0,1963000.0,2.80505157204192,3176000.0,8.3623214116849,52909294791.9262,5.72687224669605,Asia,1.4969014482515024,45.3211009174312,7.267759562841536
Azerbaijan,AZE,2011,1500000000.0,2239000.0,4.04980165286445,3550000.0,11.3194968082584,65952796427.9473,7.8583333333334,Asia,2.2743539034599287,89.3939393939394,14.06011207335711
Azerbaijan,AZE,2012,2634000000.0,2484000.0,7.17987469673957,3874000.0,15.0462232973376,69679944504.1972,1.06621339720303,Asia,3.780140783323012,75.6,10.94238499330058
Azerbaijan,AZE,2013,2618000000.0,2509000.0,7.2900283188919,4285000.0,15.5544268221932,74160560123.6902,2.41571745279419,Asia,3.5301782991303132,-0.6074411541381886,1.0064412238325326
Azerbaijan,AZE,2014,2713000000.0,2298000.0,8.33312369983075,4244000.0,16.0405933001135,75239785452.1022,1.37344181533176,Asia,3.6058050720082147,3.6287242169595,-8.409724990035873
Azerbaijan,AZE,2015,2535000000.0,2006000.0,12.6559919656668,4096000.0,14.8700456672493,53076235354.746,4.02768573742726,Asia,4.776148841485842,-6.56100258016955,-12.706701479547434
Azerbaijan,AZE,2016,2855000000.0,2249000.0,16.241153193554,4282000.0,15.6894958613433,37866996882.9157,12.4433748584372,Asia,7.539546927440869,12.623274161735697,12.1136590229312
Azerbaijan,AZE,2017,3214000000.0,2697000.0,16.1991901614566,4109000.0,16.386956193334,40866627351.9817,12.9359184187335,Asia,7.864607892200204,12.574430823117332,19.91996442863495
Azerbaijan,AZE,2018,2830000000.0,2850000.0,11.1018339663989,4908000.0,13.7901136634374,47112470051.7701,2.26854690373999,Asia,6.00690219997003,-11.947728686994397,5.672969966629582
Azerbaijan,AZE,2019,2004099975.58594,3170000.0,8.47878217179779,5568000.0,10.2789689798596,48174235294.1176,2.61057182799215,Asia,4.160107500099029,-29.18374644572651,11.228070175438587
Azerbaijan,AZE,2020,340000000.0,796000.0,2.23476091933944,1165000.0,2.80834996567443,42693000000.0,2.75980947008127,Asia,0.79638348206966,-83.0347784969862,-74.88958990536277
"Bahamas, The",BHS,1999,1598000000.0,3648000.0,72.3928603787261,,11.8737551708289,7683870000.0,1.2542482602363,North America,20.796812023108146,,
"Bahamas, The",BHS,2000,1753000000.0,4204000.0,71.9026094945899,,11.5661497351086,8076470000.0,1.60632941740579,North America,21.70502707247102,9.699624530663332,15.241228070175428
"Bahamas, The",BHS,2001,1665000000.0,4183000.0,74.9561067843155,,12.3136746597537,8317830000.0,2.04498977505121,North America,20.017240073432614,-5.019965772960644,-0.49952426260704286
"Bahamas, The",BHS,2002,1773000000.0,4406000.0,71.3808617842439,,12.223426447082,8881160000.0,2.17357792508093,North America,19.963608357466818,6.486486486486487,5.331102079846994
"Bahamas, The",BHS,2003,1770000000.0,4594000.0,71.3367376138063,,14.1705659106693,8870090000.0,3.02504526252236,North America,19.954701699757273,-0.16920473773265332,4.266908760780752
"Bahamas, The",BHS,2004,1897000000.0,5004000.0,69.7031827568215,,14.9452538462519,9055290000.0,0.981914036757662,North America,20.949080592670143,7.175141242937855,8.924684370918579
"Bahamas, The",BHS,2005,2081000000.0,4779000.0,68.0057228735344,,14.4111052383098,9836200000.0,1.59160618079802,North America,21.156544193896018,9.69952556668423,-4.496402877697847
"Bahamas, The",BHS,2006,2066000000.0,4731000.0,65.8041419025232,,12.3590192284408,10167250000.0,2.38982627439254,North America,20.320145565418375,-0.7208073041806817,-1.0043942247332072
"Bahamas, The",BHS,2007,2198000000.0,4601000.0,64.6239816329506,,11.8593310589315,10618340000.0,2.49257794939396,North America,20.70003409195788,6.389157792836397,-2.7478334390192316
"Bahamas, The",BHS,2008,2155000000.0,4394000.0,61.7523353442159,,9.99577792458198,10526000000.0,4.4895599537506,North America,20.473114193425804,-1.9563239308462266,-4.499021951749615
"Bahamas, The",BHS,2009,2025000000.0,4645000.0,66.1432476563242,,10.3433787370145,9981960000.0,2.06273473452682,North America,20.286597021025933,-6.032482598607891,5.712335002275837
"Bahamas, The",BHS,2010,2159000000.0,5255000.0,67.5530223954383,,9.78106063276836,10095760000.0,1.34402738392836,North America,21.385215179441666,6.617283950617292,13.132400430570513
"Bahamas, The",BHS,2011,2157000000.0,5588000.0,64.830318588268,,8.14922618752661,10070450000.0,3.1987814166032,North America,21.41910242342696,-0.09263547938860306,6.336822074215043
"Bahamas, The",BHS,2012,2333000000.0,5940000.0,63.4761774966965,,7.79992224452512,10720400000.0,1.97336755976254,North America,21.762247677325472,8.159480760315251,6.299212598425208
"Bahamas, The",BHS,2013,2305000000.0,6151000.0,63.5659709984739,,7.55077163880112,10395800000.0,0.722414784530551,North America,22.1724157832971,-1.2001714530647245,3.552188552188551
"Bahamas, The",BHS,2014,2336000000.0,6320000.0,65.6410997354632,,6.46679718493207,10974100000.0,1.51375643050831,North America,21.286483629637054,1.3449023861171305,2.747520728336861
"Bahamas, The",BHS,2015,2554000000.0,6112000.0,74.7650126305565,,8.19963855548934,11671900000.0,1.86148302863371,North America,21.881613104978623,9.332191780821919,-3.2911392405063244
"Bahamas, The",BHS,2016,3091000000.0,6265000.0,79.6401910996496,,9.84966144163229,11745100000.0,-0.346376929989397,North America,26.31735787690186,21.025841816758017,2.503272251308908
"Bahamas, The",BHS,2017,2951000000.0,6136000.0,78.4280042032136,,11.2568075863374,12236700000.0,1.51820700736147,North America,24.11597898126129,-4.529278550630867,-2.0590582601755836
"Bahamas, The",BHS,2018,3756000000.0,6622000.0,79.0423234348995,,10.1440426851153,12615800000.0,2.26586346678736,North America,29.772190427876154,27.27888851236868,7.92046936114732
"Bahamas, The",BHS,2019,4150000000.0,7250000.0,80.3665977076924,,10.6206782368945,13016200000.0,2.49123527368046,North America,31.883345369616322,10.489882854100108,9.483539716097855
"Bahamas, The",BHS,2020,1007000000.0,1794500.0,59.6415016945382,,4.86689191542631,9958200000.0,0.0385210980054558,North America,10.112269285613866,-75.73493975903615,-75.24827586206897
Bahrain,BHR,1999,785000000.0,3280000.0,15.033403511688,4741000.0,9.47527792358457,7528469148.93617,-1.2875879718491,Asia,10.427086629038342,,
Bahrain,BHR,2000,854000000.0,3869000.0,11.900577156641,4741000.0,8.28128745413712,9062898936.17021,-0.70485295309079,Asia,9.42303346881282,8.789808917197451,17.957317073170742
Bahrain,BHR,2001,886000000.0,4388000.0,13.411281424862,4741000.0,8.82200501629785,8976196808.51064,-1.20757180156659,Asia,9.870550065924947,3.74707259953162,13.414318945463943
Bahrain,BHR,2002,985000000.0,4831000.0,14.1603529616553,4741000.0,9.77972623217007,9593510638.29787,-0.495540138751154,Asia,10.26735714523337,11.173814898419865,10.095715587967181
Bahrain,BHR,2003,1206000000.0,4844000.0,15.1115281177845,4741000.0,7.92901236562807,11074813829.7872,1.59362549800787,Asia,10.889573572390903,22.43654822335026,0.2690954253777633
Bahrain,BHR,2004,1504000000.0,5667000.0,14.5500581370335,4741000.0,6.46232758711945,13150159574.4681,2.35294117647062,Asia,11.437123568599997,24.709784411276956,16.990090834021476
Bahrain,BHR,2005,1603000000.0,6313000.0,11.96543166416,4741000.0,5.5798753845756,15968723404.2553,2.58620689655173,Asia,10.038372883162577,6.582446808510634,11.39932945120876
Bahrain,BHR,2006,1786000000.0,7289000.0,11.4031998429903,4741000.0,5.52813952418204,18504760638.2979,2.00746965452849,Asia,9.651570398071787,11.416094822208356,15.460161571360675
Bahrain,BHR,2007,1854000000.0,7833000.0,10.70787379804,4741000.0,5.3142917324908,21730000000.0,3.25666666666703,Asia,8.531983433041876,3.807390817469214,7.4633008643161025
Bahrain,BHR,2008,1927000000.0,8631000.0,9.07618689715646,4741000.0,4.32529943299728,25710904255.3191,3.52600316363721,Asia,7.49487447374139,3.937432578209288,10.187667560321723
Bahrain,BHR,2009,1873000000.0,8861000.0,11.9262997459779,4741000.0,5.2580637605116,22938218085.1064,2.79551283550412,Asia,8.165411947217137,-2.802283341982359,2.66481288379099
Bahrain,BHR,2010,2163000000.0,11952000.0,12.0970995091477,4741000.0,5.22317675013707,26805984042.5532,1.96188468334623,Asia,8.069093813405031,15.48318206086492,34.8831960275364
Bahrain,BHR,2011,1766000000.0,6732000.0,7.69632694692675,4741000.0,6.47493535102002,29914680851.0638,-0.40004069748808,Asia,5.903455927851555,-18.354137771613498,-43.674698795180724
Bahrain,BHR,2012,1752000000.0,8062000.0,5.57801148198953,4741000.0,3.78652509373354,31963404255.3191,2.75739669962979,Asia,5.481268471922686,-0.7927519818799578,19.75638740344623
Bahrain,BHR,2013,1875000000.0,9163000.0,5.49806203061758,4741000.0,3.53318438691024,33823324468.0851,3.30001156888442,Asia,5.543511850141184,7.02054794520548,13.656660878193993
Bahrain,BHR,2014,1913000000.0,10452000.0,5.96523469895505,4741000.0,2.8551049847732,34772526595.7447,2.64755321246189,Asia,5.501469658043497,2.0266666666666655,14.06744515988214
Bahrain,BHR,2015,2827000000.0,9670000.0,11.0201855787673,4741000.0,22.1461332061296,32523297872.3404,1.84862742374977,Asia,8.692230446913676,47.778358599059075,-7.481821660926135
Bahrain,BHR,2016,4021000000.0,10158000.0,16.9076167790564,3293000.0,15.4921996191245,33884680851.0638,2.78679347602044,Asia,11.866719411269774,42.2355854262469,5.046535677352626
Bahrain,BHR,2017,4380000000.0,11374000.0,16.3875179111606,3136000.0,13.31262603193,37204813829.7872,1.38671830576406,Asia,11.772670117470796,8.928127331509582,11.970860405591655
Bahrain,BHR,2018,3834000000.0,12045000.0,12.7974717255828,2868000.0,9.32393341396024,39567978723.4043,2.08766938046978,Asia,9.689653410908768,-12.465753424657533,5.899419729206956
Bahrain,BHR,2019,3860000000.0,11061000.0,12.8410528644105,2950000.0,10.2593201924569,40446808510.6383,1.00582004702137,Asia,9.543398211467649,0.6781429316640608,-8.169364881693653
Bahrain,BHR,2020,724000000.0,1909000.0,2.8192796039686,2950000.0,10.2593201924569,35837632978.7234,-2.31770629331379,Asia,2.0202227095462324,-81.24352331606217,-82.74116264352229
Bangladesh,BGD,1999,59000000.0,173000.0,0.856932865076745,1103000.0,4.19827606823103,51270569883.5275,6.10669589841958,Asia,0.11507576399878454,,
Bangladesh,BGD,2000,59000000.0,199000.0,0.856932865076745,1128000.0,4.86915582764507,53369787318.6245,2.20825620937535,Asia,0.11054943810767394,0.0,15.02890173410405
Bangladesh,BGD,2001,59000000.0,207000.0,0.856932865076745,1075000.0,3.53187951400228,53991289844.3291,2.0071737421384,Asia,0.10927688553118904,0.0,4.020100502512558
Bangladesh,BGD,2002,59000000.0,207000.0,0.856932865076745,1158000.0,3.38820855177519,54724081490.5102,3.33256493271913,Asia,0.1078135957571646,0.0,0.0
Bangladesh,BGD,2003,59000000.0,245000.0,0.744172998256424,1414000.0,3.51402789132101,60158929188.2556,5.66870773441476,Asia,0.09807355416079803,0.0,18.357487922705307
Bangladesh,BGD,2004,76000000.0,271000.0,0.833568741419301,1565000.0,3.40725879698207,65108544250.0425,7.5875363850469,Asia,0.11672815123638766,28.81355932203389,10.612244897959178
Bangladesh,BGD,2005,82000000.0,208000.0,0.777142605494865,1767000.0,2.52239668635981,69476001239.419,7.04661816222039,Asia,0.11802636671247449,7.8947368421052655,-23.24723247232472
Bangladesh,BGD,2006,80750000.0,200000.0,0.695777032585506,1819000.0,2.8658536856337,71795736172.1561,6.76526117054757,Asia,0.11247186017617095,-1.5243902439024404,-3.8461538461538436
Bangladesh,BGD,2007,79500000.0,289000.0,0.614411459676147,2327000.0,2.71054391970888,79611644974.5571,9.10698496905383,Asia,0.09985976301005615,-1.5479876160990669,44.50000000000001
Bangladesh,BGD,2008,78250000.0,467000.0,0.533045886766788,875000.0,2.920408020939,91636997370.9772,8.90194489465154,Asia,0.08539127453425589,-1.5723270440251569,61.591695501730115
Bangladesh,BGD,2009,77000000.0,267000.0,0.451680313857429,2254000.0,2.8215096679514,102475158190.998,5.42347236174679,Asia,0.07514016212249587,-1.5974440894568676,-42.82655246252677
Bangladesh,BGD,2010,103000000.0,139000.0,0.475652503421882,1913000.0,2.83331213125474,115275540051.262,8.12667639169917,Asia,0.0893511320391098,33.76623376623375,-47.94007490636704
Bangladesh,BGD,2011,97000000.0,157000.0,0.359391213996615,2127000.0,2.16219849367654,128607482310.357,11.3951651552399,Asia,0.07542329439738081,-5.825242718446599,12.949640287769792
Bangladesh,BGD,2012,105000000.0,160000.0,0.380558123033202,2273000.0,2.35503215284381,133310747603.483,6.21750422069284,Asia,0.07876334195672659,8.247422680412363,1.9108280254777066
Bangladesh,BGD,2013,131000000.0,104000.0,0.414095692456031,1460000.0,3.14662114582846,149998957434.186,7.53040640913172,Asia,0.08733394034253734,24.761904761904763,-35.0
Bangladesh,BGD,2014,154000000.0,134000.0,0.465858683713146,1460000.0,1.73098368046025,172886611653.786,6.99163889220849,Asia,0.0890757234044199,17.557251908396942,28.846153846153854
Bangladesh,BGD,2015,150300003.051758,126000.0,0.429806120691127,1460000.0,1.81456130186139,195146608978.131,6.19428022984984,Asia,0.0770190185926322,-2.402595420936371,-5.970149253731338
Bangladesh,BGD,2016,214300003.051758,182000.0,0.568998349622867,1460000.0,1.7501253552406,265224515675.034,5.51352572692995,Asia,0.08079947002875436,42.581502794754215,44.44444444444444
Bangladesh,BGD,2017,348000000.0,237000.0,0.888425160359535,1460000.0,1.98538101281744,293732446624.596,5.70207015717239,Asia,0.11847516472865544,62.38917174254573,30.219780219780223
Bangladesh,BGD,2018,357000000.0,267000.0,0.809009437610101,1460000.0,1.84035397743223,321362752441.78,5.54362139486476,Asia,0.1110894144661884,2.586206896551735,12.658227848101266
Bangladesh,BGD,2019,391000000.0,323000.0,0.869641802916597,1460000.0,2.16241811992912,351231654603.692,5.59199639930629,Asia,0.1113225402309425,9.523809523809534,20.97378277153559
Bangladesh,BGD,2020,217899993.896484,323000.0,0.566327447584205,1460000.0,1.16069439507612,373979442362.193,5.69107474746211,Asia,0.05826523311552815,-44.271101305247065,0.0
Barbados,BRB,1999,734000000.0,947000.0,58.1080347116836,,9.75938655075125,2951822204.54432,1.56006240249605,North America,24.865996294424832,,
Barbados,BRB,2000,795000000.0,1078000.0,56.683536765065,,9.68029294560991,3059500000.0,2.43581303489137,North America,25.98463801274718,8.31062670299727,13.833157338965151
Barbados,BRB,2001,728000000.0,1035000.0,55.8885977483213,,10.9906525607151,3054500000.0,2.57783490431289,North America,23.833688001309543,-8.427672955974842,-3.9888682745825577
Barbados,BRB,2002,695000000.0,1021000.0,53.1335869833449,,10.593026235001,3106500000.0,0.12524945805599,North America,22.37244487365202,-4.5329670329670275,-1.352657004830915
Barbados,BRB,2003,840000000.0,1090000.0,57.645638722998,,9.75274730087938,3209500000.0,1.61943319838055,North America,26.172300981461287,20.863309352517987,6.758080313418224
Barbados,BRB,2004,843000000.0,1273000.0,57.4972252143382,,9.2999422729201,3444500000.0,1.39442231075691,North America,24.473798809696618,0.3571428571428559,16.788990825688078
Barbados,BRB,2005,905000000.0,1111000.0,51.3432413790437,,7.81550217154281,3819500000.0,6.08218729535043,North America,23.694200811624558,7.354685646500592,-12.725844461901026
Barbados,BRB,2006,1068000000.0,1102000.0,52.1893500202474,,7.86890241159175,4217323400.0,7.30766262828939,North America,25.324119084630787,18.011049723756912,-0.8100810081008047
Barbados,BRB,2007,1198000000.0,1191000.0,55.1778861480774,,7.85371275920994,4675767950.0,4.03422982885071,North America,25.621459679152814,12.172284644194754,8.076225045372043
Barbados,BRB,2008,1203000000.0,1165000.0,53.4153806958399,,6.2955533310719,4790410400.0,8.10810810810782,North America,25.112670931075133,0.4173622704507496,-2.183039462636438
Barbados,BRB,2009,1076000000.0,1154000.0,56.739552501502,,6.47731855733735,4466809600.0,3.64386189258334,North America,24.08878139780124,-10.556940980881135,-0.9442060085836923
Barbados,BRB,2010,1041000000.0,1197000.0,50.6646940966493,,6.73159429594812,5191188500.0,5.82421853311866,North America,20.053211321453652,-3.2527881040892215,3.726169844020788
Barbados,BRB,2011,984000000.0,1187000.0,46.1736505883395,,5.10542868303674,5342183800.0,9.43220240177221,North America,18.419433640602183,-5.475504322766566,-0.835421888053467
Barbados,BRB,2012,947000000.0,1053000.0,45.4128556450077,,4.52899037188328,5271257500.0,4.53334753888766,North America,17.96535266964287,-3.760162601626016,-11.28896377422073
Barbados,BRB,2013,988000000.0,1079000.0,42.1637035293263,,4.23894442955151,5361158350.0,1.81410436049105,North America,18.428853160063813,4.329461457233363,2.4691358024691468
Barbados,BRB,2014,910000000.0,1079000.0,38.8232754216893,,4.9745662093293,5365976700.0,1.76950322089729,North America,16.95870203834467,-7.8947368421052655,0.0
Barbados,BRB,2015,974000000.0,1179000.0,41.3014884917942,,5.30509685021012,5288057750.0,-1.11278992510967,North America,18.418860875715666,7.03296703296703,9.267840593141807
Barbados,BRB,2016,1071000000.0,1227000.0,44.4375926721103,,4.42315437058263,5330761500.0,1.28192813061895,North America,20.090938227118208,9.958932238193018,4.071246819338414
Barbados,BRB,2017,1071000000.0,1345000.0,44.4375926721103,,4.42315437058263,5517340450.0,4.66018463955996,North America,19.411526435712336,0.0,9.616951915240435
Barbados,BRB,2018,1071000000.0,1356000.0,44.4375926721103,,4.42315437058263,5629916200.0,3.67381410406801,North America,19.023373740447504,0.0,0.8178438661710086
Barbados,BRB,2019,1071000000.0,966000.0,44.4375926721103,,4.42315437058263,5788288000.0,4.10028964518461,North America,18.50288029897614,0.0,-28.761061946902654
Barbados,BRB,2020,1071000000.0,966000.0,44.4375926721103,,4.42315437058263,5168344450.0,5.523234926704575,North America,20.72230305780026,0.0,0.0
Belarus,BLR,1999,92000000.0,2030000.0,1.43756738597122,4747000.0,1.99843731217694,12138243080.6258,293.678750889773,Europe,0.7579350601970055,,
Belarus,BLR,2000,188000000.0,2030000.0,2.66749907772638,4747000.0,3.24364075693706,12736780455.1539,168.620235850933,Europe,1.4760402023254344,104.34782608695654,0.0
Belarus,BLR,2001,272000000.0,1852000.0,3.47239953020477,4008000.0,5.73999929135811,12354820143.8849,61.1349331618477,Europe,2.2015698879649674,44.6808510638298,-8.768472906403947
Belarus,BLR,2002,295000000.0,1907000.0,3.42855814602171,6160000.0,5.80549925090332,14594900944.7658,42.5375481348794,Europe,2.0212538688438064,8.455882352941169,2.969762419006483
Belarus,BLR,2003,339000000.0,1729000.0,3.11537931351376,6518000.0,3.76709665713372,17825444724.4878,28.3978399133474,Europe,1.9017758335885833,14.915254237288146,-9.33403251179864
Belarus,BLR,2004,362000000.0,1816000.0,2.41705559895573,6924000.0,3.03567525560386,23141566292.9462,18.1082424937646,Europe,1.5642847827043647,6.784660766961648,5.0318102949681975
Belarus,BLR,2005,346000000.0,4738000.0,1.97305018732572,6596000.0,3.00092470354237,30210091836.8294,10.3388794457932,Europe,1.1453126387990262,-4.41988950276243,160.9030837004405
Belarus,BLR,2006,401000000.0,5276000.0,1.85912384732003,6811000.0,2.92696887439618,36961894281.3444,6.99712903535589,Europe,1.084901106387274,15.895953757225435,11.35500211059519
Belarus,BLR,2007,479000000.0,5283000.0,1.78246486237064,7512000.0,2.43908190800888,45275711995.825,8.4267527350531,Europe,1.0579623795737767,19.45137157107233,0.13267626990143278
Belarus,BLR,2008,585000000.0,5262000.0,1.61406916493304,6323000.0,2.10317285635329,60752106347.126,14.8378764828254,Europe,0.9629295759021442,22.129436325678498,-0.3975014196479276
Belarus,BLR,2009,563000000.0,4872000.0,2.31293187737764,6440000.0,2.51180749934867,50873167326.0414,12.9456563410402,Europe,1.1066737724266025,-3.7606837606837584,-7.411630558722915
Belarus,BLR,2010,665000000.0,5674000.0,2.26659986161811,7464000.0,2.03145496172011,57231904542.8755,7.73574804312508,Europe,1.161939315686782,18.117229129662515,16.461412151067336
Belarus,BLR,2011,747000000.0,5877000.0,1.60368912904867,7542000.0,1.52611669245085,61762382327.9319,53.2286983118173,Europe,1.20947407118098,12.33082706766917,3.577722946774764
Belarus,BLR,2012,986000000.0,6130000.0,1.89840272322598,8427000.0,1.93172926447574,65685890438.8922,59.2197360232517,Europe,1.5010834037749388,31.994645247657296,4.304917474902159
Belarus,BLR,2013,1156000000.0,6242000.0,2.62063180803192,8841000.0,2.87209585431385,75527558966.4473,18.3122610377874,Europe,1.5305671410796509,17.24137931034482,1.8270799347471556
Belarus,BLR,2014,1230000000.0,5375000.0,2.83569564455593,7236000.0,2.98495881989151,78812805039.0743,18.1195543526734,Europe,1.5606600975440261,6.401384083044981,-13.889778917013773
Belarus,BLR,2015,1013000000.0,4386000.0,3.0833290213398,6972000.0,3.04690770956277,56454889146.6088,13.5344897649735,Europe,1.794353005227449,-17.642276422764226,-18.400000000000006
Belarus,BLR,2016,1019000000.0,10935000.0,3.39851319216774,8340000.0,2.97074268567142,47723545321.259,11.8365807653497,Europe,2.135214375085572,0.5923000987166915,149.31600547195623
Belarus,BLR,2017,1124500000.0,11060000.0,3.07279056930652,9209000.0,2.96476532594608,54725302249.8088,6.03183725177793,Europe,2.05480820346484,10.353287536800782,1.1431184270690453
Belarus,BLR,2018,1221000000.0,11502000.0,2.88872380393586,9326000.0,2.8302776816881,60031173807.7196,4.87230220550684,Europe,2.033943237410073,8.581591818586043,3.996383363471967
Belarus,BLR,2019,1290000000.0,11832000.0,3.0732652132584,9221000.0,2.88947777025289,64410122847.3508,5.59815595039854,Europe,2.002790777246682,5.651105651105648,2.869066249347929
Belarus,BLR,2020,542000000.0,3598000.0,1.45764753974913,2810000.0,1.35374450839492,61371755326.2351,5.54814357456511,Europe,0.8831424115521538,-57.984496124031004,-69.59093982420555
Belgium,BEL,1999,8304000000.0,6369000.0,3.88048829549259,6410000.0,6.1145670568967,258245733221.468,1.12084823417845,Europe,3.2155419942131642,,
Belgium,BEL,2000,8304000000.0,6457000.0,3.88048829549259,7932000.0,6.1145670568967,236792460312.471,2.54451776190908,Europe,3.5068684150846923,0.0,1.3816925734024155
Belgium,BEL,2001,8304000000.0,6452000.0,3.88048829549259,6570000.0,6.1145670568967,236746141604.37,2.46925823086078,Europe,3.507554523898826,0.0,-0.07743534148985098
Belgium,BEL,2002,7598000000.0,6720000.0,3.88048829549259,6773000.0,6.1145670568967,258383599375.177,1.64521436175357,Europe,2.940589115707606,-8.501926782273605,4.153750774953502
Belgium,BEL,2003,8848000000.0,6690000.0,4.04887283327933,7268000.0,6.44852274093303,318082528506.588,1.5889639997038,Europe,2.7816680285904933,16.451697815214537,-0.44642857142856984
Belgium,BEL,2004,10089000000.0,6710000.0,3.85826613036809,8783000.0,6.20221670893693,369214712443.206,2.09728311239314,Europe,2.7325563310405534,14.025768535262205,0.2989536621823552
Belgium,BEL,2005,10881000000.0,6747000.0,3.81544361542398,9327000.0,6.06452731446082,385714762230.039,2.78143263670022,Europe,2.8209965149092757,7.850133809099025,0.5514157973174338
Belgium,BEL,2006,11625000000.0,6995000.0,3.77996495643298,7852000.0,5.99553775131742,408259840868.823,1.7912077007046,Europe,2.847451264190151,6.8376068376068355,3.675707721950494
Belgium,BEL,2007,12369000000.0,7045000.0,3.41959992027005,8371000.0,5.40668251067277,470922156309.453,1.82305630026808,Europe,2.6265487478724756,6.400000000000006,0.7147962830593269
Belgium,BEL,2008,12543500000.0,7165000.0,3.61280816700336,8887000.0,5.869456347588975,517328087920.078,4.48944420508401,Europe,2.4246702030874157,1.4107850270838496,1.7033356990773685
Belgium,BEL,2009,12718000000.0,6815000.0,3.80601641373667,8775000.0,6.33223018450518,485014525992.461,-0.0531456741253769,Europe,2.622189505350544,1.3911587674891424,-4.884856943475224
Belgium,BEL,2010,12680000000.0,7186000.0,3.43357260990302,8801000.0,5.73509948148273,481556503720.001,2.18929920422457,Europe,2.633128179569294,-0.29878911778581374,5.4438738077769555
Belgium,BEL,2011,14114000000.0,7494000.0,3.2910882065382,9727000.0,5.25851575638471,527196649048.639,3.53208210722742,Europe,2.6771793837213576,11.309148264984238,4.2861118842193235
Belgium,BEL,2012,13704000000.0,7560000.0,3.36468924634579,9576000.0,5.41959670535997,498414364944.961,2.83966343445899,Europe,2.749519468908828,-2.904917103585092,0.8807045636509248
Belgium,BEL,2013,14534000000.0,7684000.0,3.40767678417566,10803000.0,5.74233264328992,524097026598.55,1.1130959402754,Europe,2.773150630967577,6.056625802685356,1.6402116402116418
Belgium,BEL,2014,15249000000.0,7887000.0,3.49449225220814,10991000.0,6.07103125213551,537987419164.351,0.340002833356922,Europe,2.834452899230632,4.9194991055456105,2.641853201457578
Belgium,BEL,2015,8975000000.0,8355000.0,2.49524252107009,10835000.0,4.48946224182481,461044767544.531,0.561429152790065,Europe,1.9466656237744049,-41.14368155288871,5.933815138836063
Belgium,BEL,2016,8784000000.0,7481000.0,2.32417318712609,13372000.0,4.43837145394551,474271566739.729,1.97385264653181,Europe,1.852103439466884,-2.12813370473538,-10.460801915020944
Belgium,BEL,2017,9636000000.0,8385000.0,2.30439193938752,12142000.0,4.31947298125169,500908767351.53,2.12597086002607,Europe,1.923703601945063,9.699453551912573,12.083945996524537
Belgium,BEL,2018,10319000000.0,9119000.0,2.28597339362071,13098000.0,4.58860659311641,542638913427.921,2.05316499865186,Europe,1.9016328804754394,7.088003320880043,8.75372689326177
Belgium,BEL,2019,10581000000.0,9343000.0,2.37596417941648,14191000.0,4.74179105046664,536726344405.489,1.43681956996429,Europe,1.9713956861424724,2.5390057176083003,2.4564096940453917
Belgium,BEL,2020,7447000000.0,2584000.0,1.77483902178966,5850000.0,3.38070337617655,529694473501.791,0.740791812220344,Europe,1.4059047946579755,-29.61912862678385,-72.34293053623033
Belize,BLZ,1999,,340000.0,,,8.29579210754185,1000250000.0,2.62139524582746,North America,,,
Belize,BLZ,2000,,374000.0,,,7.4542886712423,1138900000.0,3.06743966930585,North America,,,10.000000000000009
Belize,BLZ,2001,,385000.0,,,7.6504872746431,1172800000.0,3.65141786561502,North America,,,2.941176470588225
Belize,BLZ,2002,,694000.0,,,7.73804002229749,1244650000.0,4.24026660688645,North America,,,80.25974025974025
Belize,BLZ,2003,,999000.0,,,7.67534854040686,1308900000.0,2.31808274663101,North America,,,43.94812680115274
Belize,BLZ,2004,,1329000.0,,,7.67791803151743,1400850000.0,6.39443099742399,North America,,,33.03303303303304
Belize,BLZ,2005,,1037000.0,,,6.40108220997538,1474950000.0,-1.1043104441191,North America,,,-21.971407072987205
Belize,BLZ,2006,,903000.0,,,5.73308734567358,1591150000.0,-7.11376771265014,North America,,,-12.921890067502407
Belize,BLZ,2007,,880000.0,,,5.7294173009729,1707100000.0,2.31808274642021,North America,,,-2.5470653377630104
Belize,BLZ,2008,,846000.0,,,4.59379138215098,1738900000.0,6.39443100250034,North America,,,-3.863636363636369
Belize,BLZ,2009,,941000.0,,,5.49690095698887,1688500000.0,-1.10431044864355,North America,,,11.229314420803792
Belize,BLZ,2010,,1054000.0,,,4.8171073989482,1745700000.0,0.917977378808888,North America,,,12.008501594048893
Belize,BLZ,2011,,1106000.0,,,3.89777986492111,1827050000.0,1.602056156402,North America,,,4.933586337760909
Belize,BLZ,2012,,1028000.0,,,3.80468704408127,1909400000.0,1.30058074547858,North America,,,-7.052441229656415
Belize,BLZ,2013,,1022000.0,,,3.87561796706108,2032750000.0,0.50974776898322,North America,,,-0.5836575875486361
Belize,BLZ,2014,,1289000.0,,,4.43430811203548,2138250000.0,1.20139964481058,North America,,,26.125244618395293
Belize,BLZ,2015,,1299000.0,,,4.22789220693259,2193050000.0,-0.861584009427748,North America,,,0.7757951900698279
Belize,BLZ,2016,,1391000.0,,,4.85946954503044,2240200000.0,0.663427167917601,North America,,,7.0823710546574326
Belize,BLZ,2017,,1441000.0,,,4.87183260421219,2266300000.0,1.14765339305816,North America,,,3.5945363048166756
Belize,BLZ,2018,,1697000.0,,,4.32865446033624,2293250000.0,0.269982622646335,North America,,,17.765440666204025
Belize,BLZ,2019,,1674000.0,,,3.7732946139599,2388300000.0,0.187069385181424,North America,,,-1.3553329404832004
Belize,BLZ,2020,,487000.0,,,2.44395041330559,2042850000.0,0.121434644614894,North America,,,-70.90800477897253
Benin,BEN,1999,94400001.5258789,941000.0,15.7720889749429,,7.40481988818893,3677393998.74486,0.326722893396852,Africa,2.5670352852617584,,
Benin,BEN,2000,77400001.5258789,1068000.0,14.6120668038785,,7.04721578597674,3519991440.47913,4.16540442290284,Africa,2.1988690266628454,-18.008474285182718,13.496280552603611
Benin,BEN,2001,85500000.0,1155000.0,16.408576893713,,6.43800108558272,3666222635.13875,3.98429547767891,Africa,2.3321005980523113,10.465114101338656,8.14606741573034
Benin,BEN,2002,94500000.0,853000.0,15.675594352585,,5.4939341728516,4194342686.2178,2.48916235491542,Africa,2.2530347916138984,10.526315789473696,-26.14718614718615
Benin,BEN,2003,107900001.525879,850000.0,15.0959139994143,,4.92987711032366,5349258094.48239,1.48724246145442,Africa,2.017102177910892,14.179895794580943,-0.3516998827667095
Benin,BEN,2004,120900001.525879,845000.0,15.3895729935752,,5.2157209696071,6190270380.49856,0.873890830868488,Africa,1.9530649566900145,12.048192600703578,-0.588235294117645
Benin,BEN,2005,107699996.948242,960000.0,13.9474275873583,,5.06527669775788,6567654954.38903,5.36452085832343,Africa,1.6398546771442108,-10.918117792423276,13.609467455621305
Benin,BEN,2006,121599998.474121,975000.0,12.7547007109677,,5.07433467367068,7034111314.88812,3.78217696540376,Africa,1.7287187112997104,12.906222766709096,1.5625
Benin,BEN,2007,206300003.051758,1010000.0,15.280595361192,,5.08286285299704,8169048382.83875,1.2980681333415,Africa,2.525385986024343,69.65460990171222,3.589743589743599
Benin,BEN,2008,236399993.896484,1027000.0,14.4426737722997,,4.23333834842352,9787734526.23965,7.94729876067862,Africa,2.415267733945237,14.590397673030719,1.6831683168316847
Benin,BEN,2009,131399993.896484,758666.6666666667,9.05382977214961,,3.92392759049392,9738626517.00319,0.896072355749111,Africa,1.3492661790352645,-44.41624480158739,-26.127880558260298
Benin,BEN,2010,149399993.896484,490333.3333333334,9.00210916624923,,3.97014761760757,9535345011.48797,2.20783532536523,Africa,1.566802184047774,13.698630773286236,-35.36906854130053
Benin,BEN,2011,201000000.0,222000.0,12.0783037575846,,3.5106768558946,10693321370.036,2.7042390774728,Africa,1.8796779133864499,34.53815810679921,-54.72467709041469
Benin,BEN,2012,174000000.0,232000.0,9.27281682918577,,3.71072054074544,11141358105.9853,6.74468253340712,Africa,1.5617485619327205,-13.432835820895528,4.504504504504503
Benin,BEN,2013,193000000.0,252000.0,7.72936294099513,,1.17712055978171,12517845127.6775,0.428888888888792,Africa,1.5417989121248084,10.919540229885062,8.62068965517242
Benin,BEN,2014,153000000.0,265000.0,5.02321951988219,,1.30145058337234,13284527850.2632,-0.548757550948091,Africa,1.1517157532773639,-20.725388601036265,5.158730158730163
Benin,BEN,2015,148000000.0,279000.0,5.40838376981856,,4.03630650804447,11388160997.1089,0.218785923536154,Africa,1.299595255437402,-3.26797385620915,5.283018867924527
Benin,BEN,2016,129000000.0,292000.0,4.04427546732546,,2.34140811248444,11821065852.1271,-0.793310145785534,Africa,1.0912721544207247,-12.83783783783784,4.659498207885315
Benin,BEN,2017,160000000.0,307000.0,4.8275238205298,,3.6835662745152,12701655845.9612,0.0432648555103608,Africa,1.259678280850885,24.031007751937985,5.136986301369872
Benin,BEN,2018,175000000.0,322000.0,4.54826692932521,,1.62787407312044,14262408079.7014,0.919170717886054,Africa,1.2270017729268607,9.375,4.885993485342022
Benin,BEN,2019,240860000.610352,337000.0,6.71867329850776,,3.018621699505,14391686309.033,0.732849371240975,Africa,1.6736051317292486,37.6342860630583,4.658385093167694
Benin,BEN,2020,240860000.610352,337000.0,6.71867329850776,,3.018621699505,15651545208.8783,3.02272119663769,Africa,1.5388895945796124,0.0,0.0
Bermuda,BMU,1999,500000000.0,549000.0,34.0033374817688,140000.0,20.1405750798722,3324433000.0,,North America,15.04015872781915,,
Bermuda,BMU,2000,500000000.0,539000.0,34.0033374817688,140000.0,20.1405750798722,3480219000.0,,North America,14.366911967321597,0.0,-1.821493624772308
Bermuda,BMU,2001,500000000.0,458000.0,34.0033374817688,140000.0,20.1405750798722,3680483000.0,,North America,13.585173467721493,0.0,-15.027829313543595
Bermuda,BMU,2002,500000000.0,484000.0,34.0033374817688,145000.0,20.1405750798722,3937228000.0,,North America,12.699289957299909,0.0,5.676855895196509
Bermuda,BMU,2003,500000000.0,483000.0,34.0033374817688,141000.0,20.1405750798722,4186525000.0,,North America,11.943079284131827,0.0,-0.20661157024793875
Bermuda,BMU,2004,500000000.0,478000.0,34.0033374817688,156000.0,20.1405750798722,4484703000.0,,North America,11.149010313503481,0.0,-1.0351966873705987
Bermuda,BMU,2005,500000000.0,517000.0,34.0033374817688,161000.0,20.1405750798722,4868136000.0,,North America,10.270871643684565,0.0,8.158995815899583
Bermuda,BMU,2006,500000000.0,635000.0,34.0033374817688,170000.0,20.1405750798722,6144000000.0,,North America,8.138020833333332,0.0,22.823984526112184
Bermuda,BMU,2007,500000000.0,660000.0,34.0033374817688,181000.0,19.8599866269083,6767000000.0,,North America,7.388798581350672,0.0,3.937007874015741
Bermuda,BMU,2008,500000000.0,550000.0,34.0033374817688,192000.0,20.856971471298,6980000000.0,,North America,7.163323782234957,0.0,-16.666666666666664
Bermuda,BMU,2009,500000000.0,554000.0,34.0033374817688,192000.0,19.8679615949954,6656000000.0,,North America,7.512019230769231,0.0,0.727272727272732
Bermuda,BMU,2010,500000000.0,580000.0,34.0033374817688,192000.0,20.8358951925493,6634526000.0,,North America,7.536333417036876,0.0,4.693140794223827
Bermuda,BMU,2011,500000000.0,652000.0,34.0033374817688,192000.0,18.1388873184872,6312691000.0,,North America,7.920552423681121,0.0,12.413793103448278
Bermuda,BMU,2012,448000000.0,610000.0,32.0028216177639,192000.0,18.1771563633717,6378188000.0,,North America,7.02393846026489,-10.399999999999999,-6.441717791411039
Bermuda,BMU,2013,447000000.0,576000.0,32.1341954450969,192000.0,16.8854338072745,6465756000.0,,North America,6.91334470400677,-0.22321428571429047,-5.573770491803276
Bermuda,BMU,2014,407000000.0,580000.0,30.1131607820524,192000.0,19.3193714359993,6413988000.0,,North America,6.345506103223143,-8.948545861297541,0.694444444444442
Bermuda,BMU,2015,370000000.0,597000.0,29.3746488022621,192000.0,19.8577343043417,6654541000.0,,North America,5.56011301155106,-9.090909090909093,2.931034482758621
Bermuda,BMU,2016,440000000.0,642000.0,33.4984494333093,192000.0,19.3869296551245,6899911000.0,,North America,6.376893846891648,18.918918918918926,7.537688442211055
Bermuda,BMU,2017,513000000.0,688000.0,36.768647026416,192000.0,18.0496791000126,7142316000.0,,North America,7.18254414954477,16.5909090909091,7.1651090342679025
Bermuda,BMU,2018,583000000.0,766000.0,36.7693778947101,192000.0,15.2017768765209,7225977000.0,,North America,8.068113142347395,13.645224171539972,11.33720930232558
Bermuda,BMU,2019,601000000.0,805000.0,37.4442084186179,192000.0,15.3789257507704,7423465000.0,,North America,8.095949802417065,3.087478559176682,5.0913838120104415
Bermuda,BMU,2020,94000000.0,51400.0015258789,9.14979233689066,192000.0,12.3014948067272,6887147000.0,,North America,1.3648612408011618,-84.35940099833611,-93.61490664274797
Bhutan,BTN,1999,9000000.0,7199.99980926514,9.89723147712316,72000.0,8.48964402420732,399311199.50776,6.77699393553632,Asia,2.253881186176222,,
Bhutan,BTN,2000,10000000.0,7599.99990463257,9.89723147712316,72000.0,8.48964402420732,460733418.399276,4.01212081070342,Asia,2.1704525004378787,11.111111111111116,5.555557027275193
Bhutan,BTN,2001,9000000.0,6400.00009536743,9.89723147712316,72000.0,8.48964402420732,496110225.710307,3.41478946111596,Asia,1.8141129800568467,-9.999999999999998,-15.78947137267307
Bhutan,BTN,2002,8000000.0,5599.99990463257,9.89723147712316,72000.0,8.48964402420732,559345263.708309,2.45535714285716,Asia,1.4302436293036873,-11.111111111111116,-12.500002793967624
Bhutan,BTN,2003,8000000.0,6300.00019073486,9.89723147712316,72000.0,8.48964402420732,651935430.314445,2.57230861693335,Asia,1.227115390268235,0.0,12.500005321843277
Bhutan,BTN,2004,13000000.0,9199.99980926514,9.89723147712316,72000.0,8.48964402420732,735348490.428435,4.10593698272959,Asia,1.767869271401622,62.5,46.031738583042994
Bhutan,BTN,2005,19000000.0,13600.0003814697,9.89723147712316,72000.0,8.48964402420732,860391000.221655,5.31263104637751,Asia,2.208298319613431,46.153846153846146,47.826094167669474
Bhutan,BTN,2006,36000000.0,17299.9992370605,9.89723147712316,72000.0,8.48964402420732,942879878.538879,5.00045438022541,Asia,3.818089750285785,89.4736842105263,27.20587317506351
Bhutan,BTN,2007,47000000.0,21000.0,7.38133124336011,72000.0,8.48964402420732,1255767964.00491,5.15611138758463,Asia,3.742729656051031,30.555555555555557,21.387288590240306
Bhutan,BTN,2008,47000000.0,28000.0,7.19052710957429,72000.0,8.48964402420732,1317517834.59916,8.32716049382714,Asia,3.567314139189563,0.0,33.33333333333333
Bhutan,BTN,2009,51000000.0,23000.0,8.88085783316006,72000.0,4.98411603201887,1331343797.77308,4.36112219119802,Asia,3.830716009291287,8.51063829787233,-17.85714285714286
Bhutan,BTN,2010,64000000.0,41000.0,10.8385467918403,72000.0,4.59773868219375,1708880730.87271,7.0363831607302,Asia,3.7451414158854597,25.49019607843137,78.26086956521738
Bhutan,BTN,2011,76000000.0,66000.0,10.1935004627042,72000.0,4.4459322737555,1977728659.25621,8.848985699468,Asia,3.8427920657519468,18.75,60.97560975609757
Bhutan,BTN,2012,93000000.0,105000.0,12.7565989783949,72000.0,5.71256318463416,1973387228.03924,10.919656944683,Asia,4.712709126652498,22.36842105263157,59.09090909090908
Bhutan,BTN,2013,116000000.0,116000.0,17.3706157212812,72000.0,6.08628166834268,1943696951.76613,8.77638345268213,Asia,5.968008536237977,24.731182795698924,10.476190476190483
Bhutan,BTN,2014,99000000.0,133000.0,15.019453776963,72000.0,3.80914861460051,2089079570.67546,8.27106093949328,Asia,4.738929114509048,-14.655172413793105,14.655172413793105
Bhutan,BTN,2015,120000000.0,155000.0,16.9744195442212,72000.0,3.65545423639396,2187815803.82922,4.54814395082205,Asia,5.4849224413668765,21.212121212121215,16.541353383458656
Bhutan,BTN,2016,139000000.0,210000.0,21.6396462689995,72000.0,4.20267085502313,2357504760.5975,3.21988689395718,Asia,5.896064445900462,15.833333333333343,35.48387096774193
Bhutan,BTN,2017,153000000.0,255000.0,21.3583651882374,72000.0,5.10155120881141,2591358009.79792,4.95508366985129,Asia,5.904240148273888,10.07194244604317,21.42857142857142
Bhutan,BTN,2018,121000000.0,274000.0,15.4018063887953,72000.0,6.32768836063165,2583335721.20625,2.7239638618372,Asia,4.683866638266468,-20.915032679738566,7.4509803921568585
Bhutan,BTN,2019,120000000.0,316000.0,15.4335056583194,72000.0,5.44837169242111,2735683570.28851,2.7264303738882,Asia,4.386472225928696,-0.8264462809917328,15.328467153284663
Bhutan,BTN,2020,84000000.0,29799.9992370605,10.6777751698148,72000.0,4.20706807865559,2457604334.15915,5.62936522632514,Asia,3.4179627221702447,-30.000000000000004,-90.56962049460111
Bolivia,BOL,1999,124000000.0,342000.0,9.46131542804822,253000.0,5.88324030773872,8285064434.56826,2.15951626835598,South America,1.4966691083611556,,
Bolivia,BOL,2000,101000000.0,319000.0,6.87063567684123,201000.0,5.58272051746044,8397855484.76908,4.60822998872598,South America,1.2026879979440042,-18.54838709677419,-6.725146198830412
Bolivia,BOL,2001,119000000.0,316000.0,7.82535249429941,222000.0,5.75919356740515,8141516928.39489,1.58965377879568,South America,1.461644077468755,17.821782178217816,-0.9404388714733591
Bolivia,BOL,2002,143000000.0,334000.0,9.19429600318762,217000.0,5.50194377882186,7905485146.44351,0.92825885161107,South America,1.8088706429906114,20.168067226890752,5.696202531645578
Bolivia,BOL,2003,243000000.0,427000.0,12.3903414270829,304000.0,9.61861073254106,8082399639.54305,3.33727499671534,South America,3.0065328471401638,69.93006993006993,27.8443113772455
Bolivia,BOL,2004,283000000.0,480000.0,11.0459922924687,346000.0,9.95300658326634,8773451751.5121,4.43738080101725,South America,3.225640352455635,16.46090534979423,12.41217798594847
Bolivia,BOL,2005,345000000.0,524000.0,10.5202395482619,386000.0,8.97175787695801,9549122905.32852,5.39323106890663,South America,3.612897262087663,21.908127208480565,9.166666666666657
Bolivia,BOL,2006,330000000.0,521000.0,7.58733176382884,472000.0,10.4139683913561,11451844902.2214,4.28239604802561,South America,2.881631761673505,-4.347826086956519,-0.5725190839694694
Bolivia,BOL,2007,326000000.0,573000.0,6.57956418055465,526000.0,9.29905623512297,13120108008.3477,8.70560923578869,South America,2.4847356423634754,-1.2121212121212088,9.98080614203456
Bolivia,BOL,2008,302000000.0,594000.0,4.30011205533162,589000.0,6.59384591573656,16674276285.8956,14.0068107702519,South America,1.8111730597594518,-7.361963190184051,3.664921465968596
Bolivia,BOL,2009,306000000.0,599000.0,5.63540062910224,518000.0,7.52551985243775,17339992193.7322,3.34645420142014,South America,1.7647066768035125,1.324503311258285,0.8417508417508435
Bolivia,BOL,2010,339000000.0,679000.0,4.95831873157211,604000.0,6.8393145928309,19649723722.1034,2.50327605844241,South America,1.7252150961220323,10.784313725490202,13.355592654424031
Bolivia,BOL,2011,499000000.0,711000.0,5.46976781553208,775000.0,4.67124673989568,23963164696.592,9.88446419823883,South America,2.082362685889176,47.1976401179941,4.712812960235646
Bolivia,BOL,2012,631000000.0,798000.0,5.14766078759703,788000.0,5.06103933199244,27084497481.9103,4.51560291399376,South America,2.329746012165978,26.45290581162325,12.23628691983123
Bolivia,BOL,2013,639000000.0,798000.0,5.01072114081013,837000.0,5.96708153140151,30659338885.6729,5.73640023719607,South America,2.084193668959393,1.267828843106189,0.0
Bolivia,BOL,2014,746000000.0,871000.0,5.32798244673039,932000.0,7.37696710824892,32996188012.5599,5.76660074579144,South America,2.260867224165523,16.744913928012515,9.147869674185461
Bolivia,BOL,2015,810000000.0,882000.0,8.15922530589007,965000.0,7.13016952313114,33000198248.1292,4.05961041135645,South America,2.454530708905421,8.579088471849872,1.2629161882893314
Bolivia,BOL,2016,827000000.0,961000.0,9.99433588664424,940000.0,8.89819816355349,33941126200.0606,3.62321431764138,South America,2.436572066363913,2.0987654320987703,8.956916099773249
Bolivia,BOL,2017,928000000.0,1109000.0,9.67796798022094,997000.0,8.4764424845446,37508642165.3366,2.8227580554717,South America,2.4740964919748705,12.212817412333731,15.400624349635805
Bolivia,BOL,2018,948000000.0,1142000.0,9.11625589534539,1060000.0,8.14273304652224,40287647930.4761,2.27205987230155,South America,2.353078545652385,2.155172413793105,2.975653742110018
Bolivia,BOL,2019,977000000.0,1239000.0,9.5121215909095,1160000.0,9.29140480956828,40895322843.7851,1.83954504969026,South America,2.3890262554767325,3.0590717299578074,8.493870402802095
Bolivia,BOL,2020,243000000.0,323299.987792969,3.2671447948785,432000.0,4.03104184020518,36629843805.0216,0.940742153381849,South America,0.6633934921848808,-75.1279426816786,-73.90637709499846
Bosnia and Herzegovina,BIH,1999,258000000.0,147000.0,19.9156145188357,,2.28850801574026,4686256363.04707,6.12556615620285,Europe,5.505460649452067,,
Bosnia and Herzegovina,BIH,2000,246000000.0,171000.0,15.5716881202507,,2.21297034154614,5567772768.81188,6.12556615620285,Europe,4.418283759315388,-4.651162790697672,16.326530612244895
Bosnia and Herzegovina,BIH,2001,279000000.0,139000.0,17.106339134001,,2.20130996706093,5800615466.26648,6.12556615620285,Europe,4.809834432613685,13.414634146341452,-18.71345029239766
Bosnia and Herzegovina,BIH,2002,307000000.0,160000.0,18.7897123821998,,2.35565713997849,6728220886.64546,6.12556615620285,Europe,4.562870410651207,10.035842293906816,15.107913669064743
Bosnia and Herzegovina,BIH,2003,404000000.0,165000.0,18.3762464239741,,2.40846491807966,8498894359.38629,6.12556615620285,Europe,4.75355949746354,31.596091205211717,3.125
Bosnia and Herzegovina,BIH,2004,507000000.0,190000.0,17.1851783750321,,2.28536641991591,10156541538.399,6.12556615620285,Europe,4.99185670715939,25.495049504950494,15.15151515151516
Bosnia and Herzegovina,BIH,2005,557000000.0,217000.0,15.7155037651777,,2.00258552313115,11222796336.5426,6.12556615620285,Europe,4.963112430244766,9.861932938856022,14.210526315789473
Bosnia and Herzegovina,BIH,2006,658000000.0,256000.0,14.5537224660284,,2.57791374755389,12864841905.9543,6.12556615620285,Europe,5.1147150101817775,18.132854578096946,17.972350230414747
Bosnia and Herzegovina,BIH,2007,804000000.0,306000.0,18.751796334078,,2.94984934655581,15778734264.3787,1.50077710611542,Europe,5.095465748574466,22.188449848024305,19.53125
Bosnia and Herzegovina,BIH,2008,913000000.0,322000.0,17.6654567203615,,3.02680529672352,19112796623.1175,7.42704310332953,Europe,4.776904280432196,13.557213930348254,5.228758169934644
Bosnia and Herzegovina,BIH,2009,753000000.0,311000.0,16.9954313300686,,3.30440051764121,17613949091.2294,-0.381464282453057,Europe,4.275020871809746,-17.524644030668124,-3.4161490683229823
Bosnia and Herzegovina,BIH,2010,662000000.0,365000.0,12.9945518614037,,2.8087144334853,17176315803.7298,1.99621236745887,Europe,3.8541443203800907,-12.084993359893758,17.36334405144695
Bosnia and Herzegovina,BIH,2011,722000000.0,392000.0,12.0721598412807,,2.05459759650025,18644233537.1093,3.67125,Europe,3.872511029015692,9.06344410876132,7.397260273972606
Bosnia and Herzegovina,BIH,2012,686000000.0,439000.0,12.3245551101037,,2.04127426750464,17226735995.6905,2.05267452001717,Europe,3.9821821160526993,-4.986149584487531,11.989795918367353
Bosnia and Herzegovina,BIH,2013,752000000.0,529000.0,12.2606020299194,,2.00852323313796,18179108530.5261,-0.0930456838317588,Europe,4.1366164833509425,9.620991253644306,20.501138952164013
Bosnia and Herzegovina,BIH,2014,755000000.0,536000.0,11.9707255671719,,1.95133551132926,18558733564.4692,-0.897194054194333,Europe,4.068165520978499,0.3989361702127603,1.3232514177693666
Bosnia and Herzegovina,BIH,2015,794000000.0,678000.0,13.7868281061514,,3.18783965975154,16404348871.4437,-1.03602303425474,Europe,4.84017991949791,5.1655629139072845,26.49253731343284
Bosnia and Herzegovina,BIH,2016,875000000.0,778000.0,14.2284218174096,,3.23639334317367,17116926327.6247,-1.58400833333336,Europe,5.11189908311899,10.201511335012592,14.749262536873164
Bosnia and Herzegovina,BIH,2017,984000000.0,923000.0,13.2388219642828,,3.33563417370369,18326373366.1105,0.810039425333895,Europe,5.369311103415762,12.457142857142856,18.637532133676093
Bosnia and Herzegovina,BIH,2018,1147000000.0,1053000.0,13.3489974548187,,3.27104080293232,20484053868.9246,1.41710814018034,Europe,5.599477561128953,16.565040650406516,14.084507042253524
Bosnia and Herzegovina,BIH,2019,1225000000.0,1198000.0,14.9415126713494,,3.52278363330369,20482608755.379,0.56278215406123,Europe,5.980683489246939,6.800348735832618,13.770180436847102
Bosnia and Herzegovina,BIH,2020,438000000.0,197000.0,6.23963753418712,,1.6759368894664,20226036564.4129,-1.0512960076349,Europe,2.1655256016428237,-64.24489795918366,-83.5559265442404
Botswana,BWA,1999,239000000.0,1039000.0,7.99500163230401,,6.48125345862757,5484263346.88105,7.74929619202848,Africa,4.3579234781991545,,
Botswana,BWA,2000,227000000.0,1306000.0,7.5669617968263,,9.00664790933491,5788329609.15755,8.60148514851491,Africa,3.921684066520155,-5.020920502092052,25.697786333012516
Botswana,BWA,2001,235000000.0,1451000.0,8.79786792956764,,10.4042299334984,5489608299.66445,6.55903767014862,Africa,4.280815445691531,3.524229074889873,11.102603369065855
Botswana,BWA,2002,324000000.0,1485000.0,11.4213715888462,,9.4681020732441,5438863982.88692,8.03279662527486,Africa,5.957126359832638,37.87234042553192,2.3432115782219265
Botswana,BWA,2003,459000000.0,1592000.0,12.5157266243059,,8.66544737554415,7511582173.37724,9.18990265632739,Africa,6.110563519185088,41.66666666666667,7.205387205387215
Botswana,BWA,2004,582000000.0,1727000.0,13.1082615783899,,7.74975347440448,8957467706.5354,6.94570363654675,Africa,6.497372014809172,26.797385620915026,8.479899497487441
Botswana,BWA,2005,563000000.0,1684000.0,10.6832879446458,,8.21586511796807,9918907108.09702,8.6102252854644,Africa,5.676028557021276,-3.264604810996563,-2.4898668210770136
Botswana,BWA,2006,540000000.0,1642000.0,10.1943088818582,,8.32263483444139,9919158482.41085,11.5552187914379,Africa,5.444010204671647,-4.085257548845467,-2.494061757719712
Botswana,BWA,2007,548299987.792969,1965000.0,9.12126997871537,,5.96657384937126,10567270655.5027,7.08099847172693,Africa,5.188662291974631,1.537034776475732,19.671132764920827
Botswana,BWA,2008,510700012.207031,2344000.0,9.38297991865096,,4.00528208386597,10730829116.4105,12.7021883920076,Africa,4.759185023513467,-6.857555430064178,19.287531806615775
Botswana,BWA,2009,663599975.585938,2246285.714285714,15.8831953744724,,4.27145098948211,10118459242.3183,8.02729703109582,Africa,6.558310506510442,29.93929111498108,-4.168698196001963
Botswana,BWA,2010,440100006.103516,2148571.4285714286,8.25216474809579,,4.49961896623278,12637273429.1339,6.94887658743103,Africa,3.482555066735455,-33.679924307573785,-4.350038158229442
Botswana,BWA,2011,468299987.792969,2050857.1428571427,6.45908032753933,,3.82716352097015,15110643612.1729,8.45987233408583,Africa,3.099139916288634,6.4076303790870925,-4.54787234042554
Botswana,BWA,2012,515599975.585938,1953142.8571428573,7.96432677331418,,3.74403643318378,13907464500.1489,7.53690261091916,Africa,3.7073614358707707,10.100360671775178,-4.764558372805783
Botswana,BWA,2013,484200012.207031,1855428.5714285714,5.52742256973405,,2.85264585129314,14271738933.2042,5.88460707056817,Africa,3.3927190966232277,-6.089985427796696,-5.002925687536585
Botswana,BWA,2014,529299987.792969,1757714.2857142857,5.58300460501415,,3.07577996593038,15470088500.7414,4.40225309243427,Africa,3.4214412397679714,9.314327643315812,-5.266399753618723
Botswana,BWA,2015,534299987.792969,1660000.0,7.43766395501298,,3.16827161971355,13530748844.505,3.06203169580558,Africa,3.94878357386668,0.9446438910472255,-5.5591677503251
Botswana,BWA,2016,505000000.0,1712000.0,6.14062100548899,,3.42833589750069,15082637184.0496,2.81495791361944,Africa,3.3482208305988728,-5.483808433909632,3.1325301204819356
Botswana,BWA,2017,542010009.765625,1775000.0,7.84972449665809,,4.03238616169335,16105155856.7708,3.30828076768219,Africa,3.3654440514945874,7.328714805074266,3.6799065420560773
Botswana,BWA,2018,584200012.207031,1830000.0,7.75589586882507,,3.78002169818619,17031943186.1353,3.23801558947715,Africa,3.430025604374924,7.7839895354791855,3.0985915492957705
Botswana,BWA,2019,712400024.414063,1830000.0,11.4373575514438,,3.82937333515601,16725908148.5481,2.77286442863321,Africa,4.259260651720745,21.944541172244957,0.0
Botswana,BWA,2020,217000000.0,1830000.0,4.61370471983027,,1.21525421705534,14960291105.9316,1.8903591682421,Africa,1.450506534020329,-69.53958554697147,0.0
Brazil,BRA,1999,1718000000.0,5107000.0,3.15258271554129,2863000.0,5.50654159852086,599642024319.531,4.85844749902667,South America,0.2865042692679141,,
Brazil,BRA,2000,1969000000.0,5313000.0,3.09669580455359,3228000.0,6.13314013307708,655448231983.527,7.04414105947266,South America,0.3004051127030099,14.610011641443531,4.0336792637556185
Brazil,BRA,2001,1844000000.0,4773000.0,2.76620876367408,2674000.0,5.09595908194253,559983634798.981,6.84035902487523,South America,0.3292953374721292,-6.348400203148808,-10.163749294184077
Brazil,BRA,2002,2142000000.0,3785000.0,3.10477846297532,2338000.0,4.64410136428551,509795273806.715,8.45016437708331,South America,0.4201686657479926,16.160520607375272,-20.69976953697884
Brazil,BRA,2003,2673000000.0,4133000.0,3.24151253111416,3229000.0,4.42154622702898,558233745651.874,14.7149197228147,South America,0.478831675945821,24.789915966386555,9.19418758256274
Brazil,BRA,2004,3389000000.0,4794000.0,3.14827114349648,2968000.0,4.58585121290992,669289424806.307,6.59718509985963,South America,0.5063579184716358,26.786382341937887,15.993225260101628
Brazil,BRA,2005,4168000000.0,5358000.0,3.12968123280917,3364000.0,5.93453779003952,891633839853.105,6.86953720898964,South America,0.4674564618012558,22.986131602242544,11.764705882352944
Brazil,BRA,2006,4577000000.0,5017000.0,2.94455719031668,3886000.0,6.14902509012634,1107626541710.74,4.18356812896909,South America,0.4132259229659465,9.812859884836843,-6.36431504292646
Brazil,BRA,2007,5284000000.0,5026000.0,2.89749777714084,4662000.0,6.51526439742355,1397114486471.38,3.64127299102652,South America,0.3782080889695394,15.446799213458595,0.17939007374925264
Brazil,BRA,2008,6109000000.0,5050000.0,2.70071361922543,5238000.0,5.91786465583502,1695855083552.05,5.67859390284168,South America,0.3602312520244599,15.613171839515516,0.4775169120573075
Brazil,BRA,2009,5635000000.0,4802000.0,3.15296666849409,4920000.0,7.31106198961992,1666996438681.46,4.88803479876799,South America,0.33803311568302463,-7.759044033393359,-4.910891089108915
Brazil,BRA,2010,5522000000.0,5161000.0,2.38780996322713,6457000.0,7.53430873272061,2208837745214.23,5.03872690108075,South America,0.24999572793267502,-2.0053238686779107,7.476051645147863
Brazil,BRA,2011,6370000000.0,5433000.0,2.18270812184241,7807000.0,7.97229384733788,2616156223977.47,6.6364496221309,South America,0.24348698833876892,15.356754798985882,5.270296454175538
Brazil,BRA,2012,6623000000.0,5677000.0,2.36385346456736,8497000.0,8.34076963529072,2465227803011.57,5.40349914036997,South America,0.2686567136679708,3.9717425431711195,4.491073071967611
Brazil,BRA,2013,6784000000.0,5813000.0,2.43030696890982,8866000.0,8.77548737220184,2472819535742.73,6.20431066640101,South America,0.27434270483318446,2.430922542654379,2.395631495508188
Brazil,BRA,2014,7405000000.0,6430000.0,2.81057483736662,9617000.0,9.16639125306454,2456043727198.85,6.32904015516139,South America,0.3015011466609961,9.153891509433954,10.614140719077936
Brazil,BRA,2015,6254000000.0,6306000.0,2.79710019515713,9478000.0,8.08375628578538,1802212206904.68,9.02990102416136,South America,0.347017958042872,-15.543551654287647,-1.9284603421461877
Brazil,BRA,2016,6613000000.0,6547000.0,3.04296962008381,8872000.0,8.1496488281825,1795693482652.52,8.73914352329393,South America,0.36826997836131614,5.74032619123761,3.8217570567713244
Brazil,BRA,2017,6175000000.0,6589000.0,2.45763404036542,10610000.0,9.76315724124417,2063514977334.32,3.44637335032669,South America,0.2992466770450563,-6.6233177075457395,0.6415151978005129
Brazil,BRA,2018,6324000000.0,6621000.0,2.31171871170052,10628000.0,8.27766376051682,1916933898038.36,3.66485028376729,South America,0.32990182950343183,2.412955465587041,0.4856579147063389
Brazil,BRA,2019,6127000000.0,6353000.0,2.36722703835755,10628000.0,7.90992082494146,1873288205186.45,3.73297621216894,South America,0.32707193602332935,-3.1151170145477525,-4.047726929466844
Brazil,BRA,2020,3099000000.0,6353000.0,1.30098331145026,10628000.0,2.8565400129506,1476107231194.11,3.21176803803376,South America,0.20994409718412096,-49.4205973559654,0.0
British Virgin Islands,VGB,1999,339000000.0,284000.0,,171000.0,,,,North America,,,
British Virgin Islands,VGB,2000,345000000.0,272000.0,,171000.0,,,,North America,,1.7699115044247815,-4.225352112676061
British Virgin Islands,VGB,2001,401000000.0,296000.0,,171000.0,,,,North America,,16.231884057971023,8.823529411764696
British Virgin Islands,VGB,2002,345000000.0,282000.0,,171000.0,,,,North America,,-13.965087281795508,-4.729729729729726
British Virgin Islands,VGB,2003,342000000.0,278000.0,,171000.0,,,,North America,,-0.8695652173912993,-1.4184397163120588
British Virgin Islands,VGB,2004,393000000.0,304000.0,,171000.0,,,,North America,,14.912280701754387,9.35251798561152
British Virgin Islands,VGB,2005,412000000.0,337000.0,,171000.0,,,,North America,,4.834605597964381,10.855263157894735
British Virgin Islands,VGB,2006,438000000.0,356000.0,,171000.0,,,,North America,,6.310679611650483,5.637982195845703
British Virgin Islands,VGB,2007,451000000.0,358000.0,,166000.0,,,,North America,,2.9680365296803624,0.561797752808979
British Virgin Islands,VGB,2008,446000000.0,346000.0,,166000.0,,,,North America,,-1.1086474501108667,-3.3519553072625663
British Virgin Islands,VGB,2009,374000000.0,309000.0,,140000.0,,,,North America,,-16.143497757847534,-10.693641618497107
British Virgin Islands,VGB,2010,389000000.0,330000.0,,151000.0,,,,North America,,4.010695187165769,6.796116504854366
British Virgin Islands,VGB,2011,388000000.0,338000.0,,145000.0,,,,North America,,-0.25706940874036244,2.4242424242424176
British Virgin Islands,VGB,2012,398000000.0,351000.0,,139000.0,,,,North America,,2.577319587628857,3.8461538461538547
British Virgin Islands,VGB,2013,421000000.0,366000.0,,139000.0,,,,North America,,5.778894472361817,4.2735042735042805
British Virgin Islands,VGB,2014,459000000.0,386000.0,,139000.0,,,,North America,,9.026128266033261,5.464480874316946
British Virgin Islands,VGB,2015,484000000.0,393000.0,,139000.0,,,,North America,,5.446623093681913,1.81347150259068
British Virgin Islands,VGB,2016,484000000.0,408000.0,,139000.0,,,,North America,,0.0,3.8167938931297662
British Virgin Islands,VGB,2017,484000000.0,335000.0,,139000.0,,,,North America,,0.0,-17.8921568627451
British Virgin Islands,VGB,2018,484000000.0,192000.0,,139000.0,,,,North America,,0.0,-42.6865671641791
British Virgin Islands,VGB,2019,484000000.0,302399.993896484,,139000.0,,,,North America,,0.0,57.49999682108542
British Virgin Islands,VGB,2020,484000000.0,83000.0,,139000.0,,,,North America,,0.0,-72.55290949892938
Brunei Darussalam,BRN,1999,155000000.0,967000.0,3.75690970609154,,21.3416051710187,6309070374.83966,-0.415627597672454,Asia,2.4567803303975544,,
Brunei Darussalam,BRN,2000,155000000.0,984000.0,3.75690970609154,,21.3416051710187,6570999059.70575,1.55815247634946,Asia,2.3588498277298626,0.0,1.7580144777662898
Brunei Darussalam,BRN,2001,155000000.0,840000.0,3.75690970609154,,21.3416051710187,6096155747.56182,0.59589041095899,Asia,2.5425859577487473,0.0,-14.634146341463417
Brunei Darussalam,BRN,2002,113000000.0,891000.0,2.73238615176787,,16.888936787145,6333082878.97992,-2.31497242459321,Asia,1.7842810864682872,-27.09677419354839,6.071428571428572
Brunei Darussalam,BRN,2003,124000000.0,944000.0,2.55127870024987,,20.4649471769888,7167725264.75135,0.299999999999967,Asia,1.7299770208798815,9.734513274336276,5.948372615039288
Brunei Darussalam,BRN,2004,181000000.0,879500.0,3.22461510483073,,15.8290426904885,8619178799.47025,0.814223994682613,Asia,2.099968038847559,45.96774193548387,-6.832627118644064
Brunei Darussalam,BRN,2005,191000000.0,815000.0,2.78544568497019,,14.8299091150939,10547202612.4295,1.24443711883965,Asia,1.8109067116518016,5.524861878453047,-7.333712336554865
Brunei Darussalam,BRN,2006,224000000.0,836000.0,2.67575338155561,,14.5616350647183,12644616446.1918,0.159888078345121,Asia,1.771504900549692,17.277486910994753,2.5766871165644245
Brunei Darussalam,BRN,2007,233000000.0,877000.0,2.73958466327967,,12.9963350214828,13432029495.6785,0.967774119525101,Asia,1.734659680988367,4.01785714285714,4.9043062200957
Brunei Darussalam,BRN,2008,242000000.0,1252555.5555555555,2.0925295914791,,10.774184535387,15926456491.5178,2.08498023715415,Asia,1.5194842627353153,3.862660944205998,42.82275433928797
Brunei Darussalam,BRN,2009,254000000.0,1628111.111111111,3.14092381811783,,12.8342476130074,11912904529.0722,1.03571774271613,Asia,2.132141656807032,4.958677685950419,29.983145569058813
Brunei Darussalam,BRN,2010,200000000.0,2003666.6666666667,2.3234097696216285,,11.472296823430105,13707121031.2552,0.356869132017561,Asia,1.459095601067188,-21.259842519685034,23.066948747696724
Brunei Darussalam,BRN,2011,146000000.0,2379222.222222222,1.5058957211254274,,10.110346033852807,18524791070.6802,0.13791156316954,Asia,0.7881330452956041,-27.0,18.743414850551755
Brunei Darussalam,BRN,2012,92000000.0,2754777.777777778,0.688381672629226,,8.74839524427551,19048443339.9457,0.111766261400307,Asia,0.48297909891182866,-36.986301369863014,15.78480362396677
Brunei Darussalam,BRN,2013,96000000.0,3130333.3333333335,0.778711025555068,,8.0299103964361,18094148099.4922,0.389205053123632,Asia,0.5305582748197699,4.347826086956519,13.632880248457212
Brunei Darussalam,BRN,2014,79000000.0,3505888.888888889,0.677052870150109,,10.5213471618864,17097797371.9718,-0.207108731719822,Asia,0.4620478198525366,-17.708333333333336,11.997302381712993
Brunei Darussalam,BRN,2015,147000000.0,3881444.4444444445,2.17032048002913,,9.42544679809781,12930296852.4882,-0.488347420743522,Asia,1.1368648506450378,86.0759493670886,10.712135137704815
Brunei Darussalam,BRN,2016,144000000.0,4257000.0,2.69559872936182,,11.5967151814284,11400266055.3232,-0.278693265753083,Asia,1.2631284156106264,-2.0408163265306145,9.675664844130182
Brunei Darussalam,BRN,2017,177000000.0,4316000.0,2.93739646911656,,11.6652894638074,12128168046.7827,-1.2605056462896,Asia,1.459412495912387,22.916666666666675,1.3859525487432522
Brunei Darussalam,BRN,2018,190000000.0,4521000.0,2.69850388505865,,10.2962198251364,13566908401.1864,1.02505179290212,Asia,1.4004664466031544,7.344632768361592,4.749768303985169
Brunei Darussalam,BRN,2019,190000000.0,4449000.0,2.69850388505865,,10.2962198251364,13469235348.2211,-0.390522069165529,Asia,1.4106220218736734,0.0,-1.5925680159256772
Brunei Darussalam,BRN,2020,190000000.0,1071000.0,2.69850388505865,,10.2962198251364,12005799664.2691,1.94031996607184,Asia,1.582568469516162,0.0,-75.92717464598786
Bulgaria,BGR,1999,1184000000.0,5056000.0,20.4322005508379,2376000.0,11.3846177610722,13627325461.1743,2.57304281890206,Europe,8.688425350765577,,
Bulgaria,BGR,2000,1364000000.0,4922000.0,19.4862686016316,2337000.0,9.96115845510655,13245990274.4581,10.316262128999,Europe,10.297455846922716,15.202702702702698,-2.6503164556962
Bulgaria,BGR,2001,1262000000.0,5104000.0,17.4122981494997,2730000.0,9.7485003001914,14183446025.7389,7.36093927231844,Europe,8.897696636697674,-7.478005865102643,3.697683868346191
Bulgaria,BGR,2002,1392000000.0,5563000.0,18.4557524572103,3188000.0,11.6312733582,16403043849.8297,5.81014365721825,Europe,8.486229828706165,10.301109350237713,8.992946708463956
Bulgaria,BGR,2003,2051000000.0,6241000.0,20.4601215806347,3403000.0,12.1380278702597,21144957990.4681,2.34864169582755,Europe,9.699711869489485,47.34195402298851,12.187668524177608
Bulgaria,BGR,2004,2796000000.0,6982000.0,20.0554665428952,3882000.0,11.4916711094595,26157743368.8716,6.14713074246273,Europe,10.688995455652774,36.323744514870796,11.873097260054477
Bulgaria,BGR,2005,3063000000.0,7282000.0,18.956278381681,4235000.0,9.01582061019393,29868657858.0082,5.03883807111902,Europe,10.25489666981728,9.549356223175964,4.296763105127477
Bulgaria,BGR,2006,3317000000.0,7499000.0,16.2671910414176,4180000.0,8.00073545048775,34380536495.6739,7.26159462769944,Europe,9.647900638250302,8.292523669604957,2.97995056303213
Bulgaria,BGR,2007,4181000000.0,7726000.0,15.898520605305,4515000.0,6.07776474131864,44432811756.4731,8.40253419005901,Europe,9.409712855704884,26.047633403678017,3.027070276036814
Bulgaria,BGR,2008,4852000000.0,8533000.0,15.9363064687592,5727000.0,6.33607338373052,54480684188.4442,12.3487195994021,Europe,8.90590871292536,16.048792154986845,10.445249805850377
Bulgaria,BGR,2009,4273000000.0,7873000.0,18.3667072497138,4993000.0,7.19074962546938,52023801230.12,2.75320223914816,Europe,8.213548220167501,-11.933223413025551,-7.734677135825619
Bulgaria,BGR,2010,3807000000.0,8374000.0,15.0451175688797,3676000.0,3.62035642873189,50760929302.5147,2.43899060504113,Europe,7.499862694222584,-10.90568687105078,6.36352089419534
Bulgaria,BGR,2011,4297000000.0,8713000.0,12.6266818801973,3803000.0,3.13930480493783,57737040780.0157,4.21990346601873,Europe,7.442362722350163,12.871027055424221,4.048244566515402
Bulgaria,BGR,2012,3975000000.0,8867000.0,12.1693048801209,3758000.0,3.17217837483166,54288135058.7926,2.95456829831022,Europe,7.322041907859206,-7.493600186176397,1.7674738895902653
Bulgaria,BGR,2013,4410000000.0,9192000.0,12.2567548337751,3930000.0,3.690286516925,55852123989.9504,0.890093540913002,Europe,7.895850121641751,10.943396226415093,3.665275741513474
Bulgaria,BGR,2014,4518000000.0,9409000.0,12.107981325087,4158000.0,3.92542394040458,57157782909.9307,-1.4181838026484,Europe,7.9044353541834695,2.448979591836742,2.3607484769364584
Bulgaria,BGR,2015,3568000000.0,9317000.0,11.0135286135671,4632000.0,4.21634947460088,50811995688.6771,-0.104633261008385,Europe,7.021963911555416,-21.027003098716246,-0.9777872249973396
Bulgaria,BGR,2016,4148000000.0,10604000.0,12.0416382898551,5392000.0,5.15319412989451,53964253211.84,-0.79864988645371,Europe,7.686569818203118,16.25560538116593,13.813459268004724
Bulgaria,BGR,2017,4663000000.0,11596000.0,11.700003186576,6228000.0,5.50160855531038,59309748166.1179,2.06159619443141,Europe,7.862113976507912,12.415621986499525,9.35496039230479
Bulgaria,BGR,2018,5061000000.0,12368000.0,11.6359780486734,6699000.0,5.37764364913927,66289266348.6504,2.81454473824829,Europe,7.634720187400351,8.535277718207169,6.657468092445673
Bulgaria,BGR,2019,4832000000.0,12552000.0,10.9738397015443,7007000.0,5.25972906167967,68631726289.2794,3.10372944796781,Europe,7.0404756826796895,-4.524797470855557,1.487710219922378
Bulgaria,BGR,2020,1792000000.0,4973000.0,4.4878009199491,3973000.0,3.30778161517693,70716821234.5967,1.67244096855756,Europe,2.534050553623163,-62.913907284768214,-60.38081580624601
Burkina Faso,BFA,1999,23000000.0,117000.0,8.43405095850513,,5.30761387809165,3389566712.66037,-1.07261362759534,Africa,0.6785528048199407,,
Burkina Faso,BFA,2000,23000000.0,126000.0,8.43405095850513,,5.30761387809165,2968370087.59759,-0.304212168486803,Africa,0.7748359982502969,0.0,7.692307692307687
Burkina Faso,BFA,2001,25000000.0,128000.0,8.43405095850513,,5.30761387809165,3190371080.94768,5.00743290822373,Africa,0.7836079053404003,8.695652173913038,1.5873015873015817
Burkina Faso,BFA,2002,37000000.0,150000.0,8.43405095850513,,5.30761387809165,3622350062.96053,2.17569480664608,Africa,1.0214363426200743,48.0,17.1875
Burkina Faso,BFA,2003,38000000.0,163000.0,8.43405095850513,,5.30761387809165,4740768142.67494,2.03456574053815,Africa,0.8015578669189843,2.7027027027026973,8.666666666666668
Burkina Faso,BFA,2004,52000000.0,222000.0,8.43405095850513,,5.30761387809165,5451688537.60959,-0.400228702115452,Africa,0.9538329205945526,36.8421052631579,36.1963190184049
Burkina Faso,BFA,2005,46000000.0,245000.0,8.43405095850513,,5.30761387809165,6146353173.34929,6.41504018369684,Africa,0.7484112725486867,-11.538461538461542,10.360360360360366
Burkina Faso,BFA,2006,55000000.0,264000.0,8.23009726266009,,5.78585625343716,6547419820.38113,2.3331085637222,Africa,0.8400255598211879,19.565217391304344,7.755102040816331
Burkina Faso,BFA,2007,61000000.0,289000.0,8.2260092319516,,5.45862897239617,7625722836.76847,-0.230627306273038,Africa,0.7999241685769135,10.909090909090914,9.469696969696972
Burkina Faso,BFA,2008,82000000.0,272000.0,8.30093341175064,,4.65680990114072,9451435490.11467,10.6597978997424,Africa,0.8675930771126189,34.42622950819671,-5.882352941176472
Burkina Faso,BFA,2009,99000000.0,269000.0,9.36385408315384,,5.69338901283406,9450696873.34326,2.60817666368315,Africa,1.0475417985232442,20.731707317073166,-1.1029411764705843
Burkina Faso,BFA,2010,105000000.0,274000.0,5.55280133957615,,4.29819604800537,10109619740.6994,-0.764230734676758,Africa,1.038614732236565,6.060606060606055,1.8587360594795488
Burkina Faso,BFA,2011,116000000.0,238000.0,4.1160184160377,,3.66873643063669,12080295977.5632,2.75976724854523,Africa,0.9602413733525026,10.476190476190483,-13.138686131386857
Burkina Faso,BFA,2012,128000000.0,237000.0,3.8919152288174,,3.76806726270239,12561015156.5683,3.818152402524,Africa,1.019025917925649,10.344827586206895,-0.42016806722688926
Burkina Faso,BFA,2013,200000000.0,218000.0,6.32941906098936,,4.5208037842382,13444300485.8412,0.533738507090536,Africa,1.4876192347130965,56.25,-8.016877637130804
Burkina Faso,BFA,2014,183000000.0,191000.0,5.69696647786706,,4.06484429903783,13943016076.7436,-0.258089517535384,Africa,1.3124850390528973,-8.499999999999996,-12.385321100917434
Burkina Faso,BFA,2015,152000000.0,163000.0,5.51739119796339,,4.24147823196998,11832159315.6298,0.724838981070517,Africa,1.284634494392027,-16.93989071038251,-14.65968586387435
Burkina Faso,BFA,2016,172000000.0,152000.0,5.25608554021083,,4.32598852046668,12833363045.3367,0.441041448058902,Africa,1.3402566372693725,13.157894736842103,-6.748466257668717
Burkina Faso,BFA,2017,172000000.0,143000.0,4.60981968500959,,3.93140018409549,14106955615.3442,1.48299897161325,Africa,1.2192566893236327,0.0,-5.921052631578949
Burkina Faso,BFA,2018,179000000.0,144000.0,3.96777779610206,,3.69658718995878,15890066221.2882,1.95594302672523,Africa,1.1264899560971657,4.069767441860472,0.6993006993007089
Burkina Faso,BFA,2019,173000000.0,143000.0,3.87226459693549,,3.68692808492164,16032813503.3707,-3.2333893398333,Africa,1.0790370633552802,-3.3519553072625663,-0.694444444444442
Burkina Faso,BFA,2020,173000000.0,67000.0,3.87226459693549,,3.68692808492164,17725010532.5268,1.88443993781991,Africa,0.9760219870252336,0.0,-53.14685314685315
Burundi,BDI,1999,1200000.04768372,26000.0,2.01936435859824,27000.0,12.4970299781383,808077223.365746,3.38542427340455,Africa,0.1485006646624149,,
Burundi,BDI,2000,1399999.97615814,29000.0,2.64013295482597,28000.0,12.4970299781383,870486065.883137,24.4320242102151,Africa,0.16082968252200494,16.66666004392805,11.538461538461542
Burundi,BDI,2001,899999.976158142,36000.0,2.02765329184653,35000.0,12.4970299781383,876794723.068586,9.29618771341889,Africa,0.10264660045037027,-35.7142863224963,24.13793103448276
Burundi,BDI,2002,1600000.02384186,74000.0,4.15292866186302,35000.0,12.4970299781383,825394519.423728,-1.3656800532806,Africa,0.19384669829876558,77.77778513637634,105.55555555555554
Burundi,BDI,2003,1200000.04768372,74000.0,2.67645669755551,35000.0,12.4970299781383,784654423.620476,10.6474645658306,Africa,0.15293357324703488,-24.999998137354716,0.0
Burundi,BDI,2004,1799999.95231628,133000.0,2.80118903383557,35000.0,12.4970299781383,915257323.3961,8.17642937482053,Africa,0.1966659983268209,49.999990065892064,79.72972972972974
Burundi,BDI,2005,1899999.97615814,148000.0,1.9875644904136,35000.0,19.1954763856734,1117113079.73645,13.2520699188224,Africa,0.17008125771890428,5.5555570272753485,11.2781954887218
Burundi,BDI,2006,1600000.02384186,214000.0,1.71733483861199,35000.0,28.1922755229195,1273375078.44844,2.74542000214241,Africa,0.12565033279836135,-15.789471372672825,44.594594594594604
Burundi,BDI,2007,2299999.95231628,192000.0,2.56605951979065,35000.0,24.2978526411938,1356199387.42308,8.41206285772544,Africa,0.16959157876383643,43.74999487772546,-10.280373831775702
Burundi,BDI,2008,1600000.02384186,202000.0,1.04594017003297,35000.0,25.4103928724218,1611835857.04588,24.4069510353914,Africa,0.09926569239961491,-30.43478012986327,5.208333333333326
Burundi,BDI,2009,1700000.04768372,212000.0,1.43646583480978,35000.0,13.6627539858496,1781455139.85931,10.5554355299529,Africa,0.09542760912957804,6.250001396983973,4.950495049504955
Burundi,BDI,2010,2099999.90463257,142000.0,1.16196806761064,35000.0,5.76851295488023,2032135192.01248,6.49326591473993,Africa,0.10333957666236182,23.52940268995034,-33.01886792452831
Burundi,BDI,2011,3700000.04768372,144000.0,1.5700292147908,35000.0,6.40253891441921,2235820809.32006,9.5921660597967,Africa,0.1654873249349949,76.19048646247897,1.4084507042253502
Burundi,BDI,2012,3700000.04768372,147000.0,1.5700292147908,35000.0,6.40253891441921,2333341334.45753,18.1610453065451,Africa,0.1585708868670052,0.0,2.083333333333326
Burundi,BDI,2013,3700000.04768372,234000.0,1.5700292147908,35000.0,6.40253891441921,2451606632.29246,7.93795807492418,Africa,0.15092144061561402,0.0,59.183673469387756
Burundi,BDI,2014,3700000.04768372,235000.0,1.5700292147908,35000.0,6.40253891441921,2705783329.80483,4.40535234185293,Africa,0.13674413641799632,0.0,0.42735042735042583
Burundi,BDI,2015,3700000.04768372,131000.0,1.5700292147908,35000.0,6.40253891441921,3104003546.26497,5.54468891259779,Africa,0.11920089627912667,0.0,-44.25531914893617
Burundi,BDI,2016,3700000.04768372,187000.0,1.5700292147908,35000.0,6.40253891441921,2644487776.50077,5.55768961400965,Africa,0.13991367555419829,0.0,42.74809160305344
Burundi,BDI,2017,3700000.04768372,299000.0,1.5700292147908,35000.0,6.40253891441921,2723586962.84034,16.0525353030392,Africa,0.13585026283960144,0.0,59.893048128342244
Burundi,BDI,2018,3700000.04768372,299000.0,1.5700292147908,35000.0,6.40253891441921,2667182199.51333,-2.81469807668465,Africa,0.1387231831540734,0.0,0.0
Burundi,BDI,2019,3700000.04768372,299000.0,1.5700292147908,35000.0,6.40253891441921,2576518879.82353,-0.686772170797359,Africa,0.14360461616090076,0.0,0.0
Burundi,BDI,2020,3700000.04768372,299000.0,1.5700292147908,35000.0,6.40253891441921,2649680261.44299,7.32110643415521,Africa,0.13963949165959882,0.0,0.0
Cabo Verde,CPV,1999,56000000.0,67000.0,45.1170822760219,,13.4425390437261,592416703.058878,4.35643374510453,Africa,9.452805721184127,,
Cabo Verde,CPV,2000,64000000.0,115000.0,45.4886790814636,,12.5510346225983,539227277.626411,-2.47745668519835,Africa,11.868835768419837,14.28571428571428,71.64179104477613
Cabo Verde,CPV,2001,77000000.0,134000.0,48.0751633156319,,15.994601945658,563090490.377368,3.34996472317894,Africa,13.674533901007047,20.3125,16.521739130434774
Cabo Verde,CPV,2002,100000000.0,126000.0,53.5942088119001,,15.2940379881177,620507387.466174,1.88453410076765,Africa,16.11584358541603,29.87012987012987,-5.970149253731338
Cabo Verde,CPV,2003,135000000.0,150000.0,54.9231451425693,,16.4788212043264,813260468.873834,1.18817038620528,Africa,16.599847793775325,35.00000000000001,19.047619047619047
Cabo Verde,CPV,2004,153000000.0,157000.0,53.5715483460627,,14.724304431966,924940011.836897,-1.8908217230618,Africa,16.541613298374628,13.33333333333333,4.666666666666663
Cabo Verde,CPV,2005,177000000.0,198000.0,50.0156825058858,,12.7736242220185,972241676.907662,0.41889161285517,Africa,18.205349986946757,15.686274509803933,26.114649681528658
Cabo Verde,CPV,2006,280000000.0,242000.0,59.3033475846824,,13.1909900219335,1107571457.90614,5.36907687065549,Africa,25.280535896919826,58.192090395480236,22.222222222222232
Cabo Verde,CPV,2007,375000000.0,267000.0,66.2890017138096,,11.908687495029,1649621738.63689,4.41099704193489,Africa,22.732484133597122,33.928571428571416,10.330578512396693
Cabo Verde,CPV,2008,432000000.0,285000.0,60.8366649214962,,12.0950925057563,1959620648.31578,6.77443546371143,Africa,22.045083081324325,15.199999999999992,6.741573033707859
Cabo Verde,CPV,2009,349000000.0,287000.0,62.0475054667979,,13.5078664067858,1852334575.17521,0.991103480568085,Africa,18.841088682210046,-19.212962962962965,0.7017543859649145
Cabo Verde,CPV,2010,387000000.0,336000.0,61.4665615121818,,12.393434203766,1824751467.92957,2.07866470906424,Africa,21.208367649053294,10.888252148997136,17.07317073170731
Cabo Verde,CPV,2011,438000000.0,428000.0,55.9852200719273,,10.3336680199921,2046817987.20109,4.47388342165023,Africa,21.39906932315661,13.178294573643413,27.380952380952372
Cabo Verde,CPV,2012,452000000.0,482000.0,58.6095229440917,,11.2673391768797,1913081210.41411,2.54039644167109,Africa,23.626806720983843,3.1963470319634757,12.616822429906538
Cabo Verde,CPV,2013,483000000.0,503000.0,57.4129478012745,,10.9616228884927,2028910915.16446,1.50654285701407,Africa,23.80587518111158,6.858407079646023,4.356846473029052
Cabo Verde,CPV,2014,453000000.0,494000.0,50.6765198253176,,9.31209676024566,2041930125.42979,-0.238778144990624,Africa,22.18489234075292,-6.211180124223603,-1.7892644135188873
Cabo Verde,CPV,2015,380000000.0,520000.0,57.5770252964962,,12.0358673585534,1749857620.35329,0.131187999024545,Africa,21.71605252793535,-16.114790286975722,5.263157894736836
Cabo Verde,CPV,2016,397000000.0,598000.0,55.4918558520979,,7.89620069524184,1849789992.7426,-1.40781637091706,Africa,21.461895758846985,4.473684210526319,14.999999999999991
Cabo Verde,CPV,2017,451000000.0,668000.0,56.6947164170659,,8.47759460588624,1996741544.61574,0.784415251101334,Africa,22.58679903847005,13.60201511335013,11.705685618729088
Cabo Verde,CPV,2018,520000000.0,710000.0,53.9615198017069,,8.42098102111758,2205099509.15987,1.25699566690509,Africa,23.581702224318978,15.299334811529942,6.287425149700598
Cabo Verde,CPV,2019,567000000.0,758000.0,56.3983825778219,,8.31613591433328,2252177133.74705,1.10666674296063,Africa,25.175639673450384,9.03846153846153,6.760563380281681
Cabo Verde,CPV,2020,169000000.0,180000.0,39.9289228764332,,5.85521757610806,1821565617.6945,0.605795808395385,Africa,9.277733305808557,-70.19400352733686,-76.2532981530343
Cambodia,KHM,1999,240000000.0,368000.0,16.850786907405,49000.0,2.17672374634246,3517242477.2548,4.00820702088782,Asia,6.8235272817278005,,
Cambodia,KHM,2000,345000000.0,466000.0,18.8983080879261,41000.0,2.29757731216814,3694168979.32019,-0.791992529473567,Asia,9.339042202219124,43.75,26.630434782608692
Cambodia,KHM,2001,429000000.0,605000.0,20.4696404530253,37000.0,2.41674191958705,4145665969.92864,-0.600648300123686,Asia,10.348156438840741,24.347826086956516,29.828326180257502
Cambodia,KHM,2002,509000000.0,787000.0,21.4406966319158,45000.0,2.33912627954415,4501227626.62752,0.211466568022607,Asia,11.308026214647603,18.64801864801864,30.082644628099175
Cambodia,KHM,2003,441000000.0,701000.0,16.7376514550728,60000.0,1.93424966715234,5046693484.31767,0.94174611779921,Asia,8.73839478007499,-13.359528487229866,-10.927573062261754
Cambodia,KHM,2004,673000000.0,1055000.0,19.8301685859843,239000.0,2.11422911354286,5883297159.87352,4.31933677434786,Asia,11.439163817699601,52.6077097505669,50.49928673323822
Cambodia,KHM,2005,929000000.0,1422000.0,23.0745085308988,568000.0,3.00433589575777,7066296463.3598,6.61525912001587,Asia,13.146915145961621,38.03863298662704,34.7867298578199
Cambodia,KHM,2006,1109000000.0,1700000.0,22.1047167721854,787000.0,3.15683370873508,8350531016.65753,5.81068550464306,Asia,13.280592548998158,19.375672766415498,19.549929676511944
Cambodia,KHM,2007,1169000000.0,2015000.0,24.9751790033648,996000.0,3.63788854698551,10127916459.8983,8.70882770568049,Asia,11.542354290032705,5.410279531109108,18.529411764705884
Cambodia,KHM,2008,1280000000.0,2125000.0,25.4955032043617,786000.0,3.01159504719211,12174303999.0812,24.096851930605,Asia,10.51394806714702,9.49529512403764,5.459057071960305
Cambodia,KHM,2009,1463000000.0,2162000.0,29.4632349925052,340000.0,2.79843988019707,12502901169.7377,-1.24171754189637,Asia,11.701284207069298,14.296875000000009,1.741176470588246
Cambodia,KHM,2010,1671000000.0,2508000.0,28.1721732639709,505000.0,1.72234787106599,13808673288.0696,3.99639528107218,Asia,12.10109012749044,14.21736158578264,16.003700277520807
Cambodia,KHM,2011,2258000000.0,2882000.0,29.0575939079229,710000.0,3.60750969732907,16032622023.8265,5.4784474961745,Asia,14.083784902084806,35.128665469778575,14.912280701754387
Cambodia,KHM,2012,2663000000.0,3584000.0,30.0026380683784,792000.0,3.7580727646875,17826536699.8016,2.93431609293951,Asia,14.938403599335354,17.936226749335702,24.35808466342817
Cambodia,KHM,2013,2895000000.0,4210000.0,27.4730688419614,872000.0,3.76096468836104,19807135252.8649,2.94162509547349,Asia,14.615945027089507,8.711978971085244,17.46651785714286
Cambodia,KHM,2014,3220000000.0,4503000.0,26.8796002402554,956000.0,3.7360672141412,22041463967.9009,3.85568861424207,Asia,14.608829997359987,11.226252158894656,6.959619952494056
Cambodia,KHM,2015,3419000000.0,4775000.0,25.7241085962397,1194000.0,4.12814893056884,24174170369.0738,1.22393195511119,Asia,14.143194772772649,6.180124223602479,6.040417499444817
Cambodia,KHM,2016,3523000000.0,5012000.0,24.6263201017849,1434000.0,4.60425356186633,26556545153.3573,3.01913975139128,Asia,13.266032835429344,3.041825095057038,4.963350785340315
Cambodia,KHM,2017,4024000000.0,5602000.0,25.4170914977936,1752000.0,5.03653374714765,29355665909.7905,2.91263557371478,Asia,13.70774559284633,14.220834516037462,11.771747805267353
Cambodia,KHM,2018,4832000000.0,6201000.0,26.2409950521192,1995000.0,4.93991455624464,33145892168.8958,2.45908515380146,Asia,14.577975380413392,20.07952286282306,10.692609782220641
Cambodia,KHM,2019,5312000000.0,6611000.0,25.2083027637151,2038000.0,4.55408729770224,36685356407.7206,1.94257500833107,Asia,14.479892033656421,9.933774834437092,6.611836800516047
Cambodia,KHM,2020,1119000000.0,1306000.0,5.37394870532808,326000.0,0.922451012598246,34818073901.4851,2.9402951426397,Asia,3.2138480812181602,-78.93448795180723,-80.24504613522916
Cameroon,CMR,1999,92000000.0,451000.0,4.22294563528364,,9.37073365542233,11565826464.8921,1.87174500672008,Africa,0.7954468301877491,,
Cameroon,CMR,2000,132000000.0,451000.0,4.93758943695521,,9.61427833139251,10566579294.9831,1.22719012976132,Africa,1.2492216857982807,43.47826086956521,0.0
Cameroon,CMR,2001,182000000.0,451000.0,6.44204379333119,,6.7988549038425,10953485349.1135,4.41977245881146,Africa,1.6615715838313494,37.87878787878789,0.0
Cameroon,CMR,2002,124000000.0,451000.0,4.1352942959551,,6.58771473384936,12417251350.4882,2.83442260128067,Africa,0.9986106949113566,-31.868131868131865,0.0
Cameroon,CMR,2003,266000000.0,451000.0,8.48466801340185,,7.89699744458261,15970315034.9903,0.623163557374316,Africa,1.6655901866507017,114.51612903225805,0.0
Cameroon,CMR,2004,212000000.0,451000.0,5.54414787509384,,9.91993174077796,18826214135.6419,0.233647380067584,Africa,1.1260893904241764,-20.300751879699252,0.0
Cameroon,CMR,2005,229000000.0,451000.0,5.40497240696753,,11.0387897334001,19509852206.9341,2.01353950175986,Africa,1.1737659392345878,8.018867924528305,0.0
Cameroon,CMR,2006,231000000.0,451000.0,4.74381275082178,,11.1860304593158,20910512974.933,5.11757816019469,Africa,1.104707475502476,0.8733624454148492,0.0
Cameroon,CMR,2007,254000000.0,477000.0,4.00986343949288,,7.7750929103523,23928250433.0378,0.921402245650095,Africa,1.0615067771494966,9.956709956709965,5.764966740576494
Cameroon,CMR,2008,167000000.0,487000.0,2.27058867934974,,6.97087681124598,27715142032.913,5.33780627627498,Africa,0.6025587016717426,-34.251968503937,2.0964360587002018
Cameroon,CMR,2009,271000000.0,498000.0,5.08010078629331,,7.60575912731533,27932970317.129,3.04361847939999,Africa,0.9701796727067651,62.27544910179641,2.258726899383978
Cameroon,CMR,2010,171000000.0,573000.0,3.04636997794784,,4.15512448656358,27507501821.0296,1.27538046242338,Africa,0.6216486001257656,-36.90036900369004,15.060240963855431
Cameroon,CMR,2011,423000000.0,604000.0,5.62437097486166,,7.56243674648386,30630910495.217,2.93969946305091,Africa,1.3809579707598023,147.3684210526316,5.410122164048858
Cameroon,CMR,2012,377000000.0,817000.0,5.1050190297282,,8.18688510948096,30155062329.2821,2.73529677529539,Africa,1.2502046783498564,-10.874704491725772,35.264900662251655
Cameroon,CMR,2013,607000000.0,783000.0,7.56111655753142,,8.98782250503613,33728621180.3231,2.05034718001741,Africa,1.7996585059163845,61.00795755968169,-4.161566707466335
Cameroon,CMR,2014,629000000.0,822000.0,7.31215061806796,,8.5744931025643,36386544706.0806,1.85489850366777,Africa,1.7286609791637815,3.6243822075782584,4.980842911877392
Cameroon,CMR,2015,476000000.0,897000.0,7.0668667630888,,9.52573351652689,32210233020.4569,2.676235314199,Africa,1.4777912339152892,-24.32432432432432,9.124087591240881
Cameroon,CMR,2016,508000000.0,994000.0,8.13081262109681,,11.5593754655358,33814337044.3765,0.874190383288856,Africa,1.5023213358680443,6.72268907563025,10.813823857302118
Cameroon,CMR,2017,544000000.0,1081000.0,8.3071190703279,,11.6211888962897,36098547033.1655,0.64040914988195,Africa,1.5069858615090537,7.086614173228356,8.752515090543266
Cameroon,CMR,2018,633000000.0,997000.0,8.66995237929682,,10.863748398997,39955552189.795,1.0688581131292,Africa,1.5842604226645474,16.360294117647058,-7.770582793709524
Cameroon,CMR,2019,681000000.0,1021000.0,8.80891660888961,,10.8305607243546,39667757527.6578,2.45280214062732,Africa,1.716759510605514,7.582938388625582,2.407221664994985
Cameroon,CMR,2020,437000000.0,1021000.0,7.13534067687559,,9.66383499313774,40773241177.0505,2.43760882182236,Africa,1.0717813629345918,-35.82966226138032,0.0
Canada,CAN,1999,12024000000.0,49055000.0,4.24503233197878,46912000.0,5.40184731174687,678412196271.118,1.73484295105918,North America,1.7723737966519066,,
Canada,CAN,2000,13035000000.0,48638000.0,3.97132611746406,46912000.0,5.27695706623055,744773415931.587,2.71943995691976,North America,1.750196733820768,8.408183632734524,-0.8500662521659375
Canada,CAN,2001,12680000000.0,47147000.0,4.09362189984071,46912000.0,5.46185275683671,738981792355.372,2.52512013979906,North America,1.715874481776442,-2.7234369006520875,-3.0655043381717983
Canada,CAN,2002,12744000000.0,44896000.0,4.20124430816439,46912000.0,5.27063332991546,760649334098.005,2.25839440940855,North America,1.6754106562273035,0.5047318611987484,-4.774428913822726
Canada,CAN,2003,12236000000.0,38903000.0,3.71752474190111,46912000.0,5.52716458248518,895540646634.787,2.75856321360112,North America,1.3663254756754775,-3.9861895794099156,-13.3486279401283
Canada,CAN,2004,15135000000.0,38845000.0,3.96488281409775,46912000.0,5.71925520601101,1026690238278.25,1.85725871857256,North America,1.4741544660423824,23.6923831317424,-0.14908875922164944
Canada,CAN,2005,15891000000.0,36160000.0,3.68825996279488,46912000.0,5.90536053070774,1173108598778.68,2.21355203439767,North America,1.354606045556573,4.995044598612486,-6.912086497618741
Canada,CAN,2006,16837000000.0,33390000.0,3.62179398567083,46912000.0,6.06690040020077,1319264809590.97,2.00202539534161,North America,1.27624112138792,5.953055188471468,-7.660398230088495
Canada,CAN,2007,17962000000.0,30373000.0,3.58055031084329,50044000.0,6.60258110944785,1468820407783.26,2.13838399266837,North America,1.2228860591001867,6.681712894221059,-9.03563941299791
Canada,CAN,2008,18190000000.0,27370000.0,3.39543222609504,51737000.0,6.66757986949725,1552989690721.65,2.37027067444299,North America,1.1712891662241103,1.269346397951221,-9.887070753629867
Canada,CAN,2009,15580000000.0,24696000.0,3.97305432115166,47481000.0,7.32840564644527,1374625142157.29,0.299466803009299,North America,1.13339990097586,-14.348543155579986,-9.769820971867006
Canada,CAN,2010,18440000000.0,25621000.0,3.92935674521375,53620000.0,7.44257363063498,1617343367486.26,1.77687154092627,North America,1.140141318825834,18.356867779204112,3.74554583738258
Canada,CAN,2011,19994000000.0,25066000.0,3.6567012814317,61909000.0,7.25592432657076,1793326630174.52,2.91213508872351,North America,1.1149112305355247,8.427331887201728,-2.166191795792516
Canada,CAN,2012,19994000000.0,25318000.0,3.6567012814317,65175000.0,7.25592432657076,1828366481521.6,1.51567823124517,North America,1.093544439917791,0.0,1.0053458868586995
Canada,CAN,2013,19994000000.0,25167000.0,3.6567012814317,65780000.0,7.25592432657076,1846597421834.98,0.938291897815317,North America,1.0827481812539186,0.0,-0.5964136187692537
Canada,CAN,2014,19994000000.0,25558000.0,3.6567012814317,63737000.0,7.25592432657076,1805749878439.94,1.90663590717861,North America,1.107240833225121,0.0,1.5536218063336937
Canada,CAN,2015,19994000000.0,27555000.0,3.6567012814317,55971000.0,7.25592432657076,1556508816217.14,1.12524136094277,North America,1.2845413910723875,0.0,7.813600438218948
Canada,CAN,2016,19994000000.0,30142000.0,3.6567012814317,52979000.0,7.25592432657076,1527994741907.43,1.42875954701085,North America,1.308512356203598,0.0,9.388495735801117
Canada,CAN,2017,19994000000.0,31081000.0,3.6567012814317,54955000.0,7.25592432657076,1649265644244.09,1.59688412852977,North America,1.2122971256800703,0.0,3.1152544622121914
Canada,CAN,2018,19994000000.0,31274000.0,3.6567012814317,38069000.0,7.25592432657076,1725329192783.02,2.26822567248103,North America,1.1588513127601425,0.0,0.6209581416299237
Canada,CAN,2019,19994000000.0,32430000.0,3.6567012814317,37845898.4375,7.25592432657076,1743725183672.52,1.94926902411593,North America,1.1466256372973833,0.0,3.6963611946025487
Canada,CAN,2020,19994000000.0,32430000.0,3.6567012814317,37845898.4375,7.25592432657076,1655684730000.19,0.716999632307827,North America,1.2075970526102338,0.0,0.0
Cayman Islands,CYM,1999,525000000.0,1431000.0,19.0783863217773,,9.6201197141031,4200288241.15296,0.276140861750108,North America,12.499142198295656,,
Cayman Islands,CYM,2000,559000000.0,1385000.0,19.0783863217773,,9.6201197141031,4200288241.15296,0.276140861750108,North America,13.308610454947184,6.47619047619048,-3.2145352900069923
Cayman Islands,CYM,2001,585000000.0,1549000.0,19.0783863217773,,9.6201197141031,4200288241.15296,0.276140861750108,North America,13.927615592386589,4.651162790697683,11.84115523465703
Cayman Islands,CYM,2002,607000000.0,1878000.0,19.0783863217773,,9.6201197141031,4200288241.15296,0.276140861750108,North America,14.45138917021993,3.7606837606837695,21.239509360877996
Cayman Islands,CYM,2003,518000000.0,2113000.0,19.0783863217773,,9.6201197141031,4200288241.15296,0.276140861750108,North America,12.332486968985048,-14.66227347611203,12.513312034078815
Cayman Islands,CYM,2004,523000000.0,1953000.0,19.0783863217773,,9.6201197141031,4200288241.15296,0.276140861750108,North America,12.451526418492625,0.9652509652509744,-7.572172266919075
Cayman Islands,CYM,2005,356000000.0,1967000.0,19.0783863217773,,9.6201197141031,4200288241.15296,0.276140861750108,North America,8.47560880493953,-31.931166347992356,0.7168458781362075
Cayman Islands,CYM,2006,509000000.0,2197000.0,19.0783863217773,,9.6201197141031,4200288241.15296,0.276140861750108,North America,12.118215959871408,42.97752808988764,11.692933401118456
Cayman Islands,CYM,2007,481000000.0,2008000.0,19.0783863217773,,9.6201197141031,4466278065.11226,0.276140861750108,North America,10.769593674815454,-5.500982318271119,-8.60263996358671
Cayman Islands,CYM,2008,518000000.0,1856000.0,19.0783863217773,,9.6201197141031,4585949023.79609,0.276140861750108,North America,11.295371957083324,7.692307692307687,-7.5697211155378525
Cayman Islands,CYM,2009,458000000.0,1792000.0,19.0783863217773,,9.6201197141031,4281714566.85827,0.276140861750108,North America,10.69664950450118,-11.583011583011583,-3.4482758620689613
Cayman Islands,CYM,2010,465000000.0,1886000.0,19.0783863217773,,9.6201197141031,4156841107.36443,0.276140861750108,North America,11.186378983218457,1.5283842794759916,5.245535714285721
Cayman Islands,CYM,2011,472000000.0,1710000.0,19.0783863217773,,9.6201197141031,4186073104.29242,1.32543575779664,North America,11.275483925878143,1.505376344086029,-9.331919406150579
Cayman Islands,CYM,2012,489000000.0,1829000.0,19.0783863217773,,9.6201197141031,4291004524.0181,1.18894845245608,North America,11.395932986388466,3.601694915254239,6.959064327485387
Cayman Islands,CYM,2013,500000000.0,1721000.0,19.0783863217773,,9.6201197141031,4405796023.18409,2.16061146813391,North America,11.34868698797925,2.249488752556239,-5.90486604702023
Cayman Islands,CYM,2014,565000000.0,1993000.0,19.0783863217773,,9.6201197141031,4562853611.41445,1.27397911533388,North America,12.382601944243712,12.99999999999999,15.80476467170251
Cayman Islands,CYM,2015,680000000.0,2102000.0,19.0783863217773,,9.6201197141031,4708167232.66893,-2.34752770165615,North America,14.442987396064238,20.353982300884965,5.469141996989468
Cayman Islands,CYM,2016,708000000.0,2097000.0,19.0783863217773,,9.6201197141031,4909322237.28895,-0.62525835861814,North America,14.421542644366633,4.117647058823537,-0.23786869647954845
Cayman Islands,CYM,2017,832000000.0,2147000.0,21.7564926606562,,12.0827359985443,5166281305.12522,-0.62525835861814,North America,16.1044269729295,17.514124293785315,2.3843586075345646
Cayman Islands,CYM,2018,911000000.0,2384000.0,23.0107427628697,,11.2797132131815,5530178440.71376,-0.62525835861814,North America,16.47324783036152,9.495192307692314,11.038658593386131
Cayman Islands,CYM,2019,964000000.0,2334000.0,22.9249967854464,,10.902090419455,5941896607.58643,-0.62525835861814,North America,16.223776071249617,5.817782656421522,-2.097315436241609
Cayman Islands,CYM,2020,964000000.0,660000.0,22.9249967854464,,10.902090419455,5655358021.43209,-0.62525835861814,North America,17.045782006138825,0.0,-71.72236503856041
Central African Republic,CAF,1999,8000000.0,10000.0,,5000.0,,999477510.686632,-1.41420220082551,Africa,0.8004182099609297,,
Central African Republic,CAF,2000,5000000.0,11199.9998092651,,5000.0,,916777282.691659,3.20340091563112,Africa,0.5453887322905728,-37.5,11.999998092650998
Central African Republic,CAF,2001,5000000.0,9899.99961853027,,5000.0,,932648604.751954,3.83486060237362,Africa,0.5361075944921179,0.0,-11.607144757800947
Central African Republic,CAF,2002,3000000.0,2900.00009536743,,5000.0,,996068144.884889,2.33181703516235,Africa,0.30118421268724505,-40.0,-70.70706861503943
Central African Republic,CAF,2003,4000000.0,5699.99980926514,,6000.0,,1142315522.53864,4.13470905150996,Africa,0.35016594986913485,33.33333333333333,96.55171109720087
Central African Republic,CAF,2004,7800000.19073486,8199.99980926514,,7000.0,,1272360517.32373,-2.06640601136303,Africa,0.6130338127075257,95.0000047683715,43.859650590449874
Central African Republic,CAF,2005,7199999.80926514,12000.0,,8000.0,,1337894378.73743,2.88352073359022,Africa,0.5381590597652242,-7.692312394843559,46.341466818587705
Central African Republic,CAF,2006,10199999.8092651,13800.0001907349,,11000.0,,1461859762.33459,6.69526465773354,Africa,0.6977413341602412,41.666667770455824,15.00000158945749
Central African Republic,CAF,2007,10800000.1907349,17100.0003814697,,17750.0,,1699811294.94935,0.95991761945711,Africa,0.6353646562312503,5.882356791073606,23.913044529886097
Central African Republic,CAF,2008,11800000.1907349,30600.0003814697,,24500.0,,1993407888.49838,9.25895099417076,Africa,0.5919511134082929,9.259259095734818,78.94736665988138
Central African Republic,CAF,2009,7500000.0,52400.0015258789,,31250.0,,2067381665.25454,3.52126227238643,Africa,0.3627777166668732,-36.44067899347294,71.24183291713462
Central African Republic,CAF,2010,14399999.6185303,53799.9992370605,,38000.0,,2142591540.40068,1.49102370047802,Africa,0.6720832854514769,91.99999491373734,2.6717512794158793
Central African Republic,CAF,2011,15000000.0,65400.0015258789,,38000.0,,2437982705.12093,1.1944757244985,Africa,0.6152627731317709,4.166669426140857,21.561342850034194
Central African Republic,CAF,2012,15000000.0,70800.0030517578,,38000.0,,2510126512.22831,5.47829594346117,Africa,0.5975794417901301,0.0,8.256882874447813
Central African Republic,CAF,2013,15600000.3814697,83500.0,,38000.0,,1691544110.18543,6.98879341970198,Africa,0.9222343235116466,4.000002543131331,17.937848023760637
Central African Republic,CAF,2014,15600000.3814697,95699.9969482422,,38000.0,,1894813389.40325,14.898684179755,Africa,0.8233000921733377,0.0,14.610774788314007
Central African Republic,CAF,2015,15600000.3814697,120500.0,,38000.0,,1695825714.19282,1.40297017136816,Africa,0.9199058754038881,0.0,25.91431958474406
Central African Republic,CAF,2016,15600000.3814697,82000.0,,38000.0,,1825018144.65595,4.94543276106518,Africa,0.8547860429305809,0.0,-31.950207468879665
Central African Republic,CAF,2017,15600000.3814697,107000.0,,38000.0,,2072349972.6818,4.18072331871267,Africa,0.7527686243690757,0.0,30.487804878048784
Central African Republic,CAF,2018,15600000.3814697,109000.0,,38000.0,,2220979146.11241,1.61215686991555,Africa,0.7023929247051175,0.0,1.869158878504673
Central African Republic,CAF,2019,15600000.3814697,87000.0,,38000.0,,2221301351.43918,2.68537355266787,Africa,0.7022910408514571,0.0,-20.18348623853211
Central African Republic,CAF,2020,15600000.3814697,87000.0,,38000.0,,2326720900.38047,1.71015659523153,Africa,0.6704714939775871,0.0,0.0
Chad,TCD,1999,15000000.0,46000.0,,58000.0,,1534673583.2487,-8.02505962727456,Africa,0.9774065419336271,,
Chad,TCD,2000,14000000.0,43000.0,,58000.0,,1388506771.58756,3.82260088086307,Africa,1.0082774017726246,-6.666666666666665,-6.521739130434778
Chad,TCD,2001,23000000.0,57000.0,,58000.0,,1710843377.00119,12.4312865279941,Africa,1.3443661944271597,64.28571428571428,32.558139534883715
Chad,TCD,2002,25000000.0,32000.0,,58000.0,,1997005708.81576,5.19181895195446,Africa,1.2518742379973062,8.695652173913038,-43.85964912280702
Chad,TCD,2003,25000000.0,21000.0,,58000.0,,2742815071.5744,-1.75256941248655,Africa,0.9114723139409389,0.0,-34.375
Chad,TCD,2004,25000000.0,26000.0,,58000.0,,4422855660.82592,-5.35540028884816,Africa,0.5652456674412821,0.0,23.809523809523814
Chad,TCD,2005,25000000.0,29000.0,,58000.0,,6649307523.64377,7.89036567462993,Africa,0.3759790009877628,0.0,11.538461538461542
Chad,TCD,2006,25000000.0,46000.0,,58000.0,,7428701453.91509,8.03628897951332,Africa,0.33653257107033757,0.0,58.62068965517242
Chad,TCD,2007,25000000.0,77000.0,,58000.0,,8650137743.32547,-8.9747396200927,Africa,0.2890127387773708,0.0,67.3913043478261
Chad,TCD,2008,25000000.0,61000.0,,58000.0,,10393833765.3651,10.2969758221254,Africa,0.24052722570286206,0.0,-20.779220779220775
Chad,TCD,2009,25000000.0,70000.0,,66000.0,,9290728318.98821,9.95242290748864,Africa,0.2690854703920842,0.0,14.754098360655732
Chad,TCD,2010,25000000.0,71000.0,,39000.0,,10668103554.1192,-2.07786574641866,Africa,0.2343434320184015,0.0,1.4285714285714235
Chad,TCD,2011,25000000.0,77000.0,,76000.0,,12172308851.0395,2.0292405367826,Africa,0.20538420694004186,0.0,8.450704225352123
Chad,TCD,2012,25000000.0,86000.0,,79000.0,,12367362757.1342,7.51662364663833,Africa,0.2021449559695221,0.0,11.688311688311682
Chad,TCD,2013,25000000.0,97000.0,,73250.0,,12953534866.4286,0.222671564624642,Africa,0.19299751193623577,0.0,12.790697674418606
Chad,TCD,2014,25000000.0,119000.0,,67500.0,,13940767218.5849,1.68197313925661,Africa,0.17933015886436773,0.0,22.68041237113403
Chad,TCD,2015,25000000.0,120000.0,,61750.0,,10950392256.9543,4.37712665065654,Africa,0.22830232391102856,0.0,0.8403361344537785
Chad,TCD,2016,25000000.0,98000.0,,56000.0,,10097778098.1707,-0.792440525236016,Africa,0.24757921749665865,0.0,-18.333333333333336
Chad,TCD,2017,25000000.0,87000.0,,52000.0,,10000394381.0177,-1.53709962980849,Africa,0.24999014086338314,0.0,-11.22448979591837
Chad,TCD,2018,25000000.0,63000.0,,36500.0,,11239167898.3395,4.27462198610545,Africa,0.2224363958802818,0.0,-27.586206896551722
Chad,TCD,2019,25000000.0,81000.0,,21000.0,,11314951091.7283,-0.971939175419317,Africa,0.22094660239650563,0.0,28.57142857142858
Chad,TCD,2020,25000000.0,10399.9996185303,,5500.0,,10715396042.3343,4.4641443723286,Africa,0.23330915536140898,0.0,-87.16049429811075
Chile,CHL,1999,1243000000.0,3713000.0,5.91024854973688,1528000.0,5.33573483141307,75578685735.5219,3.33687917526016,South America,1.6446435762983789,,
Chile,CHL,2000,1179000000.0,3713000.0,5.06157312069949,1528000.0,4.12915505699642,78339750721.7352,3.84327295706575,South America,1.504983088582753,-5.148833467417536,0.0
Chile,CHL,2001,1184000000.0,3713000.0,5.28331578740644,1340000.0,4.38562025434649,71574739561.4329,3.56910053001458,South America,1.6542148909724885,0.4240882103477617,0.0
Chile,CHL,2002,1221000000.0,3713000.0,5.41095119538087,1444000.0,4.46333481829676,70264045939.1322,2.48939816650708,South America,1.737730846096905,3.125,0.0
Chile,CHL,2003,1309000000.0,3713000.0,4.92739529402512,1509000.0,4.80313644590958,76492579644.0605,2.81017875743615,South America,1.7112771017674018,7.2072072072072,0.0
Chile,CHL,2004,1571000000.0,3713000.0,4.03983292989044,1727000.0,4.25095661321369,99075985773.176,1.05473871403513,South America,1.5856516468043413,20.01527883880825,0.0
Chile,CHL,2005,1608000000.0,3713000.0,3.29910000419388,2031000.0,2.89351080804157,122294145162.835,3.05257621387847,South America,1.3148626190231292,2.355187778485046,0.0
Chile,CHL,2006,1853000000.0,3713000.0,2.77052275403508,2264000.0,2.73514763307883,153843518171.43,3.39201733699409,South America,1.2044706348532515,15.236318407960203,0.0
Chile,CHL,2007,2224000000.0,3713000.0,2.87823129040777,2451000.0,2.58756422608557,172491076033.863,4.40779938398042,South America,1.2893420640285125,20.021586616297892,0.0
Chile,CHL,2008,2481000000.0,3713000.0,3.31836438418314,2317000.0,1.96798891767853,179894594475.98,8.71626873039613,South America,1.3791409392966887,11.555755395683454,0.0
Chile,CHL,2009,2380000000.0,3657000.0,3.7362022539735,2359000.0,2.99297413281847,171777900623.177,0.353045178360957,South America,1.3855100052834621,-4.070939137444574,-1.5082143819014293
Chile,CHL,2010,2362000000.0,3584000.0,2.89384915392518,2737000.0,2.5426801598374,217051209240.298,1.41071107954317,South America,1.0882224560126836,-0.7563025210084007,-1.9961717254580291
Chile,CHL,2011,2723000000.0,3963000.0,2.90182561390452,3220000.0,2.41049318660301,251382573885.594,3.34121694259301,South America,1.0832095311583756,15.283657917019466,10.57477678571428
Chile,CHL,2012,3158000000.0,4397000.0,3.52510039100491,3448000.0,2.64220318666466,267024782480.28,3.00744840213047,South America,1.1826617629519915,15.975027543150944,10.95129952056524
Chile,CHL,2013,3171000000.0,4457000.0,3.59701334304443,3674000.0,2.75457548740044,277395018837.366,1.7895555398459,South America,1.1431351627330866,0.41165294490184134,1.3645667500568504
Chile,CHL,2014,3202000000.0,4601000.0,3.7640034763261,3842000.0,3.22282007740762,259560978231.552,4.71867527854663,South America,1.2336214872574276,0.9776095868811119,3.23087278438412
Chile,CHL,2015,3412000000.0,5487000.0,4.82755306531029,4103000.0,3.46484764593387,242450355827.827,4.34877353217053,South America,1.4072984089258207,6.558400999375391,19.25668332971093
Chile,CHL,2016,3744000000.0,6712000.0,5.3971622936419,4269000.0,3.90999796387354,249344863933.461,3.78619355893118,South America,1.5015348385114948,9.730363423212186,22.325496628394383
Chile,CHL,2017,4115000000.0,7621000.0,5.26903793030906,4367000.0,4.05810190554865,276154259987.103,2.18271846868519,South America,1.4901091875939843,9.909188034188032,13.542908224076289
Chile,CHL,2018,3911000000.0,6603000.0,4.65241781550272,4605000.0,3.59093985531259,295857562991.709,2.43488981353057,South America,1.3219198997152561,-4.957472660996354,-13.357827056816696
Chile,CHL,2019,3279000000.0,5431000.0,4.24439975371893,4091000.0,3.81664247847725,278285058719.466,2.55754475703327,South America,1.1782881966744392,-16.15954998721555,-17.749507799485087
Chile,CHL,2020,1034000000.0,5431000.0,1.29934068286281,4091000.0,1.0567336649427,254042159309.311,3.04549084804334,South America,0.40701905652637965,-68.46599573040561,0.0
China,CHN,1999,15006000000.0,72796000.0,10.0117424141336,9232000.0,9.74564544669289,1094003874937.34,-1.40147268276465,Asia,1.3716587613420914,,
China,CHN,2000,17318000000.0,83444000.0,9.11284789262419,10473000.0,8.79156471423692,1211331651866.09,0.347811226864587,Asia,1.4296662663211301,15.40717046514728,14.627177317435013
China,CHN,2001,19006000000.0,89013000.0,9.11244078783346,12133000.0,8.30636939851957,1339400897105.11,0.719125609120114,Asia,1.418992628799807,9.747083958886705,6.673937011648534
China,CHN,2002,21742000000.0,97908000.0,8.7801603686921,16602000.0,7.97123832687992,1470557654799.95,-0.731970902350244,Asia,1.4784867447415866,14.395454067136694,9.99292238212397
China,CHN,2003,18707000000.0,91662000.0,4.19461839833408,20222000.0,4.07553165362389,1660280543846.79,1.12760348729637,Asia,1.1267372896303889,-13.959157391224364,-6.379458266944482
China,CHN,2004,27755000000.0,109038000.0,4.58931225127819,28853000.0,3.85837919915505,1955346768721.39,3.82463743108159,Asia,1.4194413207918675,48.366921473245306,18.956601426981745
China,CHN,2005,27755000000.0,120292000.0,4.58931225127819,31026000.0,3.85837919915505,2285961149879.85,1.77641407667571,Asia,1.2141501180568532,0.0,10.321172435297775
China,CHN,2006,27755000000.0,124942000.0,4.58931225127819,34524000.0,3.85837919915505,2752118657184.02,1.6494309945586,Asia,1.0084957611674723,0.0,3.8655937219432612
China,CHN,2007,27755000000.0,131873000.0,4.58931225127819,40954000.0,3.85837919915505,3550327802998.4,4.81676767378834,Asia,0.7817587991891831,0.0,5.547373981527426
China,CHN,2008,27755000000.0,130027000.0,4.58931225127819,45844000.0,3.85837919915505,4594336785737.67,5.92525137041092,Asia,0.6041133093716733,0.0,-1.3998316562146895
China,CHN,2009,27755000000.0,126476000.0,4.58931225127819,47656000.0,3.85837919915505,5101691124285.21,-0.728165250932898,Asia,0.5440352879828394,0.0,-2.7309712598152736
China,CHN,2010,27755000000.0,133762000.0,4.58931225127819,57386000.0,3.85837919915505,6087191746679.49,3.17532475269199,Asia,0.45595737993862456,0.0,5.760776748157759
China,CHN,2011,27755000000.0,135423000.0,4.58931225127819,70250000.0,3.85837919915505,7551545703440.75,5.55389892257493,Asia,0.36754064783523516,0.0,1.2417577488374798
China,CHN,2012,27755000000.0,132405000.0,4.58931225127819,83182000.0,3.85837919915505,8532185381680.59,2.61952432645541,Asia,0.32529766710874114,0.0,-2.228572694446296
China,CHN,2013,27755000000.0,129078000.0,4.58931225127819,98185000.0,3.85837919915505,9570471111831.68,2.62105001748115,Asia,0.29000662219947926,0.0,-2.5127449869717933
China,CHN,2014,27755000000.0,128499000.0,4.58931225127819,116593000.0,3.85837919915505,10475624944355.2,1.92164162788521,Asia,0.26494839350807237,0.0,-0.4485659833588951
China,CHN,2015,27755000000.0,133820000.0,4.58931225127819,127860000.0,3.85837919915505,11061572618578.7,1.43702380935655,Asia,0.25091368973506983,0.0,4.140888255939745
China,CHN,2016,27755000000.0,141774000.0,4.58931225127819,135130000.0,3.85837919915505,11233313730348.7,2.00000182191943,Asia,0.24707758250368428,0.0,5.943805111343603
China,CHN,2017,27755000000.0,153260000.0,4.58931225127819,143035000.0,3.85837919915505,12310491333980.9,1.59313600071436,Asia,0.22545810111889936,0.0,8.10162653236841
China,CHN,2018,27755000000.0,158606000.0,4.58931225127819,149720000.0,3.85837919915505,13894907857880.6,2.07479039965576,Asia,0.19974943543262538,0.0,3.488190003914915
China,CHN,2019,27755000000.0,162538000.0,4.58931225127819,154632000.0,3.85837919915505,14279968506271.7,2.89923416358227,Asia,0.194363173754971,0.0,2.479099151356201
China,CHN,2020,27755000000.0,30402000.0,4.58931225127819,20334000.0,3.85837919915505,14687744162801.0,2.41942189457782,Asia,0.18896707140565439,0.0,-81.29545090994105
Colombia,COL,1999,1231000000.0,725000.0,8.83044689708908,1098000.0,10.0158366908174,86278947636.962,10.8736870857471,South America,1.4267675182823372,,
Colombia,COL,2000,1313000000.0,707000.0,8.30662252233001,1235000.0,10.0290108150725,99875074951.0278,9.22534818585366,South America,1.3146423175590198,6.661251015434599,-2.4827586206896513
Colombia,COL,2001,1483000000.0,788000.0,9.84526279544197,1381000.0,9.70460801647049,98200641203.3892,7.96556090304834,South America,1.51017343861174,12.947448591012956,11.456859971711463
Colombia,COL,2002,1237000000.0,661000.0,8.67625091255039,1277000.0,8.70210865288356,97945812802.8882,6.35150728778872,South America,1.2629432178886606,-16.587997302764666,-16.116751269035532
Colombia,COL,2003,1191000000.0,668000.0,7.57253613697491,1177000.0,8.04862865722848,94644969157.0987,7.1297886294186,South America,1.2583870126504986,-3.7186742118027527,1.0590015128593144
Colombia,COL,2004,1535000000.0,840000.0,7.81878536892937,1405000.0,7.6707630767041,117092416666.245,5.90402005546502,South America,1.310930326406445,28.883291351805205,25.748502994011968
Colombia,COL,2005,1891000000.0,981000.0,7.66679008779926,1553000.0,7.62755605350579,145600529605.803,5.05101962689696,South America,1.2987590121544674,23.192182410423445,16.785714285714292
Colombia,COL,2006,2370000000.0,2096000.0,8.21156610721207,1790500.0,7.04566480003786,161792958904.864,4.29342363628927,South America,1.464835068251385,25.33051295610789,113.65953109072376
Colombia,COL,2007,2616000000.0,2381000.0,7.44710778248662,2028000.0,6.48444819929603,206229540926.312,5.54438485815156,South America,1.2684894648214944,10.379746835443049,13.59732824427482
Colombia,COL,2008,2966000000.0,2545000.0,6.749950135906,2042000.0,6.09599676113846,242504150472.931,6.99688495554511,South America,1.223071850199559,13.379204892966357,6.8878622427551495
Colombia,COL,2009,3080000000.0,2649000.0,7.82728510732362,2122000.0,7.07503841790778,232468663109.595,4.20251661216482,South America,1.3249097572122936,3.8435603506405958,4.086444007858536
Colombia,COL,2010,3473000000.0,1701000.0,7.42324775591558,2342000.0,6.58350914138186,286498534094.963,2.27200227892008,South America,1.2122226073411033,12.759740259740248,-35.78708946772367
Colombia,COL,2011,3841000000.0,2356000.0,5.92857718532515,2522000.0,5.74071255292757,334966134804.887,3.4150334477625,South America,1.1466830825263359,10.596026490066235,38.50676072898296
Colombia,COL,2012,4409000000.0,2434000.0,6.37583761092681,3169000.0,6.31720340706607,370691143018.039,3.16930188840055,South America,1.1893998772410497,14.787815673001825,3.310696095076393
Colombia,COL,2013,4819000000.0,2595000.0,7.02818340469642,3605000.0,6.39400333112529,382093697077.685,2.01699224310383,South America,1.2612089748814228,9.299160807439332,6.614626129827439
Colombia,COL,2014,4941000000.0,2866000.0,7.5519879183493,3911000.0,6.81466643542655,381240864422.407,2.89883787761738,South America,1.296031055717436,2.5316455696202445,10.443159922928702
Colombia,COL,2015,5281000000.0,3371000.0,11.2346080616094,3862000.0,7.40786560651078,293492370193.166,4.9898311584953,South America,1.7993653451789011,6.8811981380287435,17.62037683182136
Colombia,COL,2016,5631000000.0,3675000.0,13.1661287090721,3795000.0,8.69975634076867,282720100286.228,7.51346024627675,South America,1.991722553259967,6.627532664268121,9.018095520617031
Colombia,COL,2017,5899000000.0,4056000.0,11.9602679643097,4017000.0,8.8424961849426,311866875156.879,4.31431325695011,South America,1.8915122027732552,4.7593677854732785,10.367346938775501
Colombia,COL,2018,6655000000.0,4397000.0,12.3873830529324,4368000.0,8.60451441043297,334198218098.276,3.24056932930569,South America,1.9913331788151536,12.81573147991184,8.407297830374748
Colombia,COL,2019,6784000000.0,4531000.0,13.2179825302544,4479000.0,8.64183808616209,323031701192.84,3.52301932741447,South America,2.1001034805404935,1.9383921863260767,3.0475324084603184
Colombia,COL,2020,1959000000.0,1396000.0,5.12510160368679,1275000.0,3.07042593032713,270348342541.465,2.52663500084706,South America,0.7246206807054998,-71.12323113207547,-69.1900242772015
Comoros,COM,1999,19000000.0,24000.0,25.9347886247757,,7.7886663905999,382454989.945311,5.5545939481681,Africa,4.967904851422359,,
Comoros,COM,2000,15000000.0,24000.0,25.9347886247757,,7.7886663905999,351136579.648632,5.5545939481681,Africa,4.271842032239958,-21.052631578947366,0.0
Comoros,COM,2001,9000000.0,19399.9996185303,25.9347886247757,,7.7886663905999,378512024.077556,5.5545939481681,Africa,2.3777315983377916,-40.0,-19.166668256123753
Comoros,COM,2002,10899999.6185303,18899.9996185303,25.9347886247757,,7.7886663905999,425964681.044378,3.53304214308079,Africa,2.558897510424042,21.11110687255888,-2.5773196383076957
Comoros,COM,2003,15600000.3814697,20600.0003814697,25.9347886247757,,7.7886663905999,546885222.713065,3.79908136671903,Africa,2.852518176314772,43.11927456354467,8.99471321297094
Comoros,COM,2004,21399999.6185303,23299.9992370605,37.5100836172989,,7.85126916874272,633706110.795614,4.47499289078105,Africa,3.3769596432741884,37.17948137969322,13.106790318409534
Comoros,COM,2005,24399999.6185303,25899.9996185303,42.7128281790112,,13.7969023012677,653845169.168576,3.0133239505812,Africa,3.731770267501882,14.018691838677855,11.158800285857051
Comoros,COM,2006,27399999.6185303,28500.0,45.5314865256035,,15.1470384028775,698431793.872776,3.37436360121207,Africa,3.9230745018920756,12.29508215943449,10.038611659320317
Comoros,COM,2007,30399999.6185303,15199.9998092651,42.4698824475989,,14.7700523729578,795673152.867077,4.46616710098134,Africa,3.8206642399569364,10.94890526192247,-46.666667335911924
Comoros,COM,2008,37400001.5258789,14800.0001907349,50.2487652905123,,12.1314123960281,915659107.965823,1.70078176284526,Africa,4.084489653465539,23.026322352588945,-2.6315764707206313
Comoros,COM,2009,32299999.2370605,11300.0001907349,41.4028489910021,,11.7827299379372,905341172.70583,4.36234829325718,Africa,3.5677157088221425,-13.636369199850051,-23.648648343876854
Comoros,COM,2010,35200000.7629395,15300.0001907349,40.2201939594629,,12.2243097529549,907978730.887844,3.35475770328922,Africa,3.8767428757411606,8.97833310953018,35.39822949100198
Comoros,COM,2011,42200000.7629395,18799.9992370605,42.2958178576916,,12.1672639211248,1023086273.53336,1.8426630075621,Africa,4.124774406091518,19.8863632053383,22.875810475120552
Comoros,COM,2012,39299999.2370605,22799.9992370605,43.8902443806034,,11.2859233184114,1015843490.82374,6.31474450315196,Africa,3.868706113890873,-6.872041406278385,21.27659660812531
Comoros,COM,2013,51049999.2370605,21899.9996185303,47.03485512177315,,11.607866564380501,1116224106.83728,-4.29487331536736,Africa,4.573454284346721,29.89821940993722,-3.947366880027292
Comoros,COM,2014,62799999.2370605,22799.9992370605,50.1794658629429,,11.9298098103496,1149587661.00693,-4.29487331536736,Africa,5.462828226779473,23.01665068678378,4.109587370808354
Comoros,COM,2015,51599998.4741211,23600.0003814697,53.1963626798565,,12.7204020485862,966029600.862227,-4.29487331536736,Africa,5.341451072313485,-17.834396335995308,3.5087770665747753
Comoros,COM,2016,50500000.0,26799.9992370605,46.7158698247662,,14.1792524561738,1012835493.19325,-4.29487331536736,Africa,4.98600220266615,-2.1317800516462815,13.559316965534386
Comoros,COM,2017,60599998.4741211,28000.0,47.2712177495687,,13.7569470634361,1077439756.59451,-4.29487331536736,Africa,5.624444253445871,19.999996978457624,4.4776149145559385
Comoros,COM,2018,73699996.9482422,35900.0015258789,49.3342875094234,,13.4964642778282,1188797449.38584,-4.29487331536736,Africa,6.199541981379361,21.617159742529335,28.21429116385321
Comoros,COM,2019,72699996.9482422,45099.9984741211,51.1217128842715,,14.9974513278476,1195019531.9011,-4.29487331536736,Africa,6.083582318741454,-1.3568521593050775,25.626731357129007
Comoros,COM,2020,18500000.0,7000.0,26.8359915308607,,12.5142743473972,1225039196.61091,-4.29487331536736,Africa,1.5101557608263099,-74.55295629080861,-84.47893517332005
"Congo, Dem. Rep.",COD,1999,3200000.0,80000.0,0.116533139111435,50000.0,1.39910871592911,4711259427.27273,284.894975914087,Africa,0.06792238995534208,,
"Congo, Dem. Rep.",COD,2000,3200000.0,103000.0,0.116533139111435,69125.0,1.39910871592911,19088046305.7971,513.906843747535,Africa,0.01676441867719144,0.0,28.750000000000007
"Congo, Dem. Rep.",COD,2001,3200000.0,55000.0,0.116533139111435,88250.0,1.39910871592911,7438189100.33333,359.936614264586,Africa,0.04302122407531421,0.0,-46.601941747572816
"Congo, Dem. Rep.",COD,2002,3200000.0,28000.0,0.116533139111435,107375.0,1.39910871592911,8728038525.14034,31.5225826025495,Africa,0.036663449534310416,0.0,-49.09090909090909
"Congo, Dem. Rep.",COD,2003,3200000.0,35000.0,0.116533139111435,126500.0,1.39910871592911,8937567059.87754,12.8739657187405,Africa,0.03580392716005921,0.0,25.0
"Congo, Dem. Rep.",COD,2004,3200000.0,36000.0,0.116533139111435,145625.0,1.39910871592911,10297483481.223,3.99438400815971,Africa,0.031075553613026493,0.0,2.857142857142847
"Congo, Dem. Rep.",COD,2005,3200000.0,61000.0,0.116533139111435,164750.0,1.39910871592911,11964484465.9388,21.3168167229341,Africa,0.026745824352983606,0.0,69.44444444444444
"Congo, Dem. Rep.",COD,2006,3100000.0,55000.0,0.0988016318204998,183875.0,2.44904408279349,14451901696.3878,13.0526949745101,Africa,0.021450464202748026,-3.125,-9.836065573770492
"Congo, Dem. Rep.",COD,2007,700000.0,47000.0,0.010702872956898,203000.0,1.58550066911037,16737071816.38,16.945100654195,Africa,0.004182332535102909,-77.41935483870968,-14.54545454545455
"Congo, Dem. Rep.",COD,2008,700000.0,50000.0,0.0090932709794751,222125.0,1.43902825934235,19788515590.1284,17.3013845700157,Africa,0.003537405303656018,0.0,6.382978723404253
"Congo, Dem. Rep.",COD,2009,24000000.0,53000.0,0.478001951841303,241250.0,1.78832710128434,18648372553.0921,2.79999999999982,Africa,0.1286975575572172,3328.5714285714284,6.000000000000005
"Congo, Dem. Rep.",COD,2010,10700000.0,81000.0,0.12067896013083,260375.0,1.40118820760004,21565721044.8462,7.10000000000037,Africa,0.04961577671226114,-55.41666666666667,52.830188679245296
"Congo, Dem. Rep.",COD,2011,11400000.0,186000.0,0.111641025138817,279500.0,2.52437498340971,25839749199.3671,15.316515913949,Africa,0.044118075264752275,6.542056074766345,129.62962962962962
"Congo, Dem. Rep.",COD,2012,6900000.0,167000.0,0.0764029715734843,298625.0,0.981031889318889,29306235285.2597,9.72182806273364,Africa,0.02354447759269348,-39.473684210526315,-10.215053763440862
"Congo, Dem. Rep.",COD,2013,8400000.0,191000.0,0.0705345316487248,317750.0,1.26830322874188,32679745048.4427,0.808223101487111,Africa,0.025703994898210777,21.739130434782616,14.371257485029943
"Congo, Dem. Rep.",COD,2014,45400000.0,334000.0,0.359290987933954,336875.0,1.79244389754466,35909040925.9375,1.24303889760803,Africa,0.12643055573006706,440.4761904761905,74.86910994764398
"Congo, Dem. Rep.",COD,2015,100000.0,354000.0,0.0009561945847061,356000.0,0.994810414350185,37917706497.1793,0.74419899478147,Africa,0.00026372903120456143,-99.77973568281938,5.988023952095811
"Congo, Dem. Rep.",COD,2016,4300000.0,351000.0,0.035793511368544,424000.0,0.421402454813347,37134801555.3322,2.88585107289988,Africa,0.011579434438589484,4200.0,-0.8474576271186418
"Congo, Dem. Rep.",COD,2017,6000000.0,351000.0,0.0514743172654784,424000.0,0.520567173320126,38019264794.8263,2.88585107289988,Africa,0.015781472977921672,39.53488372093024,0.0
"Congo, Dem. Rep.",COD,2018,60500000.0,351000.0,0.376205306165348,424000.0,0.646996731516002,47568210009.8172,2.88585107289988,Africa,0.12718578224304408,908.3333333333334,0.0
"Congo, Dem. Rep.",COD,2019,60500000.0,351000.0,0.376205306165348,424000.0,0.646996731516002,51775829877.2088,2.88585107289988,Africa,0.116849889501494,0.0,0.0
"Congo, Dem. Rep.",COD,2020,60500000.0,351000.0,0.376205306165348,424000.0,0.646996731516002,48716961860.1325,2.88585107289988,Africa,0.12418672612158548,0.0,0.0
"Congo, Rep.",COG,1999,13500000.0,199000.0,0.79098011964422,161000.0,5.10144944170162,2354772960.28296,4.14267137284048,Africa,0.5733036784309677,,
"Congo, Rep.",COG,2000,12399999.6185303,199000.0,0.470616642802466,161000.0,4.93071144837984,3227927697.57921,-0.881991517025431,Africa,0.3841473781407713,-8.148150973849633,0.0
"Congo, Rep.",COG,2001,22600000.3814697,199000.0,1.02678392666374,161000.0,5.34252545514008,2796704604.03812,0.0559899218140583,Africa,0.8080939384459088,82.25807319942764,0.0
"Congo, Rep.",COG,2002,25600000.3814697,199000.0,1.03846068480859,161000.0,5.22863096286764,3034250923.97726,4.37875971780873,Africa,0.8437008349959906,13.274336059125801,0.0
"Congo, Rep.",COG,2003,30000000.0,199000.0,1.05743513160552,161000.0,6.89866884649169,3503723087.74483,-0.631844987363156,Africa,0.8562320494143127,17.18749825377033,0.0
"Congo, Rep.",COG,2004,23100000.3814697,199000.0,0.635247640128228,161000.0,8.84930336416071,4656974940.12721,2.42976607961799,Africa,0.4960301628945141,-22.999998728434335,0.0
"Congo, Rep.",COG,2005,25866666.793823235,199000.0,0.6018406038910107,161000.0,6.696855717385983,6650001680.48544,3.09449011456182,Africa,0.3889723346947336,11.976910678204543,0.0
"Congo, Rep.",COG,2006,28633333.206176765,199000.0,0.5684335676537933,161000.0,4.544408070611256,8072305029.06514,6.53784395299604,Africa,0.35471074374766054,10.69587525291118,0.0
"Congo, Rep.",COG,2007,31399999.6185303,199000.0,0.535026531416576,161000.0,2.39196042383653,8782703436.70188,2.65464645060703,Africa,0.35752089142977794,9.662397292106784,0.0
"Congo, Rep.",COG,2008,37000000.0,199000.0,0.445265233455631,161000.0,3.61052667869088,11649857673.4436,4.95875092023152,Africa,0.3176004466075431,17.834396335995283,0.0
"Congo, Rep.",COG,2009,85000000.0,199000.0,1.35575372842216,161000.0,7.94433143511293,9723299915.25312,4.41500374795223,Africa,0.8741888118318651,129.72972972972974,0.0
"Congo, Rep.",COG,2010,39000000.0,199000.0,0.432835813258715,161000.0,4.27269636970259,13148396211.5955,0.391525011227612,Africa,0.2966141221513093,-54.117647058823536,0.0
"Congo, Rep.",COG,2011,47000000.0,224000.0,0.407837451363465,161000.0,4.09672309342672,15655383576.6515,1.75958704273803,Africa,0.3002162148878676,20.512820512820507,12.562814070351758
"Congo, Rep.",COG,2012,68000000.0,259000.0,0.661710094070652,161000.0,4.42251959233605,17692911296.3044,5.01018773134471,Africa,0.38433471383651524,44.6808510638298,15.625
"Congo, Rep.",COG,2013,52400001.5258789,345000.0,0.551211660219724,180000.0,5.00290839324609,17958720699.0868,4.63161619729461,Africa,0.29178025764687926,-22.941174226648677,33.204633204633204
"Congo, Rep.",COG,2014,56900001.5258789,229000.0,0.597614561680556,180000.0,4.75393270342321,17919321078.0284,0.912139545450097,Africa,0.3175343601362569,8.587786009467147,-33.6231884057971
"Congo, Rep.",COG,2015,46900001.5258789,224000.0,0.923139370248544,180000.0,5.8581629832301,12434793867.3568,3.16909796750829,Africa,0.37716750294509055,-17.574691971584333,-2.183406113537123
"Congo, Rep.",COG,2016,42900001.5258789,213000.0,0.932705842034384,180000.0,6.26798792148121,10931328150.8478,3.19056179723773,Africa,0.3924500384022568,-8.528784370705921,-4.91071428571429
"Congo, Rep.",COG,2017,42900001.5258789,151000.0,0.932705842034384,180000.0,6.26798792148121,11834473039.3645,0.450063823285546,Africa,0.3625003106026138,0.0,-29.107981220657276
"Congo, Rep.",COG,2018,42900001.5258789,158000.0,0.932705842034384,180000.0,6.26798792148121,14773900288.5135,1.15277896375523,Africa,0.29037695319517653,0.0,4.635761589403975
"Congo, Rep.",COG,2019,42900001.5258789,158000.0,0.932705842034384,180000.0,6.26798792148121,13976637779.9763,2.20607305781525,Africa,0.3069407836220797,0.0,0.0
"Congo, Rep.",COG,2020,42900001.5258789,158000.0,0.932705842034384,180000.0,6.26798792148121,11468687464.0046,1.79537147083108,Africa,0.37406199846777594,0.0,0.0
Costa Rica,CRI,1999,1256000000.0,1267000.0,20.1954893578087,353000.0,9.84907289214016,14254866284.6542,10.0452817292494,North America,8.811026178141864,,
Costa Rica,CRI,2000,1629000000.0,1278000.0,25.1265284470009,381000.0,8.34755557131643,15013629661.8969,10.9615496593622,North America,10.85014108303364,29.69745222929936,0.8681925808997626
Costa Rica,CRI,2001,1480000000.0,1320000.0,22.7438793004657,361000.0,6.68910472759352,15976174336.9721,11.2556157091172,North America,9.263794753259425,-9.14671577655003,3.2863849765258246
Costa Rica,CRI,2002,1429000000.0,1335000.0,21.8651279213346,364000.0,6.27628626116919,16578820687.2881,9.16752048509119,North America,8.619430941162742,-3.4459459459459496,1.1363636363636465
Costa Rica,CRI,2003,1573000000.0,1514000.0,22.2704794466318,373000.0,6.58799217570644,17271760506.9483,9.44758091616984,North America,9.107351849669255,10.076976906927925,13.408239700374525
Costa Rica,CRI,2004,1755000000.0,1771000.0,22.2117488901232,425000.0,6.64299505066189,18610594846.2083,12.3148150178852,North America,9.430112333876107,11.570247933884303,16.974900924702773
Costa Rica,CRI,2005,2008000000.0,1959000.0,22.906577703843,487000.0,6.47550804128426,20040642476.9817,13.7982949108987,North America,10.019638852927747,14.415954415954424,10.615471485036698
Costa Rica,CRI,2006,2066000000.0,2071000.0,20.8705667544808,485000.0,6.15596980058368,22715540324.3032,11.4705968149052,North America,9.095095122124834,2.8884462151394397,5.71720265441551
Costa Rica,CRI,2007,2454000000.0,2302000.0,22.3214260417398,577000.0,6.72623307872768,26884700709.3146,9.35724456417157,North America,9.12786802625545,18.780251694094872,11.154031868662484
Costa Rica,CRI,2008,2811000000.0,2409000.0,23.196828937529,528000.0,5.1839559299197,30801745700.4514,13.4244635507284,North America,9.126106121831935,14.5476772616137,4.648132059079058
Costa Rica,CRI,2009,2216000000.0,2309000.0,20.5634850406393,579000.0,4.68134843838751,30745714312.6417,7.84270167700654,North America,7.207508589542994,-21.16684453930986,-4.151100041511002
Costa Rica,CRI,2010,2426000000.0,2495000.0,19.3862751896658,662000.0,4.86474694041684,37658616951.8038,5.66275708420021,North America,6.442084697653236,9.476534296028882,8.055435253356436
Costa Rica,CRI,2011,2646000000.0,2526000.0,18.7877942757276,717000.0,4.0580812161243,42762613698.9636,4.87799830970702,North America,6.187647973594581,9.068425391591095,1.2424849699398832
Costa Rica,CRI,2012,2773000000.0,2542000.0,18.3263881553045,773000.0,3.92243503477703,47231655431.7355,4.49545314354605,North America,5.871062478442771,4.799697656840518,0.63341250989708
Costa Rica,CRI,2013,3171000000.0,2641000.0,20.04995370882,790000.0,3.86063472756409,50949668841.6696,5.23133614174428,North America,6.22378922590086,14.352686620988099,3.8945712037765645
Costa Rica,CRI,2014,3137000000.0,2760000.0,18.9413096506465,798000.0,3.78650066392884,52016408854.2658,4.51920098516954,North America,6.030789262651566,-1.0722169662567005,4.5058689890193016
Costa Rica,CRI,2015,3408000000.0,2899000.0,19.8763598756152,919000.0,5.23785030584605,56441920820.5194,0.801982005099623,North America,6.038065236718565,8.638826904686002,5.036231884057973
Costa Rica,CRI,2016,3776000000.0,3204000.0,20.2603493491788,1036000.0,5.87625523339127,58847019609.6549,-0.0174788505908217,North America,6.416637622511779,10.7981220657277,10.520869265263876
Costa Rica,CRI,2017,3758000000.0,3231000.0,19.3627805381231,1150000.0,6.9523909303104,60516044656.5206,1.62590692991732,North America,6.209923370454575,-0.4766949152542388,0.8426966292134797
Costa Rica,CRI,2018,4073000000.0,3313000.0,18.9608711422689,1079000.0,5.82626062356799,62420164991.5374,2.22111461526581,North America,6.525134947259746,8.382118147951045,2.537913958526783
Costa Rica,CRI,2019,4282000000.0,3366000.0,18.826592424136,1153000.0,6.5639824274372,64417670521.3545,2.09604635327807,North America,6.647244405679826,5.131352811195677,1.599758527014794
Costa Rica,CRI,2020,1479000000.0,1146500.0,7.40531362400925,324000.0,3.97928130200666,62395610760.0492,0.724911478131376,North America,2.370359039656965,-65.46006539000466,-65.93879976232917
Cote d'Ivoire,CIV,1999,107000000.0,182000.0,1.09067506657074,,7.44798769356133,18870992455.568,0.70237580595596,Africa,0.5670078044487216,,
Cote d'Ivoire,CIV,2000,53000000.0,182000.0,1.09067506657074,,7.44798769356133,16577533891.8785,2.53077516737987,Africa,0.3197097972815198,-50.46728971962617,0.0
Cote d'Ivoire,CIV,2001,58000000.0,182000.0,1.09067506657074,,7.44798769356133,16810537043.8407,4.36152914007262,Africa,0.34502169590858445,9.433962264150942,0.0
Cote d'Ivoire,CIV,2002,56000000.0,182000.0,1.09067506657074,,7.44798769356133,18054383320.8474,3.0772648515743,Africa,0.3101739838177513,-3.4482758620689613,0.0
Cote d'Ivoire,CIV,2003,76000000.0,182000.0,1.09067506657074,,7.44798769356133,21251754340.4305,3.29680746974211,Africa,0.35761753492234494,35.71428571428572,0.0
Cote d'Ivoire,CIV,2004,91000000.0,182000.0,1.09067506657074,,7.44798769356133,23510575681.3686,1.45798835600739,Africa,0.3870598543961417,19.736842105263165,0.0
Cote d'Ivoire,CIV,2005,93000000.0,182000.0,1.09067506657074,,7.44798769356133,24036918703.1747,3.88583039886476,Africa,0.38690483230580186,2.19780219780219,0.0
Cote d'Ivoire,CIV,2006,104000000.0,182000.0,1.11544451555118,,7.66946626744505,25281413263.3712,2.46719148596918,Africa,0.4113694077011101,11.827956989247301,0.0
Cote d'Ivoire,CIV,2007,115000000.0,182000.0,1.19701655086909,,7.05293465053936,28760090953.3081,1.89200629349597,Africa,0.3998596533880997,10.576923076923084,0.0
Cote d'Ivoire,CIV,2008,129000000.0,205000.0,1.12636181747122,,6.27055755543068,34078240293.2559,6.30852769152581,Africa,0.3785406725520659,12.173913043478258,12.637362637362637
Cote d'Ivoire,CIV,2009,164000000.0,231000.0,1.32371042795774,,6.05637553102191,33886813250.2036,1.01950457731133,Africa,0.4839640682323961,27.13178294573644,12.682926829268283
Cote d'Ivoire,CIV,2010,213000000.0,252000.0,1.68973204905227,,5.27539658019629,34936307980.063,1.22645612135479,Africa,0.609680908817131,29.87804878048781,9.090909090909083
Cote d'Ivoire,CIV,2011,186000000.0,270000.0,1.36067599152238,,6.11813577266397,36693710801.3976,4.9124339505246,Africa,0.5068988552471929,-12.676056338028175,7.14285714285714
Cote d'Ivoire,CIV,2012,172500000.0,289000.0,1.31604360712483,,4.6717574262003,36302302877.2977,1.30451119915597,Africa,0.47517646630587723,-7.258064516129037,7.037037037037042
Cote d'Ivoire,CIV,2013,191000000.0,380000.0,1.47058428225888,,4.83012319386609,42760235484.6093,2.58117037252936,Africa,0.44667667947887396,10.724637681159411,31.487889273356394
Cote d'Ivoire,CIV,2014,195000000.0,471000.0,1.40399855602527,,5.13405416063306,48843005613.7091,0.448682076766141,Africa,0.39923833013517096,2.0942408376963373,23.94736842105263
Cote d'Ivoire,CIV,2015,214000000.0,1441000.0,1.71180659620278,,4.93351129502644,45815005169.2651,1.25149954781477,Africa,0.46709587657879703,9.743589743589753,205.9447983014862
Cote d'Ivoire,CIV,2016,477000000.0,1583000.0,4.04344459076363,,4.58036778178687,48407761036.8238,0.723178457513217,Africa,0.9853791825594782,122.89719626168223,9.85426786953505
Cote d'Ivoire,CIV,2017,509000000.0,1800000.0,3.95929255140939,,4.75992847176845,52512343996.69,0.685881065304603,Africa,0.9692959050391726,6.708595387840677,13.708149084017695
Cote d'Ivoire,CIV,2018,551000000.0,1965000.0,4.21111668899684,,4.7409257889564,58522477786.6889,0.359409031380677,Africa,0.941518576859243,8.251473477406691,9.166666666666657
Cote d'Ivoire,CIV,2019,550500000.0,2070000.0,3.99182051785074,,5.45004598513617,60382894697.3557,-1.10686343994188,Africa,0.9116820297522232,-0.09074410163338875,5.343511450381677
Cote d'Ivoire,CIV,2020,199300003.051758,668000.0,1.50622739528075,,2.48812416722662,63027852805.4204,2.42500656821815,Africa,0.3162094124752068,-63.79654803782779,-67.72946859903382
Croatia,HRV,1999,2595000000.0,29215000.0,31.9626615732651,4393000.0,8.26363857691421,23777026779.3004,4.01913875598086,Europe,10.913896106888911,,
Croatia,HRV,2000,2871000000.0,37226000.0,37.7035628380215,4393000.0,7.37573955133461,22134411297.473,4.61131554737801,Europe,12.970753824962902,10.635838150289011,27.42084545610133
Croatia,HRV,2001,3463000000.0,40129000.0,40.0703267898142,4393000.0,6.88300231912075,23066883849.6467,3.77670246665889,Europe,15.012864427515812,20.619993033786145,7.798313007038082
Croatia,HRV,2002,3952000000.0,41737000.0,40.1004871598731,4393000.0,6.90221997323498,26757722428.6781,1.67178437393383,Europe,14.769567965038641,14.12070459139474,4.007077176107066
Croatia,HRV,2003,6513000000.0,42857000.0,52.1320301945385,4393000.0,4.39318569948236,35245317001.8224,1.76733780760629,Europe,18.479050705270257,64.80263157894737,2.683470302130009
Croatia,HRV,2004,6945000000.0,44974000.0,45.2625834775581,4393000.0,4.65093657989413,41836292157.3335,2.05539679050328,Europe,16.600419496742155,6.632888070013809,4.939683132277106
Croatia,HRV,2005,7625000000.0,45762000.0,45.9021032414287,4393000.0,3.80845706220229,45013119281.806,3.31717824448045,Europe,16.93950590774093,9.791216702663785,1.7521234491039372
Croatia,HRV,2006,8296000000.0,47733000.0,43.1054119854868,4393000.0,3.28010727318646,49590197656.5482,3.18982591472949,Europe,16.729112590872166,8.800000000000008,4.307066998819975
Croatia,HRV,2007,9617000000.0,52271000.0,42.0672953971221,4393000.0,3.6716509828522,59298265769.9946,2.89928275583388,Europe,16.218012238844057,15.923336547733857,9.507049630234853
Croatia,HRV,2008,11615000000.0,51336000.0,44.8432559724381,4393000.0,3.53966946341047,68478776205.9826,6.07696838798354,Europe,16.96145965731389,20.775709680773623,-1.7887547588529062
Croatia,HRV,2009,9300000000.0,47573000.0,45.1296760919163,4823000.0,4.33864033103325,62321642125.1721,2.37852845904674,Europe,14.922584968671215,-19.931123547137318,-7.330138694093813
Croatia,HRV,2010,8299000000.0,49006000.0,38.6001022555007,5174500.0,3.80280605518446,58981738868.753,1.03055505333574,Europe,14.07045665179023,-10.763440860215056,3.0122128097870737
Croatia,HRV,2011,9598000000.0,49969000.0,39.3789315379639,5526000.0,3.62155873687709,62903737379.7834,2.2727272727273,Europe,15.258234883647305,15.652488251596575,1.9650655021834051
Croatia,HRV,2012,8912000000.0,47185000.0,38.0950325877359,5159000.0,4.13759127022162,57551963753.2104,3.41207349081358,Europe,15.485136246984906,-7.147322358824759,-5.571454301667034
Croatia,HRV,2013,9715000000.0,48345000.0,41.3270508430111,5444000.0,3.74048780779434,59852401272.3204,2.21658206429779,Europe,16.23159604875008,9.010323159784562,2.458408392497624
Croatia,HRV,2014,10079000000.0,51168000.0,40.3618507921223,4638000.0,3.43155807299511,59612144078.4133,-0.215196159576268,Europe,16.907628732061994,3.7467833247555316,5.839280173751171
Croatia,HRV,2015,8207000000.0,55858000.0,35.7299877849691,4355000.0,3.37209896087291,51005200669.6941,-0.464499004644911,Europe,16.090516049819946,-18.573271157852965,9.16588492808006
Croatia,HRV,2016,9215000000.0,57587000.0,37.3704083931444,2581000.0,3.97690226086533,52654855638.1057,-1.12500000000002,Europe,17.500760164141848,12.282198123553068,3.0953489204769147
Croatia,HRV,2017,10534000000.0,59238000.0,37.5700291981091,2597000.0,5.13830654635478,56186190437.9959,1.12937210282347,Europe,18.748379126406093,14.313619099294627,2.8669665028565383
Croatia,HRV,2018,11348000000.0,57668000.0,37.0168427315026,2980000.0,5.56367646553492,61668130122.5878,1.50012501041756,Europe,18.401725457609512,7.727359027909619,-2.6503258043823252
Croatia,HRV,2019,11974000000.0,60021000.0,38.0022681419972,3500000.0,5.6959711703352,61467582193.6824,0.771820346498019,Europe,19.48018707205744,5.516390553401473,4.080252479711444
Croatia,HRV,2020,5631853027.34375,21608000.0,23.4140153305095,678000.0,2.81999074124789,57963370885.0798,0.154811374562106,Europe,9.716227578464437,-52.96598440501295,-63.99926692324354
Cuba,CUB,1999,1901000000.0,1603000.0,,97000.0,,28364615200.0,,North America,6.702012301580597,,
Cuba,CUB,2000,1948000000.0,1774000.0,,139000.0,,30565400000.0,,North America,6.373219391861386,2.472382956338759,10.667498440424206
Cuba,CUB,2001,1840000000.0,1775000.0,,121000.0,,31682400000.0,,North America,5.807640835290256,-5.544147843942504,0.05636978579481866
Cuba,CUB,2002,1769000000.0,1686000.0,,111000.0,,33590500000.0,,North America,5.266369955791072,-3.8586956521739157,-5.014084507042249
Cuba,CUB,2003,1999000000.0,1906000.0,,113000.0,,35901200000.0,,North America,5.568059006384188,13.001695873374786,13.048635824436538
Cuba,CUB,2004,2114000000.0,2049000.0,,124000.0,,38203000000.0,,North America,5.533596837944664,5.752876438219112,7.502623294858335
Cuba,CUB,2005,2591000000.0,2319000.0,,162000.0,,42643836100.0,,North America,6.075907415843389,22.563859981078526,13.17715959004393
Cuba,CUB,2006,2414000000.0,2221000.0,,199000.0,,48835925925.9259,,North America,4.9430822785290145,-6.8313392512543425,-4.225959465286766
Cuba,CUB,2007,2415000000.0,2152000.0,,194000.0,,54262870370.3704,,North America,4.450557044838311,0.041425020712515526,-3.1067086897793805
Cuba,CUB,2008,2535000000.0,2348000.0,,202000.0,,56302129629.6296,,North America,4.502493984998267,4.968944099378891,9.107806691449817
Cuba,CUB,2009,2249000000.0,2430000.0,,206000.0,,57481481481.4815,,North America,3.9125644329896896,-11.282051282051286,3.4923339011925014
Cuba,CUB,2010,2396000000.0,2532000.0,,251000.0,,59562962962.963,,North America,4.022634000746173,6.536238328145849,4.197530864197541
Cuba,CUB,2011,2503000000.0,2716000.0,,253000.0,,68990000000.0,,North America,3.6280620379765183,4.465776293823032,7.26698262243286
Cuba,CUB,2012,2614000000.0,2847000.0,,213000.0,,73141000000.0,,North America,3.573918869033784,4.434678385936874,4.8232695139911685
Cuba,CUB,2013,2608000000.0,2862000.0,,286000.0,,77148000000.0,,North America,3.380515373049204,-0.22953328232593329,0.5268703898840821
Cuba,CUB,2014,2546000000.0,3014000.0,,355000.0,,80656100000.0,,North America,3.156611837170406,-2.3773006134969354,5.310971348707194
Cuba,CUB,2015,2819000000.0,3540000.0,,580000.0,,87132800000.0,,North America,3.2352914172389733,10.722702278083274,17.451891174518906
Cuba,CUB,2016,3069000000.0,4009000.0,,385000.0,,91370407863.7,,North America,3.358855532940293,8.868393047179858,13.248587570621462
Cuba,CUB,2017,3302000000.0,4654000.0,,459000.0,,96850649691.7406,,North America,3.4093731023072253,7.592049527533407,16.088800199551013
Cuba,CUB,2018,2783000000.0,4712000.0,,552000.0,,100050036096.123,,North America,2.78160819185136,-15.717746820109024,1.246239793725823
Cuba,CUB,2019,2645000000.0,4276000.0,,650000.0,,103427600000.0,,North America,2.5573444612463208,-4.958677685950407,-9.252971137521227
Cuba,CUB,2020,1152000000.0,1086000.0,,271000.0,,107351800000.0,,North America,1.0731072976885343,-56.4461247637051,-74.60243217960712
Curacao,CUW,1999,260000000.0,433000.0,25.6847677051114,,10.9814062025193,2120511229.05028,1.79282868525896,North America,12.261194208174366,,
Curacao,CUW,2000,227000000.0,514000.0,25.6847677051114,,10.9814062025193,2120511229.05028,1.79282868525896,North America,10.704965712521465,-12.692307692307692,18.706697459584287
Curacao,CUW,2001,271000000.0,519000.0,25.6847677051114,,10.9814062025193,2143450726.25698,1.79282868525896,North America,12.643164439484744,19.383259911894267,0.9727626459143934
Curacao,CUW,2002,217000000.0,545000.0,25.6847677051114,,10.9814062025193,2160784692.73743,0.391389432485324,North America,10.04264796623904,-19.926199261992615,5.009633911368017
Curacao,CUW,2003,223000000.0,508000.0,25.6847677051114,,10.9814062025193,2202117374.30168,1.63371391441571,North America,10.126617345758701,2.764976958525356,-6.788990825688068
Curacao,CUW,2004,224000000.0,452000.0,25.6847677051114,,10.9814062025193,2237160502.7933,1.37912138094799,North America,10.012692416137128,0.4484304932735439,-11.023622047244096
Curacao,CUW,2005,244000000.0,510000.0,25.6847677051114,,10.9814062025193,2344637262.56983,4.11711711711708,North America,10.4067270402657,8.92857142857142,12.831858407079654
Curacao,CUW,2006,277000000.0,572000.0,25.6847677051114,,10.9814062025193,2457581731.84358,3.1149952409795,North America,11.27124263705385,13.524590163934436,12.15686274509804
Curacao,CUW,2007,329000000.0,664000.0,25.6847677051114,,10.9814062025193,2593831508.37989,2.99572039942908,North America,12.683938757667947,18.772563176895307,16.083916083916083
Curacao,CUW,2008,383000000.0,773000.0,25.6847677051114,,10.9814062025193,2833476145.2514,6.8763239367776,North America,13.51696574689244,16.41337386018238,16.415662650602414
Curacao,CUW,2009,378000000.0,808000.0,25.6847677051114,,10.9814062025193,2869153184.35754,1.75331605427595,North America,13.174618980291275,-1.305483028720622,4.527813712807238
Curacao,CUW,2010,438000000.0,762000.0,25.6847677051114,,10.9814062025193,2951342793.29609,2.77944261312587,North America,14.840702374353373,15.873015873015884,-5.693069306930698
Curacao,CUW,2011,540000000.0,837000.0,25.6847677051114,,10.9814062025193,2930092234.63687,2.3325315256217,North America,18.429453981571434,23.28767123287672,9.842519685039374
Curacao,CUW,2012,676000000.0,908000.0,28.8466994030123,,11.4134715507125,3012836256.98324,3.18398746349455,North America,22.43732955726178,25.185185185185176,8.482676224611719
Curacao,CUW,2013,778000000.0,1071000.0,35.9615960666439,,13.4979227964341,3033568603.35196,1.33232086152117,North America,25.646362476864514,15.088757396449704,17.951541850220252
Curacao,CUW,2014,820000000.0,1129000.0,36.0405929338045,,14.2225587619028,3059406983.24022,1.4987396961643,North America,26.802579862439142,5.398457583547556,5.415499533146595
Curacao,CUW,2015,712000000.0,1072000.0,36.2445042288289,,17.1735466793673,3058779217.87709,-0.476542049801405,North America,23.277260282098926,-13.170731707317074,-5.048715677590787
Curacao,CUW,2016,644000000.0,944000.0,36.0954897859495,,18.5275560274049,3024690167.59777,-0.0472079848940293,North America,21.29143695109338,-9.55056179775281,-11.940298507462687
Curacao,CUW,2017,572000000.0,1058000.0,32.387418682779,,18.3740432474079,3033433240.22346,1.58558801700345,North America,18.856521792378828,-11.180124223602483,12.076271186440678
Curacao,CUW,2018,604000000.0,1210000.0,31.2192065827734,,16.4653597260555,3046364804.46927,2.58368756641814,North America,19.826909735625943,5.594405594405605,14.366729678638945
Curacao,CUW,2019,706000000.0,1293000.0,39.7754978543786,,17.6307597248461,3026124134.07821,2.62220783425059,North America,23.33017314291554,16.887417218543057,6.859504132231398
Curacao,CUW,2020,282000000.0,1293000.0,27.7981250962992,,7.43150932704208,2534327597.76536,2.62220783425059,North America,11.12721181936594,-60.05665722379603,0.0
Cyprus,CYP,1999,2115000000.0,2578000.0,42.7509955418637,540000.0,11.5009547225479,10497907227.616,1.62999999999999,Asia,20.146872649400443,,
Cyprus,CYP,2000,2137000000.0,2912000.0,42.5783030988759,588000.0,10.5603034639185,9985847313.85485,4.14165764702061,Asia,21.400287154751727,1.0401891252955098,12.955779674166013
Cyprus,CYP,2001,2203000000.0,2841000.0,41.4466970399496,684000.0,10.9925721780318,10397898907.1038,1.97304191729914,Asia,21.186972672862975,3.0884417407580633,-2.4381868131868156
Cyprus,CYP,2002,2178000000.0,2495000.0,40.466114792003,744000.0,10.6258436029561,11420228846.1538,2.80115505180747,Asia,19.07142167937839,-1.134816159782115,-12.178810278071106
Cyprus,CYP,2003,2325000000.0,2416000.0,36.9233992822692,737000.0,11.0376925127199,14547329558.3239,4.13906538686858,Asia,15.982314765596604,6.749311294765836,-3.1663326653306623
Cyprus,CYP,2004,2552000000.0,2478000.0,34.4469455735844,859000.0,11.5256708290141,17320551250.0,2.28621706801675,Asia,14.733942142863379,9.763440860215056,2.5662251655629076
Cyprus,CYP,2005,2644000000.0,2657000.0,32.8582578213493,914000.0,11.779437817332,18433412510.8817,2.56016132330234,Asia,14.343518859783458,3.6050156739811934,7.223567393058916
Cyprus,CYP,2006,2692007568.35938,2629000.0,31.4608992852721,932000.0,11.1149862699395,20072754986.8272,2.30468732978555,Asia,13.41125107204276,1.8157174114742825,-1.0538200978547185
Cyprus,CYP,2007,3107000000.0,2671000.0,30.2123213476248,1081000.0,13.259533034911,23968727073.6381,2.37265183669719,Asia,12.962724263389108,15.415723065501407,1.5975656143020212
Cyprus,CYP,2008,3232000000.0,2631000.0,23.0721980450911,1210000.0,11.1944178829273,27844646257.507,4.66900841902485,Asia,11.607258250331132,4.023173479240416,-1.4975664545114231
Cyprus,CYP,2009,2476000000.0,2370000.0,19.4768802092257,1172000.0,12.3696049404755,26048179949.1741,0.326276652249794,Asia,9.505462588293065,-23.39108910891089,-9.920182440136827
Cyprus,CYP,2010,2137000000.0,2450000.0,16.5158654780544,1246000.0,8.74141531091098,25799940077.6075,2.43004084102254,Asia,8.28296497422784,-13.691437802907913,3.3755274261603407
Cyprus,CYP,2011,2603000000.0,2626000.0,17.6334016697952,1209000.0,8.6436620239223,27641547909.7011,3.28944939564211,Asia,9.416983479012943,21.80627047262518,7.183673469387752
Cyprus,CYP,2012,2603000000.0,2635000.0,18.884168659114,1194000.0,9.22654828879193,25047436974.6819,2.38905410042317,Asia,10.39228086542798,0.0,0.34272658035034986
Cyprus,CYP,2013,2930000000.0,2626000.0,19.9739355894182,1115000.0,8.76941703735637,23959712860.8331,-0.399357676464426,Asia,12.228861076167846,12.562427967729551,-0.34155597722960174
Cyprus,CYP,2014,2924000000.0,2558000.0,19.1515765017533,1209000.0,8.91864383271834,23225918259.9824,-1.35498885446315,Asia,12.589383839509887,-0.20477815699658786,-2.5894897182025867
Cyprus,CYP,2015,2525664306.64063,2780000.0,18.1642437344193,1119000.0,10.8579836733758,19909278416.8575,-2.0969976905311,Asia,12.685865623849581,-13.622971729116628,8.678655199374518
Cyprus,CYP,2016,2870000000.0,3286000.0,19.4157944602732,1268000.0,10.818848036826,21046462280.5979,-1.42916666666665,Asia,13.636496061600656,13.633470309336904,18.20143884892087
Cyprus,CYP,2017,3274000000.0,3750000.0,19.2582903298622,1407000.0,8.06162667266936,22946570628.7576,0.531766496174467,Asia,14.26792723395838,14.076655052264808,14.120511259890446
Cyprus,CYP,2018,3449000000.0,4024000.0,18.015195727117,1446000.0,8.35491022199959,25754001367.5448,1.43549119531759,Asia,13.392093720808878,5.34514355528406,7.306666666666661
Cyprus,CYP,2019,3245000000.0,4117000.0,16.359904958884,1578000.0,8.15327432567213,26196667099.5303,0.250370996758493,Asia,12.387071941904328,-5.9147579008408275,2.3111332007952345
Cyprus,CYP,2020,663000000.0,4117000.0,3.25334403486803,1578000.0,4.24890263957762,25555093854.2968,-0.638422797978959,Asia,2.594394697902955,-79.56856702619415,0.0
Czechia,CZE,1999,3376000000.0,20108000.0,9.07931447698491,7213000.0,4.63381807402891,65586562604.8621,2.13544844417331,Europe,5.147395847438006,,
Czechia,CZE,2000,3376000000.0,20108000.0,9.07931447698491,7213000.0,4.63381807402891,62175642238.0847,3.77538829151734,Europe,5.4297790557153025,0.0,0.0
Czechia,CZE,2001,3376000000.0,20108000.0,9.07931447698491,7213000.0,4.63381807402891,68135304463.9641,4.66267556988253,Europe,4.954846869122781,0.0,0.0
Czechia,CZE,2002,3376000000.0,20108000.0,9.07931447698491,7213000.0,4.63381807402891,82607869609.574,1.90298097019032,Europe,4.0867777076879515,0.0,0.0
Czechia,CZE,2003,4069000000.0,20108000.0,8.70410404878797,7213000.0,4.46130478833437,100435924704.881,0.118739205526791,Europe,4.051339211498547,20.527251184834117,0.0
Czechia,CZE,2004,4931000000.0,23808000.0,7.17161766115953,6643000.0,3.93088689776816,120147899983.657,2.76010781671157,Europe,4.104108353679702,21.184566232489566,18.400636562562166
Czechia,CZE,2005,5772000000.0,24747000.0,6.83869251436916,6963000.0,3.19370697333108,137264185596.1,1.8570978910922,Europe,4.205029866263962,17.055364023524632,3.9440524193548487
Czechia,CZE,2006,6702000000.0,25102000.0,6.61602840945255,6393000.0,2.94741484154955,156236258386.589,2.53399258343635,Europe,4.289657259595053,16.112266112266106,1.4345173152301216
Czechia,CZE,2007,7803000000.0,22625000.0,6.19429939097993,9048000.0,3.19475708649991,190040702286.917,2.85312437211175,Europe,4.105962515450662,16.427931960608767,-9.867739622340855
Czechia,CZE,2008,9228000000.0,21850000.0,6.14825307715415,9665000.0,3.47135422495232,236506264753.95,6.35866380152373,Europe,3.9017993919105596,18.26220684352173,-3.4254143646408886
Czechia,CZE,2009,8164000000.0,23285000.0,6.71199717454913,8904000.0,3.80575346592117,206971882704.716,1.01937735329232,Europe,3.9444971429512816,-11.53012570437798,6.5675057208238075
Czechia,CZE,2010,8068000000.0,21941000.0,5.88777287949394,8673000.0,3.32779335077998,211168667286.27,1.47272727272722,Europe,3.82064257149601,-1.1758941695247382,-5.771956194975303
Czechia,CZE,2011,8930000000.0,22810000.0,5.4845372382769,5279000.0,3.16774005196931,231429378717.312,1.9172191363555,Europe,3.8586285153139,10.684184432325239,3.960621667198394
Czechia,CZE,2012,8174000000.0,25750000.0,5.1616295403327,5419000.0,3.07730574036252,210363223087.728,3.28762306610411,Europe,3.8856601833825244,-8.465845464725641,12.889083735203855
Czechia,CZE,2013,7792000000.0,26332000.0,4.84040165727123,5781000.0,3.15609885546974,213024360541.119,1.4382978723404,Europe,3.6577976247444015,-4.6733545387815045,2.2601941747572907
Czechia,CZE,2014,7614000000.0,27166000.0,4.43445747875682,5651000.0,3.26858323036984,210911285077.683,0.343988589646794,Europe,3.610048650168532,-2.284394250513344,3.1672489746316312
Czechia,CZE,2015,6766000000.0,29604000.0,4.46759691385973,5856000.0,3.43493584313408,189107698561.919,0.309364548494975,Europe,3.5778553974547087,-11.13737851326504,8.974453360818679
Czechia,CZE,2016,7041000000.0,32519000.0,4.53409641459577,6027000.0,3.53621788344253,198160659303.939,0.683504209385703,Europe,3.553177520064923,4.06443984629028,9.846642345628975
Czechia,CZE,2017,7695000000.0,34701000.0,4.43001017062022,6775000.0,3.5240939502361,221563575696.217,2.4505339846014,Europe,3.4730437870124087,9.288453344695347,6.709923429379749
Czechia,CZE,2018,8283000000.0,36268000.0,4.30866603509116,7390000.0,3.43587917678243,251992360762.236,2.14949494949493,Europe,3.2870044055880383,7.641325536062382,4.515720008068924
Czechia,CZE,2019,7967000000.0,37202000.0,4.25843400629945,7346000.0,3.51989048539688,256794209028.77,2.8478759591805,Europe,3.1024842928243044,-3.8150428588675567,2.575272967905584
Czechia,CZE,2020,3890000000.0,37202000.0,2.27568280907256,2399000.0,2.26926004813102,251109660602.536,3.16129528497801,Europe,1.5491239925481044,-51.17359106313544,0.0
Denmark,DNK,1999,3698000000.0,21119000.0,5.30041481711759,4744000.0,7.96198591305578,177887720535.535,2.4977954440453,Europe,2.0788393874895283,,
Denmark,DNK,2000,3671000000.0,21119000.0,4.97390350523884,5011000.0,7.23814136298991,164043817223.59,2.90328203236453,Europe,2.2378167383147796,-0.7301243915630029,0.0
Denmark,DNK,2001,4003000000.0,21119000.0,5.29492221567598,4946000.0,7.45902454561411,164881594415.341,2.33787000255262,Europe,2.4278028206813307,9.043857259602284,0.0
Denmark,DNK,2002,4791000000.0,21119000.0,5.83278402377125,4935000.0,8.09535324707711,178788209558.311,2.42443661219697,Europe,2.679706906756307,19.6852360729453,0.0
Denmark,DNK,2003,5271000000.0,21119000.0,5.47866660722581,5564000.0,8.01381798787432,218421193436.252,2.07507820646507,Europe,2.4132273599806986,10.018785222291804,0.0
Denmark,DNK,2004,5652000000.0,22054000.0,5.07567968383554,4630000.0,7.35812584664074,251986155630.852,1.15435693124932,Europe,2.2429803676515934,7.2282299373932934,4.427292958946927
Denmark,DNK,2005,5293000000.0,26927000.0,4.22177176388086,5469000.0,6.18173544859804,265150087711.985,1.81781458291254,Europe,1.9962278895224943,-6.351733899504596,22.095764940600347
Denmark,DNK,2006,5562000000.0,26936000.0,3.86796744605313,6129000.0,5.66278259854429,283386151543.687,1.92422138464594,Europe,1.9626929437808318,5.082184016625724,0.03342370111782955
Denmark,DNK,2007,5978000000.0,27138000.0,3.62423814183082,6564000.0,5.67683013558998,320213157595.018,1.69326586220315,Europe,1.8668814376330323,7.479323984178343,0.7499257499257395
Denmark,DNK,2008,6281000000.0,26870000.0,3.26415546077385,6347000.0,5.39081558380043,354979471960.142,3.41626794258373,Europe,1.7693980909141829,5.068584810973564,-0.9875451396565649
Denmark,DNK,2009,5617000000.0,26571000.0,3.6977316313082,7037000.0,6.53150610693787,322619152194.594,1.30470991024337,Europe,1.7410621662696568,-10.571565037414421,-1.1127651656122062
Denmark,DNK,2010,5704000000.0,26730000.0,3.50569510265295,7726000.0,6.47031739127306,322345594075.47,2.31092436974789,Europe,1.7695293823884364,1.5488695032935818,0.5983967483346397
Denmark,DNK,2011,6366000000.0,25811000.0,3.43607846191306,7846000.0,6.02695682495191,344315595263.175,2.7586822605125,Europe,1.8488851761518952,11.605890603085545,-3.4380845491956635
Denmark,DNK,2012,6135000000.0,26402000.0,3.43302234557901,7843000.0,6.03522869449373,326792574244.963,2.3979148566464,Europe,1.8773376396861507,-3.6286522148916145,2.2897214365968033
Denmark,DNK,2013,6490000000.0,26516000.0,3.44411124155201,6977000.0,6.07758250845221,344631016965.12,0.789071780078062,Europe,1.8831735045649853,5.786471067644672,0.43178547079767426
Denmark,DNK,2014,7617000000.0,28070000.0,3.94928374232169,8528000.0,6.20343842464535,352832602064.452,0.56402054044954,Europe,2.1588141105533665,17.365177195685668,5.86061246040126
Denmark,DNK,2015,6685000000.0,28209000.0,3.96852946795647,8991000.0,5.99236075057429,301758922337.637,0.452034153691575,Europe,2.2153446029742168,-12.235788368123934,0.4951905949412083
Denmark,DNK,2016,7494000000.0,28692000.0,4.46653400306382,9651000.0,6.1590919240421,312181849372.233,0.250000000000031,Europe,2.400523930225187,12.10172026925953,1.7122195044134925
Denmark,DNK,2017,8508000000.0,30736000.0,4.62423721590235,8087000.0,6.03414586767873,331610593961.988,1.14713216957602,Europe,2.5656598899175274,13.530824659727791,7.123936985919421
Denmark,DNK,2018,9097000000.0,30801000.0,4.49513143884502,7475000.0,5.69267197024336,355293374912.393,0.813609467455631,Europe,2.5604192597858337,6.92289609779031,0.2114783966683964
Denmark,DNK,2019,9097000000.0,33093000.0,4.49513143884502,9088000.0,5.69267197024336,345401473012.615,0.75813157251162,Europe,2.6337467297563473,0.0,7.441316840362333
Denmark,DNK,2020,9097000000.0,15595000.0,4.49513143884502,4230000.0,5.69267197024336,355631021931.621,0.420711974110115,Europe,2.5579883190699624,0.0,-52.87523041126523
Djibouti,DJI,1999,7600000.0,21000.0,3.79916629162916,,4.47485059213192,536080148.097299,1.74665224985434,Africa,1.417698459264825,,
Djibouti,DJI,2000,8100000.0,20100.0003814697,4.19165506799058,,5.32907355369573,551230861.856505,1.74665224985434,Africa,1.4694387706667575,6.578947368421062,-4.285712469191905
Djibouti,DJI,2001,8600000.0,21600.0003814697,4.02836140323133,,4.92354787433387,572417440.820162,1.74665224985434,Africa,1.502400064484039,6.172839506172845,7.462686425532894
Djibouti,DJI,2002,8900000.0,22500.0,3.90344981614471,,2.97741926003004,591122039.601398,0.63761955366632,Africa,1.5056112619318673,3.488372093023262,4.166664827017286
Djibouti,DJI,2003,6900000.0,23200.0007629395,2.72729777817316,,3.24338273490666,622044665.515049,1.98196734627545,Africa,1.109245104495325,-22.47191011235955,3.111114501953338
Djibouti,DJI,2004,6800000.0,26299.9992370605,2.71207989228007,,4.13476360614874,666072101.777505,3.12226204699354,Africa,1.0209104963041185,-1.449275362318836,13.362061949036864
Djibouti,DJI,2005,7100000.0,30200.0007629395,2.46641731821736,,3.98775606489159,708633194.726566,3.10496640148298,Africa,1.0019287909225894,4.4117647058823595,14.828903570397589
Djibouti,DJI,2006,9800000.0,39500.0,3.19606892501927,,3.52952508308067,768873684.032838,3.48340699677866,Africa,1.2745916791686487,38.0281690140845,30.79469868250191
Djibouti,DJI,2007,6800000.0,40000.0,2.21829108463811,,2.44415426926587,847918929.107984,4.96597654553301,Africa,0.8019634621382545,-30.612244897959183,1.2658227848101333
Djibouti,DJI,2008,7800000.0,54000.0,2.13288169495177,,2.20282402520552,999105339.267729,11.9586206896552,Africa,0.7806984602561355,14.705882352941169,35.00000000000001
Djibouti,DJI,2009,16000000.0,58000.0,4.00593945029092,,3.02611261383981,1049110684.72493,1.67549587285964,Africa,1.5251012341176464,105.12820512820511,7.407407407407418
Djibouti,DJI,2010,18000000.0,51000.0,4.27682290970346,,4.1579517701034,1128611700.3618,3.95007875923885,Africa,1.5948797973855602,12.5,-12.06896551724138
Djibouti,DJI,2011,19200000.0,56000.0,4.57503378740749,,4.96746305891384,1239144501.77525,5.0687139477799,Africa,1.5494560943048437,6.666666666666665,9.80392156862746
Djibouti,DJI,2012,20500000.0,60000.0,4.48144519477963,,4.08588934111735,1353632941.5207,3.73120950756887,Africa,1.5144430496032302,6.770833333333326,7.14285714285714
Djibouti,DJI,2013,21600000.0,63000.0,0.675465824410758,,4.08588934111735,2042817162.85639,2.70603242872182,Africa,1.0573633506092919,5.36585365853659,5.000000000000004
Djibouti,DJI,2014,24700000.0,63000.0,0.692443145698759,,4.08588934111735,2214679081.25658,1.34186494340157,Africa,1.1152857409022685,14.35185185185186,0.0
Djibouti,DJI,2015,30900000.0,63000.0,0.876450979140399,,4.08588934111735,2424391785.43897,-0.847389733971996,Africa,1.2745464732881497,25.101214574898776,0.0
Djibouti,DJI,2016,33500000.0,63000.0,1.23936073658201,,4.08588934111735,2604955228.70117,2.73841208738755,Africa,1.286010585936369,8.414239482200658,0.0
Djibouti,DJI,2017,36200000.0,63000.0,0.873006638296947,,4.08588934111735,2762581334.22612,0.568112117084804,Africa,1.3103686596123578,8.059701492537318,0.0
Djibouti,DJI,2018,57000000.0,63000.0,1.24915956905024,,4.08588934111735,2913466732.12507,0.14797084987711,Africa,1.9564321559431175,57.45856353591161,0.0
Djibouti,DJI,2019,57000000.0,63000.0,1.24915956905024,,4.08588934111735,3088853638.56832,3.31925372703827,Africa,1.845344800034599,0.0,0.0
Djibouti,DJI,2020,57000000.0,63000.0,1.24915956905024,,4.08588934111735,3185150981.03207,1.7774078380617,Africa,1.7895541008712417,0.0,0.0
Dominica,DMA,1999,51000000.0,280000.0,32.5239737351789,,11.5223113397534,331759259.259259,1.17947787394175,North America,15.372592799330183,,
Dominica,DMA,2000,48000000.0,312000.0,29.4841905902175,,11.5223113397534,333470370.37037,0.856946805358483,North America,14.394082432777653,-5.882352941176472,11.428571428571432
Dominica,DMA,2001,46000000.0,276000.0,29.4534540108011,,11.5223113397534,340203703.703704,1.3038940346596,North America,13.521310761526307,-4.1666666666666625,-11.538461538461542
Dominica,DMA,2002,46000000.0,208000.0,28.7108144953785,,11.5223113397534,333196296.296296,0.170055330197681,North America,13.805675666662973,0.0,-24.63768115942029
Dominica,DMA,2003,52000000.0,254000.0,28.7888424471909,,11.5223113397534,343311111.111111,1.45336800437251,North America,15.146611431160597,13.043478260869556,22.115384615384627
Dominica,DMA,2004,61000000.0,466000.0,32.491146038163,,11.5223113397534,367200000.0,2.39410982050298,North America,16.61220043572985,17.307692307692314,83.46456692913387
Dominica,DMA,2005,57000000.0,381000.0,32.9143549073922,,11.5223113397534,364255555.555556,1.68190079877553,North America,15.648354329988084,-6.5573770491803245,-18.240343347639488
Dominica,DMA,2006,72000000.0,465000.0,35.952085998518,,11.5223113397534,390251851.851852,2.2023913263167,North America,18.44962417432237,26.315789473684205,22.047244094488192
Dominica,DMA,2007,74000000.0,437000.0,38.0730327314336,,11.5223113397534,421374074.074074,3.63222129317821,North America,17.561593024584475,2.777777777777768,-6.0215053763440824
Dominica,DMA,2008,76000000.0,468000.0,36.5781809299006,,11.5223113397534,458188888.888889,6.35992183336295,North America,16.587045614375434,2.7027027027026973,7.093821510297493
Dominica,DMA,2009,77000000.0,608000.0,37.8630212046533,,11.5223113397534,489074074.074074,0.0062635710706685,North America,15.744036349867477,1.3157894736842035,29.91452991452992
Dominica,DMA,2010,94000000.0,595000.0,40.2186222924701,,11.5223113397534,493825925.925926,2.99936630549,North America,19.035047587618966,22.077922077922075,-2.1381578947368474
Dominica,DMA,2011,106000000.0,418000.0,43.9567487586348,,11.5223113397534,501025925.925926,1.1312313652648,North America,21.15658981201534,12.765957446808507,-29.74789915966387
Dominica,DMA,2012,76000000.0,348000.0,36.3447171556048,,11.5223113397534,485996296.296296,1.3567714780886,North America,15.637979256052867,-28.301886792452834,-16.74641148325359
Dominica,DMA,2013,82000000.0,311000.0,36.6474351934908,,11.5223113397534,498296296.296296,-0.0464116468805992,North America,16.456072543481504,7.8947368421052655,-10.632183908045977
Dominica,DMA,2014,216000000.0,370000.0,79.3036259588745,,11.5223113397534,520429629.62963,0.799250372687492,North America,41.50417034359074,163.41463414634148,18.9710610932476
Dominica,DMA,2015,202000000.0,358000.0,77.6027893090393,,10.4136639115777,540737037.037037,-0.84382698463833,North America,37.35642024945376,-6.481481481481477,-3.2432432432432434
Dominica,DMA,2016,198000000.0,356000.0,75.7492333641886,,10.0175141744852,576229629.62963,0.141816225732312,North America,34.36130143589873,-1.980198019801982,-0.5586592178770999
Dominica,DMA,2017,161000000.0,230000.0,77.0034003595319,,8.63852518976249,521551851.851852,0.296252889279487,North America,30.869413928518156,-18.686868686868685,-35.39325842696629
Dominica,DMA,2018,111000000.0,199000.0,75.0777803673294,,6.53187236231179,554770370.37037,0.98919111918989,North America,20.008278366758365,-31.055900621118017,-13.478260869565217
Dominica,DMA,2019,111000000.0,322000.0,75.0777803673294,,7.13549283582224,611537037.037037,1.50462353858141,North America,18.150985676649608,0.0,61.80904522613064
Dominica,DMA,2020,111000000.0,140000.0,75.0777803673294,,2.97732356467387,504214814.814815,-0.727116412668203,North America,22.014426537777837,0.0,-56.52173913043479
Dominican Republic,DOM,1999,2483000000.0,2932000.0,48.1883284491626,363000.0,6.05750759124992,22136579396.9218,6.47054186846928,North America,11.216728454195021,,
Dominican Republic,DOM,2000,2860000000.0,3161000.0,48.4597919278864,360000.0,5.64877460105529,24305780628.6677,7.72413566181616,North America,11.766748180993387,15.18324607329844,7.810368349249663
Dominican Republic,DOM,2001,2798000000.0,3090000.0,50.3219308657962,331000.0,5.87276144152111,25601823687.5742,8.88306848812961,North America,10.928908948615268,-2.1678321678321733,-2.246124644099967
Dominican Republic,DOM,2002,2730000000.0,3058000.0,48.4437661922845,332000.0,5.6815171902315,27137440786.2562,5.22336769759447,North America,10.059902190123296,-2.430307362401718,-1.035598705501617
Dominican Republic,DOM,2003,3128000000.0,3680000.0,48.8086507403998,321000.0,6.46050068880338,21403167848.1444,27.4497127394395,North America,14.614659017735962,14.578754578754571,20.340091563113138
Dominican Republic,DOM,2004,3152000000.0,3907000.0,45.5499886558562,368000.0,6.80719678724623,22322387382.494,51.4608598338065,North America,14.120353463948526,0.7672634271099765,6.16847826086957
Dominican Republic,DOM,2005,3518000000.0,3981000.0,46.4324367130375,419000.0,5.77760189948556,35777560683.9366,4.19020260472056,North America,9.832978919603958,11.611675126903553,1.8940363450217657
Dominican Republic,DOM,2006,3917000000.0,4268000.0,45.7470539457856,420000.0,4.44312397393008,37879830084.2627,7.57280523853074,North America,10.340595486533955,11.341671404206943,7.209243908565677
Dominican Republic,DOM,2007,4064000000.0,4365000.0,42.8447930503721,443000.0,4.12597030233805,43965458508.5056,6.14356655248047,North America,9.243620191550542,3.7528720959918216,2.2727272727272707
Dominican Republic,DOM,2008,4166000000.0,4455000.0,44.9416384388013,413000.0,3.4204739799658,48122601530.3324,10.6446210953712,North America,8.65705482978535,2.509842519685046,2.0618556701030855
Dominican Republic,DOM,2009,4049000000.0,4489000.0,50.7259994237106,415000.0,4.4310393032339,48261078913.7266,1.44215131834353,North America,8.389783426181067,-2.8084493518963027,0.7631874298541064
Dominican Republic,DOM,2010,4162000000.0,4478000.0,33.9187482172691,401000.0,3.71964444244665,53860187257.9593,6.32993220146146,North America,7.727414648720798,2.7908125463077305,-0.24504343951882168
Dominican Republic,DOM,2011,4391000000.0,4654000.0,30.9567620538201,408000.0,3.41078977852143,58029773599.455,5.79676809206533,North America,7.566805327052386,5.502162421912549,3.9303260384100147
Dominican Republic,DOM,2012,4687000000.0,4901000.0,31.0901794302013,418000.0,3.34759700753937,60681535652.5373,3.69449707884777,North America,7.723931093039206,6.741061261671599,5.307262569832405
Dominican Republic,DOM,2013,5055000000.0,5114000.0,31.920334926719,392000.0,3.46791286805077,62682159338.0354,4.830950967408,North America,8.064495629034013,7.8515041604437785,4.346051826157926
Dominican Republic,DOM,2014,5630000000.0,5576000.0,33.2102450361596,427000.0,3.54198262106714,67179955677.2791,2.99864226125219,North America,8.380475907197003,11.374876360039554,9.034024247164641
Dominican Republic,DOM,2015,6116000000.0,6129000.0,36.0112108151393,478000.0,3.99890440975075,71164826836.5281,0.836746346724557,North America,8.594133186115933,8.632326820603907,9.917503586800569
Dominican Republic,DOM,2016,6720000000.0,6769000.0,37.0272414705104,500000.0,4.24687743762098,75704647877.6559,1.61416607245223,North America,8.876601620101315,9.875735775016349,10.442160221895902
Dominican Republic,DOM,2017,7184000000.0,7296000.0,37.8276483039692,522000.0,4.46740458051546,79998046305.79,3.27955694678546,North America,8.980219307530822,6.904761904761902,7.785492687250706
Dominican Republic,DOM,2018,7561000000.0,7551000.0,37.7075260451732,514000.0,4.17178117639253,85555390139.118,3.56443426013508,North America,8.837549554394384,5.247772828507791,3.4950657894736947
Dominican Republic,DOM,2019,7561000000.0,7550000.0,37.7075260451732,532000.0,4.32194405936557,88941372558.2397,1.81060377042959,North America,8.501105596328618,0.0,-0.01324327903589051
Dominican Republic,DOM,2020,7561000000.0,2748000.0,37.7075260451732,210000.0,2.18698742482231,78844656298.1776,3.78103179915517,North America,9.589743116395276,0.0,-63.602649006622514
Ecuador,ECU,1999,377000000.0,518000.0,7.0533208606174,386000.0,9.14800038968106,19645272636.3182,52.2420051858225,South America,1.9190367422187893,,
Ecuador,ECU,2000,451000000.0,627000.0,7.63630520762304,520000.0,8.44381155674129,17539454727.3637,96.0963756926096,South America,2.571345614846194,19.628647214854112,21.042471042471036
Ecuador,ECU,2001,438000000.0,641000.0,7.7065693107817,562000.0,7.03305514246521,23127055000.0,37.6767454518094,South America,1.8938857541524419,-2.882483370288247,2.2328548644338087
Ecuador,ECU,2002,449000000.0,683000.0,7.31079266561834,627000.0,6.53389009822877,27054197000.0,12.4835980082095,South America,1.6596315906178993,2.511415525114158,6.552262090483629
Ecuador,ECU,2003,408000000.0,761000.0,5.56846149980232,613000.0,6.25719175724689,30965208000.0,7.92936487461556,South America,1.3176078132593199,-9.131403118040094,11.420204978038061
Ecuador,ECU,2004,464000000.0,819000.0,5.16605784989537,603000.0,5.97846068004344,35194947000.0,2.74323198926704,South America,1.3183710718473307,13.725490196078427,7.621550591327209
Ecuador,ECU,2005,488000000.0,860000.0,4.25094060604746,664000.0,5.43400070000416,40278849000.0,2.1682770118372,South America,1.2115539845738887,5.1724137931034475,5.0061050061050105
Ecuador,ECU,2006,492000000.0,841000.0,3.46171158987691,733000.0,5.13493544475594,45690762000.0,3.29874846258215,South America,1.0768041032014306,0.8196721311475308,-2.209302325581397
Ecuador,ECU,2007,626000000.0,937000.0,3.8953978865126,801000.0,4.6930942477189,49848725000.0,2.27618478002121,South America,1.2557994211486854,27.235772357723587,11.41498216409036
Ecuador,ECU,2008,745000000.0,1005000.0,3.56418680184768,815000.0,3.77536623583918,61139438000.0,8.40009593987462,South America,1.2185260845871693,19.00958466453675,7.257203842049087
Ecuador,ECU,2009,674000000.0,968000.0,4.27975909284884,814000.0,4.77297106427725,60094978000.0,5.15996829181047,South America,1.1215579444924666,-9.530201342281874,-3.681592039800996
Ecuador,ECU,2010,786000000.0,1047000.0,4.00829938738598,899000.0,3.81255397596955,68151329000.0,3.55437734567843,South America,1.1533157335787245,16.617210682492576,8.161157024793386
Ecuador,ECU,2011,849000000.0,1141000.0,3.44145569412256,1022000.0,3.45579894647886,78986648000.0,4.4745326579584,South America,1.074865210130198,8.015267175572527,8.978032473734476
Ecuador,ECU,2012,1039000000.0,1272000.0,3.93964853451565,1022000.0,3.40581502021694,87735048000.0,5.10172180958666,South America,1.1842473717003037,22.379269729093053,11.481156879929877
Ecuador,ECU,2013,1251000000.0,1364000.0,4.527991609933,1138000.0,3.34389759772463,96570334000.0,2.72177577710371,South America,1.295428883988327,20.404234841193446,7.232704402515733
Ecuador,ECU,2014,1487000000.0,1695000.0,5.13772535912232,1096000.0,3.28065078217441,102717794000.0,3.58922016616663,South America,1.4476557002382664,18.864908073541176,24.266862170087975
Ecuador,ECU,2015,1557000000.0,1676000.0,7.26210635800955,1221000.0,4.15984853585057,97209558000.0,3.96664623255358,South America,1.6016943519072475,4.707464694014796,-1.1209439528023557
Ecuador,ECU,2016,1729000000.0,1569000.0,8.60674491760498,1366000.0,7.45106431657612,97671433000.0,1.72826463324533,South America,1.7702207768365599,11.046885035324339,-6.384248210023868
Ecuador,ECU,2017,2018000000.0,1806000.0,8.95682150051341,1347000.0,6.35484345602454,104467486000.0,0.417335588666825,South America,1.9317015056723008,16.71486408328513,15.105162523900573
Ecuador,ECU,2018,2279000000.0,2535000.0,8.97020800789137,1402000.0,5.79172287903565,107478962000.0,-0.224103246005552,South America,2.120414970140854,12.933597621407333,40.365448504983384
Ecuador,ECU,2019,2288000000.0,2108000.0,8.82388223406161,1515000.0,6.37324447930609,107595829000.0,0.266012515466155,South America,2.1264764826525013,0.39491004826679443,-16.844181459566077
Ecuador,ECU,2020,705000000.0,2108000.0,3.15107120772066,1515000.0,2.68190630317412,95865472000.0,-0.338872392562139,South America,0.7354055483083628,-69.18706293706293,0.0
"Egypt, Arab Rep.",EGY,1999,4361000000.0,4797000.0,29.6058437767308,4716000.0,5.63463682498855,90710704806.8416,3.07949912638332,Africa,4.807591352405724,,
"Egypt, Arab Rep.",EGY,2000,4657000000.0,5506000.0,27.6150379506641,4716000.0,5.26752566062459,99838543960.0763,2.68380535348546,Africa,4.6645311673037355,6.787434074753507,14.780070877631847
"Egypt, Arab Rep.",EGY,2001,4119000000.0,4648000.0,25.6360784704242,4716000.0,5.94396102133253,96684636118.5984,2.26975720475956,Africa,4.260242542514636,-11.55250161047885,-15.583000363240107
"Egypt, Arab Rep.",EGY,2002,4133000000.0,5192000.0,25.1431143880909,4716000.0,6.70993008140083,85146067415.7303,2.73723855000334,Africa,4.854011612562684,0.33988832240834377,11.703958691910499
"Egypt, Arab Rep.",EGY,2003,4704000000.0,6044000.0,23.4493003594164,4716000.0,7.45076898038896,80288461538.4615,4.50777636319304,Africa,5.858874251497008,13.815630292765535,16.40986132511557
"Egypt, Arab Rep.",EGY,2004,6328000000.0,8104000.0,23.8646563233042,4716000.0,5.73279881702972,78782467532.4675,11.270619332052,Africa,8.032243972800334,34.52380952380953,34.08338848444738
"Egypt, Arab Rep.",EGY,2005,7206000000.0,8608000.0,23.4602387045104,4716000.0,5.62833745553701,89600665557.4043,4.86939696871988,Africa,8.042350974930365,13.874841972187113,6.219151036525172
"Egypt, Arab Rep.",EGY,2006,8133000000.0,9083000.0,22.1727857884793,4716000.0,5.3165387261514,107426086956.522,7.64452644526434,Africa,7.570786789703721,12.864279766860953,5.518122676579917
"Egypt, Arab Rep.",EGY,2007,10327000000.0,11091000.0,23.2600567593135,4716000.0,5.37463196062328,130437828371.278,9.3189690579923,Africa,7.917181793770167,26.97651543096029,22.10723329296489
"Egypt, Arab Rep.",EGY,2008,12104000000.0,12835000.0,22.1033620703823,4716000.0,5.04293186240383,162818181818.182,18.3168316831684,Africa,7.434059184812945,17.20732061586134,15.724461274907586
"Egypt, Arab Rep.",EGY,2009,11757000000.0,12536000.0,26.3556090573448,4716000.0,5.46226837363327,189147005444.646,11.7634954386443,Africa,6.215800230282099,-2.8668208856576394,-2.329567588624859
"Egypt, Arab Rep.",EGY,2010,13633000000.0,14731000.0,27.9186257966218,4618000.0,4.50367677766604,218983666061.706,11.2651882653185,Africa,6.225578484999171,15.956451475716605,17.50957243139757
"Egypt, Arab Rep.",EGY,2011,9333000000.0,9845000.0,19.8350795910994,4863000.0,4.19510240122774,235989672977.625,10.0649259874818,Africa,3.9548340748304245,-31.541113474657077,-33.16814880184644
"Egypt, Arab Rep.",EGY,2012,10823000000.0,11532000.0,22.2689516535566,5678000.0,4.41419285822258,279116666666.667,7.11172943343083,Africa,3.8775900161222863,15.964855887710282,17.135601828339265
"Egypt, Arab Rep.",EGY,2013,6747000000.0,9464000.0,15.0618816301747,5782000.0,4.99190212749021,288434108527.132,9.46971981064921,Africa,2.339182433885184,-37.660537743693986,-17.93270898369753
"Egypt, Arab Rep.",EGY,2014,7979000000.0,9878000.0,16.9167392820722,6180000.0,4.711065462998,305595408895.265,10.0702154687481,Africa,2.6109685446009423,18.259967392915378,4.374471682163983
"Egypt, Arab Rep.",EGY,2015,6897000000.0,9328000.0,18.3580254142999,6180000.0,5.35187551148975,329366576819.407,10.370490343517,Africa,2.0940193952289374,-13.560596565985716,-5.56792873051225
"Egypt, Arab Rep.",EGY,2016,3306000000.0,5399000.0,9.83217494490592,6180000.0,6.37029402032755,332441717791.411,13.813606214829,Africa,0.994460028050491,-52.066115702479344,-42.1204974271012
"Egypt, Arab Rep.",EGY,2017,8636000000.0,8292000.0,20.1424149906588,6180000.0,3.44468636835502,248362771739.13,29.5066083940039,Africa,3.477171695068252,161.22202056866303,53.58399703648824
"Egypt, Arab Rep.",EGY,2018,12704000000.0,11346000.0,24.6108510877487,6180000.0,3.79545671908511,262588632526.73,14.4014657807422,Africa,4.8379855128370055,47.10514126910608,36.83068017366136
"Egypt, Arab Rep.",EGY,2019,14256000000.0,13026000.0,26.6354738662113,6180000.0,4.70926197074634,318678815489.749,9.15279959324804,Africa,4.473469621157975,12.216624685138534,14.806980433632999
"Egypt, Arab Rep.",EGY,2020,4874000000.0,13026000.0,12.1540960837403,6180000.0,3.55672549474079,383817841547.099,5.04493288977539,Africa,1.2698732243279272,-65.81088664421998,0.0
El Salvador,SLV,1999,408000000.0,867000.0,18.3783783783784,787000.0,5.4541584632576,11284197000.0,0.514827130192979,North America,3.6156759758802512,,
El Salvador,SLV,2000,437000000.0,867000.0,17.4179919486628,923000.0,4.88468572958023,11784927700.0,2.27128756828723,North America,3.708126270473429,7.107843137254899,0.0
El Salvador,SLV,2001,452000000.0,804000.0,18.5656781401462,933000.0,5.34921494315106,12282533600.0,3.7508205747202,North America,3.6800224995924293,3.4324942791762014,-7.26643598615917
El Salvador,SLV,2002,521000000.0,885000.0,20.6705018845467,1001000.0,5.75116482708669,12664190300.0,1.86552503610077,North America,4.1139621851702595,15.265486725663724,10.074626865671643
El Salvador,SLV,2003,664000000.0,798000.0,24.3956928131075,940000.0,6.07990691047678,13243892200.0,2.1203909173333,North America,5.013631868734178,27.447216890595016,-9.830508474576272
El Salvador,SLV,2004,748000000.0,1030000.0,26.4091639195426,1079000.0,6.69503208062102,13724810900.0,4.45194392395045,North America,5.4499840139873985,12.650602409638555,29.07268170426065
El Salvador,SLV,2005,656000000.0,1306000.0,19.6282011770936,1239000.0,4.42517308880155,14698000000.0,4.69094870903769,North America,4.463192271057287,-12.299465240641716,26.79611650485436
El Salvador,SLV,2006,686000000.0,1501000.0,18.1930532239628,1242000.0,4.05509112067132,15999890000.0,4.03712359429612,North America,4.287529476765153,4.57317073170731,14.931087289433375
El Salvador,SLV,2007,793000000.0,1720000.0,18.2329867609662,1012000.0,4.09930481210955,17011750000.0,4.57808572377153,North America,4.661483974311873,15.597667638483959,14.590273151232513
El Salvador,SLV,2008,711000000.0,1875000.0,14.7824731015126,1178500.0,3.36100145471566,17986890000.0,6.70792293515939,North America,3.952879013548201,-10.340479192938211,9.011627906976738
El Salvador,SLV,2009,549000000.0,1482000.0,13.0224655492001,1345000.0,3.41253251051597,17601620000.0,1.05595029731201,North America,3.1190310891838364,-22.78481012658228,-20.96
El Salvador,SLV,2010,646000000.0,1606000.0,12.9950648139083,1421000.0,3.25769882726421,18447920000.0,1.17933576873673,North America,3.5017497907623194,17.668488160291428,8.367071524966253
El Salvador,SLV,2011,729000000.0,1634000.0,12.4010050099472,1469000.0,2.39176654384609,20283780000.0,5.1289237668161,North America,3.5940046677690254,12.848297213622285,1.7434620174346271
El Salvador,SLV,2012,900000000.0,1738000.0,14.7293442763831,1462000.0,2.73442849744779,21386150000.0,1.72973481581383,North America,4.208331092786686,23.456790123456784,6.364749082007348
El Salvador,SLV,2013,1054000000.0,1822000.0,16.124125046108,1515000.0,2.42039609642559,21990960000.0,0.757669184522973,North America,4.792878528267979,17.11111111111112,4.833141542002295
El Salvador,SLV,2014,1285000000.0,1886000.0,19.4102721704762,1515000.0,2.50933644787141,22593470000.0,1.14134467538233,North America,5.687484038529717,21.916508538899436,3.5126234906695863
El Salvador,SLV,2015,1203000000.0,1973000.0,17.3993321806867,1618000.0,3.03887963518391,23438240000.0,-0.731384487387957,North America,5.1326379455112665,-6.381322957198443,4.612937433722153
El Salvador,SLV,2016,1161000000.0,2052000.0,16.896619671591,1804000.0,4.208154767125,24191430000.0,0.60404908699661,North America,4.7992202197224385,-3.4912718204488824,4.004054738976182
El Salvador,SLV,2017,1227000000.0,2247000.0,16.9833748808091,1871000.0,4.11073220726204,24979190000.0,1.0123540331558,North America,4.912088822736046,5.68475452196382,9.50292397660819
El Salvador,SLV,2018,1370000000.0,2536000.0,18.109764027791,1788000.0,3.97621216774399,26020850000.0,1.09033000581892,North America,5.265008637304316,11.654441727791355,12.861593235425017
El Salvador,SLV,2019,1664000000.0,2639000.0,20.6535926823786,1899000.0,4.04215496128449,26881140000.0,0.0753241350024612,North America,6.190213659093327,21.459854014598534,4.061514195583604
El Salvador,SLV,2020,755000000.0,707000.0,12.3429614370237,515000.0,1.5506265117051,24921190000.0,-0.371590212324095,North America,3.0295503545376445,-54.62740384615385,-73.20954907161803
Equatorial Guinea,GNQ,1999,10000000.0,,,,,621117885.668503,0.372266170311928,Africa,1.6100003285587403,,
Equatorial Guinea,GNQ,2000,5000000.0,,,,,1045998496.43872,4.80228886901398,Africa,0.4780121593886943,-50.0,
Equatorial Guinea,GNQ,2001,14000000.0,,,,,1461139022.02954,8.82538925854966,Africa,0.9581566017280018,179.99999999999997,
Equatorial Guinea,GNQ,2002,14000000.0,,,,,1806742742.27311,7.5924784983324,Africa,0.7748751204272855,0.0,
Equatorial Guinea,GNQ,2003,14000000.0,,,,,2484745935.09329,7.32354399351809,Africa,0.5634378872411505,0.0,
Equatorial Guinea,GNQ,2004,14000000.0,,,,,4410764338.66733,4.21968787094834,Africa,0.317405304955149,0.0,
Equatorial Guinea,GNQ,2005,14000000.0,,,,,8217369092.65224,5.63163351357613,Africa,0.17037083088452776,0.0,
Equatorial Guinea,GNQ,2006,14000000.0,,,,,10086528698.8604,4.41589984169561,Africa,0.13879899039579152,0.0,
Equatorial Guinea,GNQ,2007,14000000.0,,,,,13071718758.7373,2.80373831775704,Africa,0.10710144747141398,0.0,
Equatorial Guinea,GNQ,2008,14000000.0,,,,,19749893536.3204,6.55176691184535,Africa,0.07088645806750175,0.0,
Equatorial Guinea,GNQ,2009,14000000.0,,,,,15027795173.2187,4.69106567747375,Africa,0.09316070547028514,0.0,
Equatorial Guinea,GNQ,2010,14000000.0,,,,,16314443436.2903,7.78916547991184,Africa,0.08581353114907991,0.0,
Equatorial Guinea,GNQ,2011,14000000.0,,,,,21357343668.9447,4.805389221557,Africa,0.06555122311562149,0.0,
Equatorial Guinea,GNQ,2012,14000000.0,,,,,22388344143.9131,3.65662048278806,Africa,0.06253253885150006,0.0,
Equatorial Guinea,GNQ,2013,14000000.0,,,,,21948834283.7856,2.94887694639662,Africa,0.06378470865007309,0.0,
Equatorial Guinea,GNQ,2014,14000000.0,,,,,21765453081.9826,4.30999866149107,Africa,0.0643221160950202,0.0,
Equatorial Guinea,GNQ,2015,14000000.0,,,,,13185496881.0174,1.67663085315988,Africa,0.10617726526601515,0.0,
Equatorial Guinea,GNQ,2016,14000000.0,,,,,11240808847.8878,1.41193915479015,Africa,0.12454619760419343,0.0,
Equatorial Guinea,GNQ,2017,14000000.0,,,,,12200913878.9827,0.74435474661241,Africa,0.11474550299151284,0.0,
Equatorial Guinea,GNQ,2018,14000000.0,,,,,13097012133.6159,1.06007410662171,Africa,0.10689460968022176,0.0,
Equatorial Guinea,GNQ,2019,14000000.0,,,,,11364133549.7478,1.53027528964189,Africa,0.12319460994288207,0.0,
Equatorial Guinea,GNQ,2020,14000000.0,,,,,9893816007.7398,4.76669523944228,Africa,0.1415025303588422,0.0,
Eritrea,ERI,1999,28000000.0,57000.0,41.0344162769681,,,688918537.115555,,Africa,4.064341208937951,,
Eritrea,ERI,2000,36000000.0,70000.0,36.840446421389,,,706370815.584416,,Africa,5.096473297840793,28.57142857142858,22.807017543859654
Eritrea,ERI,2001,74000000.0,113000.0,36.840446421389,,,752371688.743186,,Africa,9.835564137669076,105.55555555555554,61.42857142857143
Eritrea,ERI,2002,73000000.0,101000.0,36.840446421389,,,729321680.154324,,Africa,10.009300694935224,-1.3513513513513487,-10.619469026548678
Eritrea,ERI,2003,74000000.0,80000.0,36.840446421389,,,870248267.550163,,Africa,8.503320576358915,1.3698630136986356,-20.79207920792079
Eritrea,ERI,2004,73000000.0,87000.0,36.840446421389,,,1109054005.43971,,Africa,6.5821862273566625,-1.3513513513513487,8.749999999999991
Eritrea,ERI,2005,66000000.0,83000.0,36.840446421389,,,1098424685.66169,,Africa,6.008604946841818,-9.589041095890416,-4.597701149425292
Eritrea,ERI,2006,60000000.0,78000.0,36.840446421389,,,1211161879.6748,,Africa,4.953920776974103,-9.090909090909093,-6.024096385542165
Eritrea,ERI,2007,61000000.0,81000.0,36.840446421389,,,1317974491.05691,,Africa,4.628314160396449,1.6666666666666607,3.8461538461538547
Eritrea,ERI,2008,46000000.0,70000.0,36.840446421389,,,1380188800.0,,Africa,3.33287735706883,-24.590163934426236,-13.580246913580252
Eritrea,ERI,2009,26000000.0,79000.0,36.840446421389,,,1856695551.21951,,Africa,1.4003372810864305,-43.47826086956522,12.857142857142856
Eritrea,ERI,2010,29142857.14285714,84000.0,36.840446421389,,,1589515447.15447,,Africa,1.8334428391387017,12.08791208791209,6.329113924050622
Eritrea,ERI,2011,32285714.285714284,107000.0,36.840446421389,,,2065001626.01626,,Africa,1.5634716156615782,10.784313725490202,27.380952380952372
Eritrea,ERI,2012,35428571.42857143,129000.0,36.840446421389,,,2065001626.01626,,Africa,1.715667967628635,9.734513274336297,20.560747663551403
Eritrea,ERI,2013,38571428.57142857,141000.0,36.840446421389,,,2065001626.01626,,Africa,1.8678643195956908,8.870967741935454,9.302325581395344
Eritrea,ERI,2014,41714285.71428572,119000.0,36.840446421389,,,2065001626.01626,,Africa,2.0200606715627476,8.14814814814817,-15.602836879432624
Eritrea,ERI,2015,44857142.85714286,114000.0,36.840446421389,,,2065001626.01626,,Africa,2.172257023529804,7.534246575342474,-4.201680672268903
Eritrea,ERI,2016,48000000.0,142000.0,36.840446421389,,,2065001626.01626,,Africa,2.32445337549686,7.006369426751591,24.56140350877194
Eritrea,ERI,2017,48000000.0,142000.0,36.840446421389,,,2065001626.01626,,Africa,2.32445337549686,0.0,0.0
Eritrea,ERI,2018,48000000.0,142000.0,36.840446421389,,,2065001626.01626,,Africa,2.32445337549686,0.0,0.0
Eritrea,ERI,2019,48000000.0,142000.0,36.840446421389,,,2065001626.01626,,Africa,2.32445337549686,0.0,0.0
Eritrea,ERI,2020,48000000.0,142000.0,36.840446421389,,,2065001626.01626,,Africa,2.32445337549686,0.0,0.0
Estonia,EST,1999,702000000.0,3181000.0,21.7800403795474,1780000.0,7.22674209137976,5756912265.75809,3.29611089718909,Europe,12.194036796000368,,
Estonia,EST,2000,657000000.0,3310000.0,18.7527506939328,1800000.0,6.86513925895877,5686579747.53524,4.01848952508763,Europe,11.55351774121811,-6.41025641025641,4.055328513046219
Estonia,EST,2001,661000000.0,3230000.0,16.8084471149882,1658000.0,6.22780878488403,6250218422.70164,5.74827981651373,Europe,10.5756304067576,0.60882800608828,-2.4169184290030232
Estonia,EST,2002,737000000.0,3253000.0,17.1570827491188,1849000.0,6.33550388662964,7370119619.4782,3.57191270164027,Europe,9.999837696693708,11.497730711043875,0.7120743034055632
Estonia,EST,2003,883000000.0,3378000.0,15.5741494797228,2075000.0,6.20940939373458,9876595528.45528,1.33499116549955,Europe,8.940327640794894,19.810040705563093,3.84260682446973
Estonia,EST,2004,1111000000.0,3468000.0,14.9514178083177,1529333.3333333335,5.79922267393686,12148595031.0559,3.04811107523416,Europe,9.145090417121567,25.821064552661376,2.6642984014209503
Estonia,EST,2005,1229000000.0,3558000.0,13.3562407102988,983666.6666666667,5.3501386382342,14109491356.7964,4.07971423199849,Europe,8.710448654182017,10.62106210621061,2.595155709342567
Estonia,EST,2006,1361000000.0,3648000.0,12.5950581236138,438000.0,5.63262459482781,17025671810.3124,4.43762042389213,Europe,7.993810847309097,10.740439381611067,2.5295109612141653
Estonia,EST,2007,1416000000.0,3738000.0,10.0457408908082,677000.0,5.00622635038663,22450264166.4385,6.60132603055637,Europe,6.307275448975858,4.041146216017633,2.4671052631578982
Estonia,EST,2008,1643000000.0,3828000.0,10.1153447567479,692000.0,5.45825961480216,24342935403.5447,10.3623580313683,Europe,6.749391446689517,16.03107344632768,2.4077046548956593
Estonia,EST,2009,1718800000.0,3834000.0,9.996519589554314,752000.0,5.5637169232066945,19633984440.1223,-0.0784083112809768,Europe,8.754208832353,4.61351186853316,0.15673981191222097
Estonia,EST,2010,1794600000.0,4369000.0,9.877694422360728,955000.0,5.669174231611228,19524355419.038,2.97204512015694,Europe,9.191596657014879,4.410053525715618,13.954094940010432
Estonia,EST,2011,1870400000.0,4907000.0,9.758869255167143,1054000.0,5.774631540015762,23303915794.7569,4.9819013145361,Europe,8.026118942726429,4.22378245848658,12.314030670634013
Estonia,EST,2012,1946200000.0,5007000.0,9.640044087973557,1147000.0,5.8800888484202956,23237406116.3988,3.93339987296985,Europe,8.375289351364192,4.052609067579138,2.0379050336254423
Estonia,EST,2013,2022000000.0,5737000.0,9.52121892077997,1166000.0,5.98554615682483,25451032780.7573,2.78056658954988,Europe,7.944667776031346,3.8947692940088485,14.579588575993618
Estonia,EST,2014,2278000000.0,5804000.0,10.4529789983665,1426000.0,6.4328960812571,27055689003.0038,-0.10617514652171,Europe,8.419670996909707,12.660731948565784,1.1678577653825961
Estonia,EST,2015,1893000000.0,5696000.0,10.6820377958942,1250000.0,6.92076077462722,23311847750.9394,-0.49232600654737,Europe,8.120334433480151,-16.900790166812996,-1.8607856650585841
Estonia,EST,2016,1911000000.0,5942000.0,10.3086651591231,1339000.0,7.31984100548004,24561027787.7896,0.148684907627373,Europe,7.78061902177418,0.9508716323296307,4.3188202247191
Estonia,EST,2017,2124000000.0,6145000.0,10.390325466954,1279000.0,7.14761177482547,27469461919.1189,3.41723549488054,Europe,7.732222808928355,11.145996860282569,3.4163581285762357
Estonia,EST,2018,2326000000.0,6033000.0,10.2265168981389,2069000.0,7.48137356346664,31222632740.7247,3.43632688420446,Europe,7.449724113002559,9.51035781544256,-1.8226200162733908
Estonia,EST,2019,2310000000.0,6103000.0,10.0643877989689,1702000.0,8.30279589050054,31873748770.0313,2.27725931243522,Europe,7.2473433127261595,-0.6878761822871837,1.1602850986242252
Estonia,EST,2020,865000000.0,1695000.0,3.9817677512326,558000.0,3.05325174631396,31820771493.8974,-0.44453109767983,Europe,2.7183501825714376,-62.554112554112564,-72.22677371784368
Eswatini,SWZ,1999,15000000.0,1253000.0,1.51819657973533,1082000.0,2.85473643308268,1547888495.98428,6.08886063431493,Africa,0.9690620505879343,,
Eswatini,SWZ,2000,24000000.0,1151000.0,1.93747915582168,1082000.0,2.22761777343425,1738093840.36607,12.2085358545844,Africa,1.3808230282287417,60.00000000000001,-8.140462889066235
Eswatini,SWZ,2001,23000000.0,1312000.0,2.0157722147636,1082000.0,2.3539698031184,1542477308.89408,5.94210982281648,Africa,1.4911078346099278,-4.1666666666666625,13.987836663770636
Eswatini,SWZ,2002,45000000.0,1371000.0,3.87716787595478,1082000.0,1.795721434353435,1432221739.12342,12.0197154699232,Africa,3.1419715795922705,95.65217391304348,4.496951219512191
Eswatini,SWZ,2003,70040000.9155273,1543000.0,3.80448676547053,1082000.0,1.23747306558847,2197598466.25447,7.28999999999999,Africa,3.1871154804226665,55.64444647894955,12.545587162654993
Eswatini,SWZ,2004,75099998.4741211,1362500.0,3.78965762371172,1082000.0,2.67484066541695,2770082791.50412,3.44533507316614,Africa,2.7111102492840202,7.224439595162879,-11.697990926766044
Eswatini,SWZ,2005,77300003.0517578,1182000.0,4.28336177899588,1082000.0,2.74844152523832,3178112498.67911,4.77400404553712,Africa,2.432261384198492,2.9294335850017506,-13.247706422018346
Eswatini,SWZ,2006,75099998.4741211,1200000.0,4.08625997569461,1072000.0,2.47712389546878,3291330019.17287,5.30463946338728,Africa,2.281752301854985,-2.8460601433141552,1.522842639593902
Eswatini,SWZ,2007,32200000.7629395,1230000.0,1.51966197763899,1130000.0,2.57965747461466,3469381231.49049,8.07608827861589,Africa,0.9281194142249387,-57.12383299976314,2.499999999999991
Eswatini,SWZ,2008,26299999.2370605,1186000.0,1.50780868429288,1177000.0,2.70619122660675,3294084314.15058,12.6574601863915,Africa,0.798400912936021,-18.32298567107362,-3.577235772357723
Eswatini,SWZ,2009,40099998.4741211,1344000.0,2.25857844365139,1245000.0,4.33823990236263,3580428052.81393,7.44823423445754,Africa,1.1199777759144107,52.471481510974385,13.322091062394614
Eswatini,SWZ,2010,51400001.5258789,1343000.0,2.49172859925944,1141000.0,3.31449399292449,4438765085.93784,4.50923691774369,Africa,1.1579797653341886,28.179559804847276,-0.07440476190476719
Eswatini,SWZ,2011,10100000.3814697,1328000.0,0.602381113018089,1264000.0,1.70501403258326,4820478680.18375,6.10742714590251,Africa,0.209522768412798,-80.35019439370143,-1.1169024571854091
Eswatini,SWZ,2012,29100000.3814697,1278000.0,1.62858269702763,1403000.0,2.66566414434058,4886551483.93374,8.93964682788212,Africa,0.5955119981268223,188.11880477607681,-3.765060240963858
Eswatini,SWZ,2013,4199999.80926514,1299000.0,0.227037347472904,1573000.0,2.49070751187006,4418333192.47449,5.62130623468948,Africa,0.09505846721607086,-85.56701115392556,1.6431924882629012
Eswatini,SWZ,2014,15600000.3814697,1325000.0,0.804915458795319,1657000.0,3.13007700474583,4250545460.94523,5.68134885776447,Africa,0.3670117288429282,271.4285973788932,2.001539645881456
Eswatini,SWZ,2015,14199999.8092651,1256000.0,0.814370093218628,1713000.0,3.78617736890567,3878174403.5524,4.95124493704919,Africa,0.3661516562085998,-8.974362422885429,-5.207547169811322
Eswatini,SWZ,2016,13199999.8092651,1279000.0,0.77873815805921,1789000.0,1.99986633928334,3705918654.13708,7.8472745908568,Africa,0.3561869819924234,-7.042253615718563,1.8312101910828105
Eswatini,SWZ,2017,13199999.8092651,1343000.0,0.689302002880607,1751000.0,3.79916937812635,4437538381.32249,6.22137528933118,Africa,0.297462211590634,0.0,5.003909304143872
Eswatini,SWZ,2018,16399999.6185303,1277000.0,0.863457196239611,1717000.0,2.08039961827122,4659474399.74018,4.81506167461513,Africa,0.3519710210113997,24.242423147757286,-4.914370811615787
Eswatini,SWZ,2019,14300000.1907349,1226000.0,0.698409803497494,1721000.0,1.7155247815218,4594818143.27624,2.59801620311077,Africa,0.311220155941549,-12.804874857573878,-3.9937353171495715
Eswatini,SWZ,2020,7300000.19073486,345299.987792969,0.403800955166701,488000.0,2.15870735668139,4105756862.55271,2.59801620311077,Africa,0.17779913509530526,-48.951048298135014,-71.83523753727823
Ethiopia,ETH,1999,176000000.0,115000.0,18.7039899579734,,3.07530233751224,7892973531.80045,7.94144864137325,Africa,2.229831372053936,,
Ethiopia,ETH,2000,205000000.0,136000.0,20.659754229991,,4.93528175991747,8242349617.8638,0.662458109266482,Africa,2.487154870932672,16.47727272727273,18.260869565217398
Ethiopia,ETH,2001,218000000.0,148000.0,22.3431830869738,,2.32847326165782,8231326016.47494,-8.23784453391137,Africa,2.648418973609775,6.341463414634152,8.823529411764696
Ethiopia,ETH,2002,261000000.0,156000.0,24.5307681130359,,2.70437917256709,7850809498.16803,0.675089102170801,Africa,3.324497939491511,19.72477064220184,5.405405405405395
Ethiopia,ETH,2003,336000000.0,180000.0,26.7063826485686,,2.41962832856274,8623691300.04079,13.6740452028272,Africa,3.896243363887698,28.735632183908045,15.384615384615374
Ethiopia,ETH,2004,458000000.0,184000.0,27.2009832591057,,1.58313884497581,10131187261.4421,3.32737047894847,Africa,4.520694250150569,36.30952380952381,2.2222222222222143
Ethiopia,ETH,2005,533000000.0,227000.0,27.6239700834372,,1.573936405273058,12401139453.9738,9.96997123512892,Africa,4.29799214804577,16.375545851528383,23.369565217391308
Ethiopia,ETH,2006,639000000.0,330000.0,29.065393218647,,1.564733965570306,15280861834.6024,12.2994763114825,Africa,4.181701313161742,19.88742964352721,45.37444933920705
Ethiopia,ETH,2007,790000000.0,358000.0,29.8153313555233,,1.555531525867554,19707616772.7996,17.2404008340898,Africa,4.008602405392598,23.63067292644758,8.484848484848495
Ethiopia,ETH,2008,1184000000.0,383000.0,33.8741944353593,,1.546329086164802,27066912635.2228,44.3566858766952,Africa,4.374344484561691,49.87341772151899,6.983240223463683
Ethiopia,ETH,2009,1119000000.0,427000.0,32.6246228894437,,1.53712664646205,32437389116.038,8.48364404530282,Africa,3.4497227751500303,-5.4898648648648685,11.488250652741506
Ethiopia,ETH,2010,1434000000.0,468000.0,30.8771012561089,,1.6468756105132643,29933790334.3418,8.14926402965082,Africa,4.790572740648988,28.15013404825737,9.601873536299777
Ethiopia,ETH,2011,1998000000.0,523000.0,34.2619706524699,,1.7566245745644786,31952763089.33,33.2499598823344,Africa,6.252980358581863,39.33054393305439,11.752136752136755
Ethiopia,ETH,2012,1980000000.0,597000.0,33.0279157153971,,1.8663735386156928,43310721414.0829,23.600417677317,Africa,4.571616300429906,-0.9009009009009028,14.149139579349912
Ethiopia,ETH,2013,2236000000.0,681000.0,36.5569977140283,,1.9761225026669071,47648276605.0123,7.46402192944517,Africa,4.6927195678779015,12.929292929292924,14.070351758793965
Ethiopia,ETH,2014,2107000000.0,770000.0,32.9956424946843,,2.085871466718121,55612228233.5179,6.89001951597192,Africa,3.7887350802644075,-5.769230769230771,13.069016152716584
Ethiopia,ETH,2015,2279000000.0,864000.0,37.9378317507666,,2.1956204307693357,64589328550.5953,9.56889955968623,Africa,3.5284466507726147,8.163265306122458,12.2077922077922
Ethiopia,ETH,2016,2138000000.0,871000.0,36.2030988614581,,2.30536939482055,74296745207.8721,6.62813337230924,Africa,2.877649611726825,-6.186924089512946,0.810185185185186
Ethiopia,ETH,2017,2505000000.0,933000.0,37.7380373200318,,1.88240185588797,81770886825.6048,10.6871150284238,Africa,3.0634374864277647,17.16557530402245,7.118254879448904
Ethiopia,ETH,2018,3548000000.0,849000.0,46.5352282793683,,3.07443235111137,84269196625.8784,13.8330356586661,Africa,4.210316630585318,41.636726546906175,-9.0032154340836
Ethiopia,ETH,2019,3529000000.0,812000.0,46.5065006697242,,3.43783517919298,95912607722.3032,15.8096321719344,Africa,3.6793911497199105,-0.5355129650507329,-4.358068315665486
Ethiopia,ETH,2020,2282000000.0,518000.0,29.5802726111036,,1.87831191148186,107657734392.446,20.3563468559061,Africa,2.1196804975306267,-35.3357891754038,-36.206896551724135
Faroe Islands,FRO,1999,,,,,,1127684827.35686,,Europe,,,
Faroe Islands,FRO,2000,,,,,,1067109530.64798,,Europe,,,
Faroe Islands,FRO,2001,,,,,,1160268212.07291,,Europe,,,
Faroe Islands,FRO,2002,,,,,,1275093689.27107,,Europe,,,
Faroe Islands,FRO,2003,,,,,,1501941580.88903,,Europe,,,
Faroe Islands,FRO,2004,,,,,,1724770770.83393,,Europe,,,
Faroe Islands,FRO,2005,,,,,,1759739599.22694,,Europe,,,
Faroe Islands,FRO,2006,,,,,,2017680834.89917,,Europe,,,
Faroe Islands,FRO,2007,,,,,,2339015313.29513,,Europe,,,
Faroe Islands,FRO,2008,,,,,,2489873249.62815,,Europe,,,
Faroe Islands,FRO,2009,,,,,,2296065170.05552,,Europe,,,
Faroe Islands,FRO,2010,,,,,,2331796784.36009,,Europe,,,
Faroe Islands,FRO,2011,,,,,,2505740669.27039,,Europe,,,
Faroe Islands,FRO,2012,,,,,,2427200388.91831,,Europe,,,
Faroe Islands,FRO,2013,,,,,,2690110520.92548,,Europe,,,
Faroe Islands,FRO,2014,,,,,,2914012679.27277,,Europe,,,
Faroe Islands,FRO,2015,,,,,,2573905971.05459,,Europe,,,
Faroe Islands,FRO,2016,,,,,,2813278868.78208,,Europe,,,
Faroe Islands,FRO,2017,,,,,,2980057377.87967,,Europe,,,
Faroe Islands,FRO,2018,,,,,,3188600927.46688,,Europe,,,
Faroe Islands,FRO,2019,,,,,,3266432734.22819,,Europe,,,
Faroe Islands,FRO,2020,,,,,,3271813311.5831,,Europe,,,
Fiji,FJI,1999,365000000.0,544000.0,34.3418899875801,89000.0,7.8612436115843,1936459986.03795,1.96867366000919,Oceania,18.848827377362955,,
Fiji,FJI,2000,291000000.0,434000.0,30.0527820492023,83000.0,8.71708568391377,1678219507.89829,1.09216459977388,Oceania,17.339805587436675,-20.273972602739732,-20.220588235294112
Fiji,FJI,2001,316000000.0,446000.0,34.5375033371208,85000.0,7.91239657028044,1652462023.46215,4.27267024465105,Oceania,19.12298107389686,8.59106529209621,2.764976958525356
Fiji,FJI,2002,384000000.0,461000.0,39.1269599570348,99000.0,7.33159741288447,1833279985.36741,0.762032085561193,Oceania,20.9460640526789,21.518987341772156,3.363228699551568
Fiji,FJI,2003,496000000.0,451000.0,38.4344920499297,104000.0,6.06937222650432,2300492465.32276,4.17274777763036,Oceania,21.56060093552234,29.166666666666675,-2.1691973969631184
Fiji,FJI,2004,588000000.0,513000.0,41.9340184933162,94000.0,6.74367319859391,2708078476.63012,2.827485193912,Oceania,21.712812426754184,18.5483870967742,13.747228381374722
Fiji,FJI,2005,722000000.0,547000.0,44.8259685605622,109000.0,6.96574804872727,2980403844.72096,2.36576453830435,Oceania,24.224904999999996,22.789115646258495,6.627680311890849
Fiji,FJI,2006,684000000.0,544500.0,44.3540802398115,121000.0,5.40169195445781,3076305452.86506,2.49083638787079,Oceania,22.234463075276526,-5.263157894736848,-0.4570383912248621
Fiji,FJI,2007,722000000.0,542000.0,43.8140747494956,120000.0,5.06213273844673,3378314599.76402,4.80370641306989,Oceania,21.371603463171628,5.555555555555558,-0.45913682277318735
Fiji,FJI,2008,952000000.0,627000.0,47.2089778789814,124000.0,4.14397898999251,3523185919.55826,7.73227857918417,Oceania,27.0209980891205,31.855955678670366,15.682656826568264
Fiji,FJI,2009,688000000.0,605000.0,48.4596078784152,125000.0,6.31503052768253,2870624635.68032,3.13103559015965,Oceania,23.966909203262947,-27.73109243697479,-3.508771929824561
Fiji,FJI,2010,825000000.0,692000.0,45.6524952889392,128000.0,5.0823107816622,3140166712.79624,3.68901229670766,Oceania,26.272490458487734,19.91279069767442,14.380165289256208
Fiji,FJI,2011,955000000.0,734000.0,42.5499002447006,132000.0,4.70354957562876,3779411899.37483,7.27811782708494,Oceania,25.268481589899505,15.757575757575747,6.069364161849711
Fiji,FJI,2012,989000000.0,741000.0,40.7381116957827,132000.0,4.31534914487971,3972028104.47328,3.4233752340198,Oceania,24.899118888061057,3.560209424083771,0.95367847411445
Fiji,FJI,2013,966000000.0,769000.0,40.6289418733756,138000.0,3.61219869430723,4189967998.51424,2.91354193604001,Oceania,23.05506868650412,-2.3255813953488413,3.7786774628879805
Fiji,FJI,2014,1091000000.0,781000.0,42.8985432055017,144000.0,3.48486148721148,4857104791.41609,0.519306474579194,Oceania,22.461940741490956,12.939958592132506,1.5604681404421283
Fiji,FJI,2015,1094000000.0,869000.0,47.9431108014223,150000.0,4.69956146089797,4682479912.05203,1.37488542621438,Oceania,23.36368805735186,0.274977085242889,11.267605633802823
Fiji,FJI,2016,1149000000.0,963000.0,49.861731375987,156000.0,4.76747303595571,4930213634.35692,3.86322538221269,Oceania,23.305278132229894,5.027422303473483,10.817031070195625
Fiji,FJI,2017,1243000000.0,1027000.0,50.3828550418186,169000.0,5.0508801639066,5353469171.0611,3.3475783475784,Oceania,23.218588923967364,8.181026979982597,6.6458982346832896
Fiji,FJI,2018,1370000000.0,1058000.0,51.4968287134821,174000.0,5.17293303590566,5581425324.91185,4.08147637644526,Oceania,24.545701505406008,10.217216411906671,3.018500486854925
Fiji,FJI,2019,1345000000.0,969000.0,51.0165568926575,174000.0,5.42716095897172,5444407214.31758,1.77310182460282,Oceania,24.704250564927417,-1.8248175182481785,-8.412098298676751
Fiji,FJI,2020,236000000.0,168000.0,19.184084523671,174000.0,3.89422232370299,4432466237.09588,-2.5952432588738,Oceania,5.324349636888052,-82.45353159851301,-82.6625386996904
Finland,FIN,1999,2236000000.0,2454000.0,4.68274830139506,6668000.0,6.88467055057492,135234241918.147,1.16223155669444,Europe,1.653427392563327,,
Finland,FIN,2000,2035000000.0,2714000.0,3.85561703756479,6668000.0,5.76025658775958,125967821110.589,3.04210080667795,Europe,1.6154919423536296,-8.989266547406082,10.594947025264867
Finland,FIN,2001,2066000000.0,2826000.0,4.00619431059601,6668000.0,6.45922904007737,129519672868.898,2.57844080098896,Europe,1.5951244735548709,1.523341523341526,4.1267501842299215
Finland,FIN,2002,2238000000.0,2875000.0,4.10401530384611,6668000.0,5.93597929320631,140360963811.765,1.5712201278938,Europe,1.5944604106604259,8.325266214908034,1.7338995046001449
Finland,FIN,2003,2679000000.0,2601000.0,4.23448628331836,6668000.0,5.79783979225056,171612867735.686,0.877440386254785,Europe,1.5610717514062706,19.70509383378016,-9.5304347826087
Finland,FIN,2004,2977000000.0,2840000.0,3.95341066228494,6668000.0,5.46713759350843,197458297639.769,0.187120559084418,Europe,1.5076601163811607,11.123553564762979,9.188773548635144
Finland,FIN,2005,3069000000.0,3140000.0,3.72897902905032,6668000.0,4.98588532264381,204859368790.661,0.623874450025191,Europe,1.4981008767707906,3.0903594222371433,10.563380281690149
Finland,FIN,2006,3515000000.0,3375000.0,3.75370854539446,6428000.0,4.84673867623693,217044068234.117,1.56666380704386,Europe,1.6194867837661917,14.53242098403389,7.484076433121012
Finland,FIN,2007,4287000000.0,3519000.0,3.81002677571408,6413000.0,4.80386337900039,256360251537.648,2.5106656524034,Europe,1.6722561217219076,21.96301564722618,4.266666666666663
Finland,FIN,2008,4875000000.0,3583000.0,3.79341765454869,6566000.0,4.72116027675574,285698662071.094,4.06595355358379,Europe,1.7063433075464989,13.715885234429681,1.818698493890314
Finland,FIN,2009,4072000000.0,3423000.0,4.4459858434403,6693000.0,6.071736932003,253480783439.453,-9.17360384430342e-07,Europe,1.606433412721658,-16.471794871794877,-4.46553167736533
Finland,FIN,2010,4496000000.0,3670000.0,4.69651300492071,7485000.0,5.70482111151639,249429613683.334,1.18413523154646,Europe,1.8025125138941778,10.412573673870341,7.215892491966103
Finland,FIN,2011,5615000000.0,4192000.0,5.2397901601975,8238000.0,5.50169473168622,275126915515.565,3.41680754255211,Europe,2.0408762950284074,24.888790035587192,14.223433242506811
Finland,FIN,2012,5418000000.0,4226000.0,5.40510651915585,9978000.0,5.6004853096741,257443384492.969,2.80833622561574,Europe,2.104540386877943,-3.5084594835262717,0.8110687022900853
Finland,FIN,2013,5774000000.0,2797000.0,5.58478203468048,9526000.0,6.02259750148265,270268036626.275,1.4782861568881,Europe,2.1363976562216465,6.570690291620518,-33.81448177946048
Finland,FIN,2014,5409000000.0,2731000.0,5.37589264816249,9783000.0,6.11659910863645,273478528954.901,1.04119621178439,Europe,1.9778517972399916,-6.321440942154489,-2.359671076153025
Finland,FIN,2015,4011000000.0,2622000.0,4.80759577587628,10022000.0,6.85825126917869,233210733506.25,-0.207928839905268,Europe,1.7199036852617704,-25.845812534664447,-3.991212010252654
Finland,FIN,2016,4017000000.0,2789000.0,4.76298554539055,10278000.0,7.13858455463955,238777818792.608,0.356684500891695,Europe,1.6823170679387898,0.14958863126401933,6.36918382913807
Finland,FIN,2017,5210000000.0,3180000.0,5.37280002400941,10480000.0,7.02404497165413,253846138440.0,0.754015047084346,Europe,2.052424366987743,29.698780184217078,14.019361778415206
Finland,FIN,2018,5762000000.0,3224000.0,5.37693301025121,10480000.0,6.59925997533484,273869255596.078,1.08382098409305,Europe,2.103923635918524,10.595009596928984,1.383647798742138
Finland,FIN,2019,5944000000.0,3290000.0,5.48082615560132,10440000.0,6.41396841349414,267014821129.411,1.02409392963431,Europe,2.2260936583438524,3.1586254772648426,2.0471464019851116
Finland,FIN,2020,1757000000.0,896000.0,1.794806606539,2690000.0,1.9986815345836,270000311606.226,0.290554555653239,Europe,0.650739989723584,-70.4407806191117,-72.76595744680851
France,FRA,1999,44551000000.0,190282000.0,11.0499514872141,27107000.0,8.65962815251931,1486915879701.93,0.537141639134645,Europe,2.9962017763191002,,
France,FRA,2000,38706000000.0,190282000.0,9.91854549584506,27107000.0,7.69006063110235,1360959069477.49,1.67595988720927,Europe,2.8440238114479306,-13.119795290790325,0.0
France,FRA,2001,37826000000.0,190282000.0,9.65446786130142,27107000.0,7.69688506537674,1370376677298.86,1.63478079549601,Europe,2.7602629719704925,-2.273549320518786,0.0
France,FRA,2002,41113000000.0,190282000.0,9.81908150667419,27107000.0,7.73975206383923,1492427756382.43,1.9234122872706,Europe,2.7547732092343185,8.689790091471483,0.0
France,FRA,2003,46576000000.0,190282000.0,9.59122482372911,27107000.0,7.7576842956418,1835095983049.09,2.09847219146923,Europe,2.538068876517946,13.287767859314581,0.0
France,FRA,2004,53068000000.0,190282000.0,9.48309603342046,27107000.0,6.70575815056405,2109792297237.03,2.14208964640241,Europe,2.5153186912994943,13.938509103400886,0.0
France,FRA,2005,52126000000.0,185829000.0,8.79188234690739,27107000.0,6.51296096710792,2192146403028.17,1.74586936380482,Europe,2.3778521328682514,-1.7750810281148666,-2.3402108449564363
France,FRA,2006,54615000000.0,193882000.0,8.39529804772361,27107000.0,5.96922168331699,2317861544690.82,1.67512449608723,Europe,2.356266711663535,4.774968345931008,4.333553966280834
France,FRA,2007,63890000000.0,193319000.0,8.62091601833162,33144000.0,6.06124084481424,2655816911866.56,1.4879980595386,Europe,2.4056628193958165,16.982513961365918,-0.29038281016288137
France,FRA,2008,68034000000.0,193571000.0,8.22297905139328,30960000.0,5.79481591812685,2926802941585.86,2.81286194914787,Europe,2.3245159089233534,6.4861480669901495,0.13035449179852332
France,FRA,2009,58906000000.0,192369000.0,8.85556814966122,30646000.0,6.45927823172673,2700075882518.98,0.0876204781574552,Europe,2.181642389437028,-13.41682100126408,-0.6209607844150256
France,FRA,2010,56178000000.0,189826000.0,7.91960906721051,29973000.0,6.20228010144535,2646230027988.34,1.53112270420926,Europe,2.1229446951256326,-4.631107187722816,-1.321938565985159
France,FRA,2011,66133000000.0,196595000.0,8.02866539080314,31153000.0,6.30515922300879,2870408553990.28,2.11159795174994,Europe,2.3039577382831316,17.720459966534953,3.5658971900582648
France,FRA,2012,63975000000.0,197522000.0,8.04452263905079,29642000.0,6.00998947983093,2683007095787.23,1.9541953161351,Europe,2.3844513903989095,-3.2631212858935776,0.471527760115964
France,FRA,2013,66054000000.0,204410000.0,7.75508073361311,30457000.0,5.99287545534444,2816077607875.26,0.863715497861805,Europe,2.3456029697220586,3.249706916764361,3.487206488391159
France,FRA,2014,67402000000.0,206599000.0,7.7450011173577,31941000.0,6.50709356740921,2861236112552.42,0.50775882293799,Europe,2.3556951383460896,2.040754534169009,1.0708869429088663
France,FRA,2015,66441000000.0,203302000.0,8.63622450181254,30608000.0,6.12652810278942,2442483452642.5,0.0375143805125182,Europe,2.7202231371564913,-1.4257737159134698,-1.5958450912153532
France,FRA,2016,63557000000.0,203042000.0,8.2652071524863,29636000.0,6.27624607704618,2470407619777.13,0.18333486112386,Europe,2.5727333210595367,-4.340693246639871,-0.12788855987644343
France,FRA,2017,67717000000.0,207274000.0,8.1987360688008,44265000.0,6.3611247320917,2588868323334.71,1.03228275064662,Europe,2.615698890114814,6.545305788504807,2.0842978300056103
France,FRA,2018,72518000000.0,211998000.0,8.02725985500953,48069000.0,6.3457880935388,2781576320884.39,1.85081508315502,Europe,2.60708287798996,7.089800197882368,2.2791088124897385
France,FRA,2019,70776000000.0,217877000.0,7.98826694775337,49276000.0,6.6275541210039,2722793515171.76,1.10825492288294,Europe,2.5993891790040973,-2.4021622217932137,2.7731393692393302
France,FRA,2020,35958000000.0,117109000.0,4.80404188740469,21287000.0,3.92679281907539,2647926055110.05,0.476498852725066,Europe,1.3579684346021348,-49.19464225161072,-46.2499483653621
French Polynesia,PYF,1999,394000000.0,236000.0,50.9290752885988,88000.0,15.96821520507,3911602004.14205,,Oceania,10.072599400010224,,
French Polynesia,PYF,2000,419666666.6666667,236875.0,50.9290752885988,88000.0,15.96821520507,3599845480.34359,,Oceania,11.65790778960355,6.514382402707275,0.370762711864403
French Polynesia,PYF,2001,445333333.3333333,237750.0,50.9290752885988,88000.0,15.96821520507,3573808556.31268,,Oceania,12.4610293561111,6.115965051628258,0.3693931398416783
French Polynesia,PYF,2002,471000000.0,238625.0,50.9290752885988,88000.0,15.96821520507,3965405552.5203,,Oceania,11.877725840693538,5.763473053892221,0.3680336487907443
French Polynesia,PYF,2003,651000000.0,239500.0,59.2986561834808,88000.0,15.7783593309826,4927780606.7707,,Oceania,13.210815414662235,38.21656050955413,0.36668412781561965
French Polynesia,PYF,2004,737000000.0,240375.0,61.4074494195263,88000.0,20.2501061925328,5564109981.9138,,Oceania,13.245604461371657,13.21044546850998,0.36534446764091566
French Polynesia,PYF,2005,759000000.0,241250.0,59.3951984093123,88000.0,18.5763662140909,5705052134.54253,,Oceania,13.303997616506653,2.9850746268656803,0.3640145605824152
French Polynesia,PYF,2006,751666666.6666666,242125.0,55.69392715756817,88000.0,16.898449077813765,5877997979.62266,,Oceania,12.787800698000924,-0.9661835748792313,0.36269430051814044
French Polynesia,PYF,2007,744333333.3333334,243000.0,51.99265590582403,88000.0,15.220531941536633,6631156405.59637,,Oceania,11.224789279667007,-0.9756097560975507,0.3613835828600864
French Polynesia,PYF,2008,737000000.0,227000.0,48.2913846540799,88000.0,13.5426148052595,7136741421.95908,,Oceania,10.326841851553155,-0.9852216748768572,-6.584362139917699
French Polynesia,PYF,2009,618000000.0,190000.0,47.9856885638551,88000.0,14.2602513557961,6584557973.9375,,Oceania,9.385595850869882,-16.146540027137046,-16.299559471365644
French Polynesia,PYF,2010,630000000.0,179000.0,56.0700189379855,89000.0,14.3772744267622,6086644798.55982,,Oceania,10.350530067880193,1.9417475728155331,-5.789473684210522
French Polynesia,PYF,2011,725000000.0,196000.0,56.7926187955521,84000.0,14.0027658120915,6203940036.91982,,Oceania,11.686121975478564,15.07936507936507,9.49720670391061
French Polynesia,PYF,2012,720000000.0,210000.0,63.4629837760962,83000.0,13.6099966484916,5692858099.00217,,Oceania,12.647425730253136,-0.6896551724137945,7.14285714285714
French Polynesia,PYF,2013,746000000.0,214000.0,63.8876555305357,65500.0,12.8624196519347,6031827122.60663,,Oceania,12.36772846496335,3.6111111111111205,1.904761904761898
French Polynesia,PYF,2014,835000000.0,228000.0,66.3024960566788,48000.0,13.9184537604781,6151996560.84289,,Oceania,13.572829434182843,11.930294906166218,6.542056074766345
French Polynesia,PYF,2015,758000000.0,239000.0,67.6452661867922,55000.0,14.4083417660915,5325846361.81186,,Oceania,14.23247965685077,-9.221556886227544,4.824561403508776
French Polynesia,PYF,2016,782000000.0,241000.0,65.0774931502111,48000.0,12.0740405782992,5497036476.8031,,Oceania,14.225847023208878,3.16622691292876,0.8368200836819994
French Polynesia,PYF,2017,782000000.0,254000.0,65.0774931502111,55000.0,12.0740405782992,5833352692.7995,,Oceania,13.405669795438138,0.0,5.394190871369298
French Polynesia,PYF,2018,782000000.0,264000.0,65.0774931502111,47000.0,12.0740405782992,6135116253.33452,,Oceania,12.746294735246005,0.0,3.937007874015741
French Polynesia,PYF,2019,782000000.0,300000.0,65.0774931502111,63000.0,12.0740405782992,6022276196.13871,,Oceania,12.985123473768825,0.0,13.636363636363647
French Polynesia,PYF,2020,782000000.0,89400.0015258789,65.0774931502111,12000.0,12.0740405782992,5792545870.80614,,Oceania,13.500108888929182,0.0,-70.1999994913737
Gabon,GAB,1999,143000000.0,262000.0,5.15263170083735,187000.0,10.9980718077357,4662992036.2073,-1.93660397603626,Africa,3.066700498084289,,
Gabon,GAB,2000,99000000.0,230000.0,2.83428791887752,168000.0,11.0899542432083,5080483628.53013,0.504920025834859,Africa,1.9486333829333167,-30.76923076923077,-12.213740458015266
Gabon,GAB,2001,46000000.0,236000.0,1.6555187437817,189000.0,16.4764490862534,5023265413.2623,2.13762052701465,Africa,0.9157389907877842,-53.535353535353536,2.60869565217392
Gabon,GAB,2002,77000000.0,269000.0,2.92429483291359,219000.0,13.8857284128626,5335451099.88223,0.0366828893971394,Africa,1.4431769415279552,67.3913043478261,13.983050847457633
Gabon,GAB,2003,84000000.0,234000.0,2.51170564484147,236000.0,12.7409095966253,6511903365.47554,2.23535313551536,Africa,1.2899454320121932,9.090909090909083,-13.011152416356875
Gabon,GAB,2004,74000000.0,351000.0,1.75210832047345,236000.0,12.7886072474489,7770219008.21293,0.40820530743925,Africa,0.9523541089611995,-11.904761904761907,50.0
Gabon,GAB,2005,13000000.0,526000.0,0.232043529593386,236000.0,14.4600098264631,9582783990.85345,3.70833333333304,Africa,0.13565995030680233,-82.43243243243244,49.85754985754986
Gabon,GAB,2006,19500000.0,526000.0,0.3013432130757425,236000.0,12.91727620234925,10327598306.4575,-1.4094013660098,Africa,0.18881446994125733,50.0,0.0
Gabon,GAB,2007,26000000.0,526000.0,0.370642896558099,236000.0,11.3745425782354,12455409587.3371,5.03031883679951,Africa,0.20874464077386204,33.33333333333333,0.0
Gabon,GAB,2008,26500000.0,526000.0,0.286724262184289,236000.0,12.9553418305858,15571348344.3379,5.26430145575285,Africa,0.17018436306214937,1.9230769230769162,0.0
Gabon,GAB,2009,26200000.7629395,526000.0,0.395945843236392,236000.0,11.261394841666,12113699068.2517,1.88570754577918,Africa,0.21628406496910607,-1.1320725926811215,0.0
Gabon,GAB,2010,89000000.0,526000.0,0.952867218343879,236000.0,11.3742169993768,14372593020.2885,1.46154402720469,Africa,0.6192341206236528,239.6946465966998,0.0
Gabon,GAB,2011,25399999.6185303,526000.0,0.242449022905526,236000.0,10.5880322279665,18210307743.5816,1.26331707837421,Africa,0.13948144082014635,-71.46067458592101,0.0
Gabon,GAB,2012,39500000.0,526000.0,0.393144760238801,236000.0,7.29257152911924,17170464016.0593,2.65241828695626,Africa,0.23004620005059964,55.51181335917499,0.0
Gabon,GAB,2013,61200000.7629395,526000.0,0.635491527522712,236000.0,5.98467237517403,17595744798.3398,0.505441058915615,Africa,0.34781136839807913,54.93671079225189,0.0
Gabon,GAB,2014,43500000.0,526000.0,0.515657060198805,236000.0,8.16842643930928,18203966895.8433,4.69045751826284,Africa,0.23895890521495514,-28.92156951353827,0.0
Gabon,GAB,2015,28700000.7629395,526000.0,0.532471529483251,236000.0,6.85248546722255,14383107762.6952,-0.338795188753406,Africa,0.19953963521970797,-34.022986751863215,0.0
Gabon,GAB,2016,28700000.7629395,526000.0,0.532471529483251,236000.0,6.85248546722255,14023890265.3665,2.10670712784054,Africa,0.2046507796329327,0.0,0.0
Gabon,GAB,2017,28700000.7629395,526000.0,0.532471529483251,236000.0,6.85248546722255,14929487485.1623,2.65192583143902,Africa,0.19223701276727048,0.0,0.0
Gabon,GAB,2018,28700000.7629395,526000.0,0.532471529483251,236000.0,6.85248546722255,16867326401.9626,4.74906652083221,Africa,0.17015145186020772,0.0,0.0
Gabon,GAB,2019,28700000.7629395,526000.0,0.532471529483251,236000.0,6.85248546722255,16874405465.391,2.46456756151187,Africa,0.17008007080191662,0.0,0.0
Gabon,GAB,2020,28700000.7629395,526000.0,0.532471529483251,236000.0,6.85248546722255,15342236163.9864,1.35276110675333,Africa,0.18706530427623355,0.0,0.0
"Gambia, The",GMB,1999,58000000.0,96000.0,43.0569175521668,387000.0,4.97801448098908,814724032.065735,3.8123720536602,Africa,7.118974980146449,,
"Gambia, The",GMB,2000,58000000.0,79000.0,43.0569175521668,387000.0,4.97801448098908,782913871.80966,0.8449695667737,Africa,7.408222294738036,0.0,-17.708333333333336
"Gambia, The",GMB,2001,58000000.0,57000.0,43.0569175521668,387000.0,4.97801448098908,687410645.063943,4.49259609239754,Africa,8.43746025995929,0.0,-27.848101265822788
"Gambia, The",GMB,2002,58000000.0,81000.0,43.0569175521668,387000.0,4.97801448098908,578235309.327198,8.60912474386327,Africa,10.030518556102278,0.0,42.10526315789473
"Gambia, The",GMB,2003,58000000.0,89000.0,43.0569175521668,387000.0,4.97801448098908,487038685.045496,17.0328665431988,Africa,11.90870495114408,0.0,9.876543209876543
"Gambia, The",GMB,2004,51000000.0,90000.0,28.5934903142768,387000.0,2.42422128370397,961900651.423441,14.2067432845569,Africa,5.302002854923646,-12.06896551724138,1.1235955056179803
"Gambia, The",GMB,2005,59000000.0,108000.0,31.6293903559548,387000.0,2.59749620996389,1027701067.55688,4.83862177543157,Africa,5.740969029083405,15.686274509803933,19.999999999999996
"Gambia, The",GMB,2006,69000000.0,125000.0,34.3379313530408,307000.0,2.52931813138101,1054112487.74083,2.0565034236599,Africa,6.545790966567577,16.94915254237288,15.740740740740744
"Gambia, The",GMB,2007,87000000.0,143000.0,33.1715937967363,307000.0,3.50835337156063,1279703047.0221,5.36913473801957,Africa,6.798452203614824,26.086956521739136,14.399999999999991
"Gambia, The",GMB,2008,80199996.9482422,147000.0,24.8236027290859,307000.0,3.29781173251061,1561766955.73024,4.4436549094501,Africa,5.135208979417985,-7.816095461790573,2.7972027972027913
"Gambia, The",GMB,2009,64000000.0,142000.0,22.9883815739172,307000.0,3.47173298357014,1450142508.57808,4.56150687670983,Africa,4.413359350644402,-20.199498210326638,-3.401360544217691
"Gambia, The",GMB,2010,80000000.0,91000.0,29.5673328673868,307000.0,4.33949403253782,1543294926.87301,5.04968075857402,Africa,5.183714311955541,25.0,-35.91549295774647
"Gambia, The",GMB,2011,86000000.0,106000.0,34.4127384604247,307000.0,4.33832591132751,1409693596.93594,4.7958826618311,Africa,6.100616487648561,7.499999999999996,16.483516483516492
"Gambia, The",GMB,2012,104000000.0,157000.0,37.853207822181,307000.0,3.25436187377736,1415004738.26621,4.25432199813899,Africa,7.3497987100333,20.93023255813953,48.113207547169814
"Gambia, The",GMB,2013,78000000.0,171000.0,29.8271135940996,307000.0,2.85558536781647,1375609453.43746,5.69912989637382,Africa,5.670214013511514,-25.0,8.917197452229297
"Gambia, The",GMB,2014,110000000.0,156000.0,40.9136664659458,307000.0,12.3737299999484,1229461721.40861,5.94799935696626,Africa,8.94700486274364,41.025641025641036,-8.771929824561408
"Gambia, The",GMB,2015,92000000.0,449000.0,42.8716664051474,307000.0,1.35336074913093,1378176608.93204,6.8084549457961,Africa,6.675486973421465,-16.36363636363637,187.82051282051282
"Gambia, The",GMB,2016,88000000.0,450000.0,46.950233824785,307000.0,1.93226082862321,1484578885.97132,7.22879272057922,Africa,5.92760686761512,-4.347826086956519,0.22271714922048602
"Gambia, The",GMB,2017,128000000.0,522000.0,46.021698273307,307000.0,1.51611195210827,1504909462.69521,8.03418974545911,Africa,8.505495059533951,45.45454545454546,15.999999999999993
"Gambia, The",GMB,2018,174000000.0,552000.0,47.9982512534346,307000.0,1.50349613176459,1670671327.81651,6.52096823946573,Africa,10.414974932706238,35.9375,5.747126436781613
"Gambia, The",GMB,2019,157000000.0,620000.0,43.5859283990599,307000.0,1.56116249874128,1813609692.49994,7.11567625631192,Africa,8.656768909499265,-9.77011494252874,12.318840579710155
"Gambia, The",GMB,2020,53000000.0,246000.0,30.168185753628,307000.0,0.752554888272723,1812170891.19069,5.93127636562441,Africa,2.924668984456331,-66.24203821656052,-60.322580645161295
Georgia,GEO,1999,131000000.0,384000.0,23.9751098096633,373000.0,12.4149347066397,2800025882.71672,19.1926758218895,Asia,4.678528181064437,,
Georgia,GEO,2000,107000000.0,387000.0,12.6436495923834,315000.0,9.85208561569178,3057475335.18846,4.06396201382596,Asia,3.49961940063875,-18.3206106870229,0.78125
Georgia,GEO,2001,136000000.0,302000.0,15.7045695263372,306000.0,10.3679230159195,3219462262.0075,4.64604442058634,Asia,4.224307941264608,27.10280373831775,-21.963824289405686
Georgia,GEO,2002,144000000.0,298000.0,14.5130941223379,317000.0,13.162343349936,3395766677.67315,5.58783730000794,Asia,4.2405740343347675,5.882352941176472,-1.3245033112582738
Georgia,GEO,2003,172000000.0,313000.0,13.7380103766732,391500.0,9.31362831853635,3991377904.13162,0.837734531536568,Asia,4.309288775236155,19.444444444444443,5.033557046979875
Georgia,GEO,2004,209000000.0,368000.0,12.8559993854533,466000.0,7.92958161451122,5125365191.98664,5.65632636191132,Asia,4.077758211780996,21.511627906976738,17.571884984025555
Georgia,GEO,2005,287000000.0,560000.0,13.3376585507303,857000.0,7.25392817087007,6410912049.87105,8.24709043114158,Asia,4.476742119801391,37.32057416267942,52.17391304347827
Georgia,GEO,2006,361000000.0,983000.0,14.4405983041397,1346000.0,5.87258192682995,7745250733.95067,9.16096508394497,Asia,4.660920768098393,25.78397212543555,75.53571428571428
Georgia,GEO,2007,440000000.0,1052000.0,13.9123726353542,1473000.0,4.71162747209115,10172931088.5655,9.24489745592404,Asia,4.325203780202202,21.88365650969528,7.019328585961349
Georgia,GEO,2008,505000000.0,1290000.0,13.8036910966243,1872000.0,4.51098512121476,12795145130.9103,9.99948761552747,Asia,3.9468094721335314,14.77272727272727,22.623574144486703
Georgia,GEO,2009,537000000.0,1500000.0,16.8707944262991,1980000.0,5.92596879012017,10766920065.8251,1.7275146113791,Asia,4.987498715667749,6.336633663366342,16.279069767441868
Georgia,GEO,2010,737000000.0,2032000.0,18.2692702759628,2086000.0,5.38121882188801,12426907967.1578,7.11017897486099,Asia,5.930678829744015,37.24394785847301,35.46666666666667
Georgia,GEO,2011,1069000000.0,2712000.0,20.3934820547285,2237000.0,4.80734539701618,15475290469.2869,8.5429333333333,Asia,6.907786332809683,45.04748982360922,33.464566929133866
Georgia,GEO,2012,1565000000.0,4106000.0,25.9920290888696,2734000.0,5.15370776665279,16894392033.2256,-0.943658853270964,Asia,9.263428935010921,46.39850327408794,51.40117994100295
Georgia,GEO,2013,1916000000.0,4954000.0,26.7161267432639,3220000.0,5.79811440881169,17517660143.6859,-0.512058410947092,Asia,10.937533804653738,22.428115015974438,20.65270336093521
Georgia,GEO,2014,1972000000.0,5004000.0,28.0166719103001,3106000.0,5.61968493135116,17966015109.3043,3.06881210379543,Asia,10.976279314040731,2.9227557411273475,1.0092854259184492
Georgia,GEO,2015,2049000000.0,5256000.0,33.5452879758368,3136000.0,7.03561456289998,15223796148.8396,4.00357820695097,Asia,13.45919230635639,3.904665314401612,5.035971223021574
Georgia,GEO,2016,2315000000.0,5393000.0,37.4732904313446,3400000.0,8.31716679921349,15444548901.9637,2.13492713939121,Asia,14.989107255218434,12.981942410932156,2.606544901065444
Georgia,GEO,2017,2971000000.0,6483000.0,39.2987685689823,3851000.0,9.12796296054006,16473125375.0684,6.03531725272117,Asia,18.035436095791045,28.33693304535636,20.211385128870752
Georgia,GEO,2018,3518000000.0,7203000.0,39.5431186389124,3698000.0,8.91481277731131,17902544880.6471,2.6152447139767,Asia,19.650837484021654,18.411309323460113,11.105969458583997
Georgia,GEO,2019,3551000000.0,7726000.0,37.1985614972509,3780000.0,10.0699549645799,17638337116.9126,4.85289821696723,Asia,20.132283312552786,0.9380329732802783,7.260863529085104
Georgia,GEO,2020,586000000.0,1513000.0,9.88758071323541,3780000.0,3.25622941491456,16010869215.68,5.2024648897534,Asia,3.660013657635214,-83.49760630808223,-80.41677452756925
Germany,DEU,1999,25327000000.0,17116000.0,4.38886162828189,78100000.0,10.8393479009007,2213873468586.88,0.585433064230783,Europe,1.1440129871634568,,
Germany,DEU,2000,24943000000.0,18983000.0,4.27373152780241,80507000.0,9.94025667176307,1966980701145.1,1.44026838719741,Europe,1.2680856495175143,-1.5161685158131655,10.907922411778447
Germany,DEU,2001,24182000000.0,17861000.0,4.01601998108701,81551000.0,9.8804677469079,1966381496641.73,1.98385731334471,Europe,1.229771539312135,-3.0509561800906027,-5.910551546120213
Germany,DEU,2002,26717000000.0,17969000.0,4.06277432603006,80393000.0,10.407274236655,2102350798305.89,1.42080615551526,Europe,1.270815509073415,10.483003887188813,0.6046693914114609
Germany,DEU,2003,30129000000.0,18399000.0,3.79003643698781,85345000.0,10.3665541383149,2534715518349.01,1.03422218628562,Europe,1.1886541026751816,12.770894935808652,2.3930101842061235
Germany,DEU,2004,36417000000.0,20137000.0,3.75332101578786,84859000.0,9.69359551579559,2852317768061.78,1.66573696655992,Europe,1.2767511533171931,20.8702578910684,9.446165552475684
Germany,DEU,2005,40518000000.0,21500000.0,3.89046935824524,86622000.0,9.4168122035702,2893393187361.87,1.54691114751328,Europe,1.4003627359385395,11.26122415355466,6.768634851268818
Germany,DEU,2006,45560000000.0,23569000.0,3.82238505109563,81801000.0,8.29270600785183,3046308753670.58,1.57742642840563,Europe,1.4955805101864188,12.443852115109344,9.623255813953492
Germany,DEU,2007,49320000000.0,24421000.0,3.47117885522158,82099000.0,8.03027339810537,3484056680854.91,2.29834400700951,Europe,1.4155912063950111,8.252853380158044,3.6149179006321974
Germany,DEU,2008,53402000000.0,24884000.0,3.40823934839197,86201000.0,7.861396929083,3808786022312.5,2.62837981637219,Europe,1.4020740384774106,8.276561232765612,1.8959092584251325
Germany,DEU,2009,47499000000.0,24220000.0,3.83603694184697,85547000.0,8.68099409890679,3479800820863.28,0.312739007368447,Europe,1.3649919189402429,-11.053893112617509,-2.668381289181798
Germany,DEU,2010,49116000000.0,26875000.0,3.57607341227399,85872000.0,7.60308707592461,3468154343000.01,1.1038103778926,Europe,1.4161999479387029,3.404282195414643,10.96201486374897
Germany,DEU,2011,53465000000.0,28374000.0,3.34718370993459,84692000.0,7.07969581838878,3824828563521.41,2.07517283735874,Europe,1.3978404289779802,8.854548415994778,5.577674418604661
Germany,DEU,2012,51626000000.0,30411000.0,3.35283175172542,82729000.0,7.27754420145955,3597896500945.31,2.00848884782956,Europe,1.4348939716980686,-3.439633405031328,7.179107633749204
Germany,DEU,2013,55486000000.0,31545000.0,3.4862031748887,87459000.0,7.48643057683232,3808086291482.36,1.50472330251876,Europe,1.4570573183729292,7.476852748615048,3.7289138798461074
Germany,DEU,2014,58721000000.0,32999000.0,3.54218428871781,83008000.0,7.27535630472389,3965800686309.79,0.906794000434246,Europe,1.4806845992716888,5.8302995350178355,4.609288318275473
Germany,DEU,2015,50669000000.0,34970000.0,3.46300289762444,83737000.0,7.05656467015174,3423568450957.03,0.514426137125456,Europe,1.480005459970748,-13.712300539840939,5.972908269947563
Germany,DEU,2016,52234000000.0,35555000.0,3.53769340477984,90966000.0,7.16816309041427,3537784107980.55,0.491747008445174,Europe,1.476460925983875,3.088673547928722,1.6728624535315983
Germany,DEU,2017,55750000000.0,37452000.0,3.48803033805185,92402000.0,7.29270384150053,3763092263752.95,1.50949485109628,Europe,1.4814943693248768,6.731247846230426,5.3353958655603995
Germany,DEU,2018,59446000000.0,38881000.0,3.43057659222288,108542000.0,6.9466567477384,4052008447223.53,1.73216879766942,Europe,1.4670749277616362,6.629596412556049,3.815550571398063
Germany,DEU,2019,58372000000.0,39563000.0,3.47314357519719,99533000.0,6.94337169149415,3957208055215.68,1.44565976888253,Europe,1.475080389646547,-1.8066816943108077,1.7540701113654578
Germany,DEU,2020,58372000000.0,12449000.0,3.47314357519719,99533000.0,6.94337169149415,3940142541354.1,0.144877925813982,Europe,1.481469246032389,0.0,-68.53373101129844
Ghana,GHA,1999,325000000.0,373000.0,13.1403388185825,,3.84625181487048,7718109982.26093,4.86539785077528,Africa,4.210875470121184,,
Ghana,GHA,2000,357000000.0,399000.0,14.6275862110653,,4.83550583806387,4982850662.20851,40.240933123914,Africa,7.164573538348221,9.846153846153838,6.970509383378021
Ghana,GHA,2001,374000000.0,439000.0,15.5913067418422,,4.61599080117429,5314872854.4405,41.509496287803,Africa,7.036856952984836,4.761904761904767,10.025062656641603
Ghana,GHA,2002,383000000.0,483000.0,14.9022011965659,,5.52895983895739,6166197847.85031,9.36093239560313,Africa,6.211283021570956,2.406417112299475,10.022779043280172
Ghana,GHA,2003,441000000.0,531000.0,13.813340563572,,5.19879582318206,7632723555.66221,29.7729797160384,Africa,5.777754123858599,15.143603133159278,9.937888198757761
Ghana,GHA,2004,495000000.0,584000.0,14.5298597658005,,5.01945892246177,8881417906.71432,18.0427388232565,Africa,5.573434390760757,12.244897959183664,9.981167608286245
Ghana,GHA,2005,867000000.0,429000.0,22.181372324166,,7.12947788853624,10744568381.4456,15.4389920155908,Africa,8.06919337492598,75.15151515151514,-26.541095890410958
Ghana,GHA,2006,910000000.0,497000.0,17.8098882339702,,6.9390021067542,20885037596.6963,11.6791839392492,Africa,4.357186314780435,4.959630911188007,15.850815850815847
Ghana,GHA,2007,990000000.0,587000.0,16.4889968066718,,8.10754041385592,24827339138.4906,10.7342665456292,Africa,3.9875396814682085,8.791208791208781,18.10865191146882
Ghana,GHA,2008,970000000.0,698000.0,13.7187224141546,,6.92313378591206,28679383241.0729,16.494639613412,Africa,3.382220572340705,-2.020202020202022,18.90971039182283
Ghana,GHA,2009,849000000.0,803000.0,11.157238209007,,8.62651032178339,26048720005.5233,19.2469482220857,Africa,3.259277230589374,-12.474226804123711,15.042979942693414
Ghana,GHA,2010,706000000.0,931000.0,7.48088982323484,,6.33378167698719,32197655566.5347,10.7333898354915,Africa,2.192706231486605,-16.843345111896348,15.940224159402238
Ghana,GHA,2011,797000000.0,821000.0,5.46058004173524,,5.26041576350757,39336668080.559,8.7284593709302,Africa,2.026099410269814,12.889518413597735,-11.815252416756172
Ghana,GHA,2012,1154000000.0,903000.0,6.86413523707586,,4.43654544222282,41271701060.954,11.1863409441067,Africa,2.7961047650923385,44.79297365119197,9.987819732034108
Ghana,GHA,2013,1010000000.0,994000.0,6.23227410921551,,4.36482407031039,62824629066.0408,11.6661923071729,Africa,1.6076497625450288,-12.478336221837083,10.077519379844958
Ghana,GHA,2014,1027000000.0,825000.0,6.72936919048185,,4.92022196430799,54783319817.3705,15.4896160333318,Africa,1.8746582051319252,1.6831683168316847,-17.002012072434603
Ghana,GHA,2015,911000000.0,897000.0,5.53349324541669,,6.76331279736098,49406010054.2663,17.1499695007878,Africa,1.8439052232701667,-11.295034079844202,8.727272727272716
Ghana,GHA,2016,952000000.0,897000.0,5.44938529679348,,7.64980670523068,56164929304.8754,17.4546347070868,Africa,1.6950079200355401,4.500548847420416,0.0
Ghana,GHA,2017,919000000.0,897000.0,4.49678130278458,,7.14648301275112,60405924078.7278,12.3719215507048,Africa,1.5213739612728312,-3.4663865546218475,0.0
Ghana,GHA,2018,996000000.0,897000.0,4.42376536974521,,5.72337659827687,67298914624.3723,7.80876516610703,Africa,1.4799644326497037,8.378672470076175,0.0
Ghana,GHA,2019,1490000000.0,897000.0,5.82205489946903,,5.12853698141934,68337969247.7067,7.14364003330857,Africa,2.180339884843742,49.598393574297184,0.0
Ghana,GHA,2020,191000000.0,897000.0,0.865150905271818,,3.85408715995404,70043099675.68,9.88728956269944,Africa,0.27268924545656287,-87.18120805369128,0.0
Gibraltar,GIB,1999,,,,,,,,Europe,,,
Gibraltar,GIB,2000,,,,,,,,Europe,,,
Gibraltar,GIB,2001,,,,,,,,Europe,,,
Gibraltar,GIB,2002,,,,,,,,Europe,,,
Gibraltar,GIB,2003,,,,,,,,Europe,,,
Gibraltar,GIB,2004,,,,,,,,Europe,,,
Gibraltar,GIB,2005,,,,,,,,Europe,,,
Gibraltar,GIB,2006,,,,,,,,Europe,,,
Gibraltar,GIB,2007,,,,,,,,Europe,,,
Gibraltar,GIB,2008,,,,,,,,Europe,,,
Gibraltar,GIB,2009,,,,,,,,Europe,,,
Gibraltar,GIB,2010,,,,,,,,Europe,,,
Gibraltar,GIB,2011,,,,,,,,Europe,,,
Gibraltar,GIB,2012,,,,,,,,Europe,,,
Gibraltar,GIB,2013,,,,,,,,Europe,,,
Gibraltar,GIB,2014,,,,,,,,Europe,,,
Gibraltar,GIB,2015,,,,,,,,Europe,,,
Gibraltar,GIB,2016,,,,,,,,Europe,,,
Gibraltar,GIB,2017,,,,,,,,Europe,,,
Gibraltar,GIB,2018,,,,,,,,Europe,,,
Gibraltar,GIB,2019,,,,,,,,Europe,,,
Gibraltar,GIB,2020,,,,,,,,Europe,,,
Greece,GRC,1999,8839000000.0,12606000.0,35.3640949926801,3765000.0,11.2473113803975,137131371955.307,2.6366330602198,Europe,6.445643964592398,,
Greece,GRC,2000,9264000000.0,13567000.0,31.5032399885592,3765000.0,10.9472777728866,125760166224.805,3.1511816249383,Europe,7.366402477108657,4.808236225817408,7.623353958432499
Greece,GRC,2001,9219000000.0,14678000.0,30.6804874577745,3765000.0,10.1521726922408,132050474720.03,3.37396832213867,Europe,6.981421323585459,-0.4857512953367893,8.188987985553187
Greece,GRC,2002,10012000000.0,14918000.0,33.3653201736292,3765000.0,5.96778512815902,150253800085.865,3.62935871878874,Europe,6.663392203244429,8.601800629135493,1.6351001498841722
Greece,GRC,2003,10852000000.0,14785000.0,29.4310778870997,3765000.0,4.93596500997453,196930509813.384,3.53065027765552,Europe,5.510573252607537,8.389932081502206,-0.8915404209679623
Greece,GRC,2004,12815000000.0,14268000.0,26.2374016640208,3765000.0,4.69291835394752,234979615898.225,2.8988481075817,Europe,5.453664544906936,18.08883155178769,-3.4967872844098746
Greece,GRC,2005,13455000000.0,15938000.0,26.1226380203414,3765000.0,4.57146766368705,242315668619.405,3.54507273335078,Europe,5.552674359301627,4.994147483417866,11.70451359686011
Greece,GRC,2006,14502000000.0,17284000.0,25.8708473164446,3765000.0,3.71205867154604,269073415333.676,3.19594684144545,Europe,5.389607138266028,7.781493868450395,8.445225247835353
Greece,GRC,2007,15683000000.0,17688000.0,23.3980817459242,3765000.0,3.38728971190123,314226996944.108,2.89500321516578,Europe,4.990977908492553,8.143704316645973,2.337421893080305
Greece,GRC,2008,17608000000.0,18092000.0,22.1142477188286,3765000.0,3.31368559070361,351121399546.485,4.15279708110293,Europe,5.014789762954586,12.274437288784036,2.2840343735866186
Greece,GRC,2009,16038000000.0,18496000.0,27.151351254113,3835000.0,4.89860504779309,326829054686.306,1.21007269197809,Europe,4.907152460907565,-8.916401635620176,2.2330311739995556
Greece,GRC,2010,13857000000.0,18900000.0,23.1316827451408,3799000.0,4.24173783889384,296417644404.034,4.71298907760388,Europe,4.674822926907861,-13.598952487841377,2.1842560553633206
Greece,GRC,2011,16269000000.0,19304000.0,24.0421140140558,4941000.0,4.48022893443701,283228079776.041,3.3298532335065,Europe,5.744133848898211,17.40636501407231,2.137566137566127
Greece,GRC,2012,14665000000.0,19708000.0,23.1989154306531,4681000.0,4.34184168377563,238841140018.233,1.50152696177758,Europe,6.140064479210107,-9.859241502243531,2.092830501450482
Greece,GRC,2013,17433000000.0,20112000.0,23.9135327724552,4594000.0,4.73101503924793,236556279640.705,-0.921269454256994,Europe,7.369493647126267,18.87487214456187,2.0499289628577166
Greece,GRC,2014,19489000000.0,24272000.0,25.3592795545849,5802000.0,4.87588816063615,233911581521.062,-1.31226096405506,Europe,8.331780698188798,11.793724545402394,20.684168655529046
Greece,GRC,2015,17547000000.0,26114000.0,28.0191692646695,6291000.0,5.53684356196903,194567373678.099,-1.73588804765284,Europe,9.018469884385933,-9.964595412796962,7.588991430454839
Greece,GRC,2016,16811000000.0,28071000.0,27.8764385161223,7235000.0,5.50154873451999,193097239005.87,-0.825653978390973,Europe,8.705976370531616,-4.194449193594352,7.494064486482355
Greece,GRC,2017,19139000000.0,30161000.0,27.3006409111598,7685000.0,4.60696749784223,200381103984.298,1.12125452031419,Europe,9.551299807939847,13.84807566474333,7.445406291190193
Greece,GRC,2018,21594000000.0,33072000.0,26.3766965912667,7961000.0,4.55695193033917,213298873494.394,0.62562141345364,Europe,10.123822806109448,12.827211453053966,9.651536752760181
Greece,GRC,2019,23003000000.0,34005000.0,28.3343607120412,7848000.0,5.06177767754508,207305649887.019,0.253007522038157,Europe,11.096176111233133,6.524960637214039,2.821117561683595
Greece,GRC,2020,6193000000.0,7406000.0,10.4927849016115,2324000.0,2.09034955889305,191362985554.861,-1.24798355581405,Europe,3.2362580370719374,-73.07742468373691,-78.22084987501839
Greenland,GRL,1999,,,,,,1131555107.04907,,North America,,,
Greenland,GRL,2000,,,,,,1068025016.00862,,North America,,,
Greenland,GRL,2001,,,,,,1086170703.9816,,North America,,,
Greenland,GRL,2002,,,,,,1169136716.03557,,North America,,,
Greenland,GRL,2003,,,,,,1558759823.08169,,North America,,,
Greenland,GRL,2004,,,,,,1822499769.23938,,North America,,,
Greenland,GRL,2005,,,,,,1849802648.36391,,North America,,,
Greenland,GRL,2006,,,,,,2013106929.50031,,North America,,,
Greenland,GRL,2007,,,,,,2249811295.6608,,North America,,,
Greenland,GRL,2008,,,,,,2499092314.41875,,North America,,,
Greenland,GRL,2009,,,,,,2529963903.22685,,North America,,,
Greenland,GRL,2010,,,,,,2503167187.49305,,North America,,,
Greenland,GRL,2011,,,,,,2684461375.46585,,North America,,,
Greenland,GRL,2012,,,,,,2609678486.36749,,North America,,,
Greenland,GRL,2013,,,,,,2684946990.12448,,North America,,,
Greenland,GRL,2014,,,,,,2842065708.35962,,North America,,,
Greenland,GRL,2015,,,,,,2499113022.81675,,North America,,,
Greenland,GRL,2016,,,,,,2707139544.46695,,North America,,,
Greenland,GRL,2017,,,,,,2851613679.03433,,North America,,,
Greenland,GRL,2018,,,,,,3055782146.15957,,North America,,,
Greenland,GRL,2019,,,,,,2997309971.87623,,North America,,,
Greenland,GRL,2020,,,,,,3082884653.2456,,North America,,,
Grenada,GRD,1999,88000000.0,379000.0,40.3635437016902,,7.22524902978042,482009370.37037,0.577427638677119,North America,18.256906485527843,,
Grenada,GRD,2000,93000000.0,316000.0,39.6247716029746,,7.22524902978042,520044370.37037,2.18181818181821,North America,17.88308946287918,5.681818181818188,-16.62269129287599
Grenada,GRD,2001,83000000.0,277000.0,39.8580837323672,,7.22524902978042,520444185.185185,3.14099305202543,North America,15.947915715585687,-10.752688172043012,-12.341772151898734
Grenada,GRD,2002,91000000.0,271000.0,47.5706104786916,,7.22524902978042,540336925.925926,1.06721547992874,North America,16.841343915939415,9.63855421686748,-2.166064981949456
Grenada,GRD,2003,104000000.0,294000.0,49.3972549977923,,7.22524902978042,591018407.407407,2.15492809908679,North America,17.596744652372497,14.28571428571428,8.487084870848705
Grenada,GRD,2004,86000000.0,370000.0,44.0904789097901,,7.22524902978042,599118592.592593,2.3129167822611,North America,14.354420153754251,-17.307692307692314,25.850340136054427
Grenada,GRD,2005,71000000.0,380000.0,36.5765048673191,,7.22524902978042,695555555.555555,3.475806937554,North America,10.207667731629401,-17.441860465116278,2.7027027027026973
Grenada,GRD,2006,94000000.0,342000.0,43.7767135646488,,7.22524902978042,698700666.666667,4.25195321977967,North America,13.453543768385313,32.3943661971831,-9.999999999999998
Grenada,GRD,2007,129000000.0,406000.0,41.1295775165196,,7.22524902978042,758683592.592593,3.85882922469653,North America,17.003135596906464,37.23404255319149,18.71345029239766
Grenada,GRD,2008,127000000.0,428000.0,37.3496051994901,,7.22524902978042,825976037.037037,8.0332732765034,North America,15.375748726994276,-1.5503875968992276,5.418719211822665
Grenada,GRD,2009,112000000.0,460000.0,33.1528585131802,,7.22524902978042,771275555.555555,-0.308654779585642,North America,14.521398894760207,-11.811023622047244,7.476635514018692
Grenada,GRD,2010,112000000.0,445000.0,32.6778370615316,,7.22524902978042,771014814.814815,3.43650905943351,North America,14.526309721675132,0.0,-3.2608695652173947
Grenada,GRD,2011,117000000.0,447000.0,31.4653634588463,,7.22524902978042,778655555.555555,3.0334728033474,North America,15.02589934217099,4.464285714285721,0.44943820224718767
Grenada,GRD,2012,122000000.0,370000.0,29.5461617614396,,7.22524902978042,799881481.481481,2.41077704021862,North America,15.252259594013939,4.2735042735042805,-17.225950782997767
Grenada,GRD,2013,120000000.0,327000.0,27.8310739037529,,7.22524902978042,842618518.518518,-0.0439997864828058,North America,14.241320047295257,-1.6393442622950838,-11.621621621621625
Grenada,GRD,2014,388000000.0,387000.0,81.0748905573701,,7.22524902978042,911496296.296296,-0.98360305555498,North America,42.56736989240322,223.33333333333334,18.34862385321101
Grenada,GRD,2015,422000000.0,437000.0,82.6190122240596,,8.18280601069974,997007407.407407,-0.515448031435329,North America,42.32666646854291,8.762886597938135,12.919896640826867
Grenada,GRD,2016,437000000.0,474000.0,83.2735505187465,,7.89493209623626,1061640740.74074,1.65038994431573,North America,41.162700641564626,3.5545023696682554,8.46681922196797
Grenada,GRD,2017,482000000.0,468000.0,83.3720251825318,,6.51469356734509,1125685185.18519,0.908458255874249,North America,42.81836576899648,10.297482837528605,-1.2658227848101222
Grenada,GRD,2018,548000000.0,529000.0,88.2058975261609,,6.49401788674038,1166514814.81481,0.804102313277033,North America,46.97754310878578,13.692946058091282,13.034188034188032
Grenada,GRD,2019,548000000.0,526000.0,88.2058975261609,,7.08914349057536,1213485185.18519,0.598149764736022,North America,45.15918337448592,0.0,-0.5671077504725952
Grenada,GRD,2020,548000000.0,217000.0,88.2058975261609,,2.20293094077266,1043411111.11111,-0.740732597045498,North America,52.52004642891377,0.0,-58.74524714828897
Guam,GUM,1999,,1162000.0,,,,3394000000.0,,Oceania,,,
Guam,GUM,2000,,1287000.0,,,,3394000000.0,,Oceania,,,10.757314974182442
Guam,GUM,2001,,1159000.0,,,,3394000000.0,,Oceania,,,-9.945609945609945
Guam,GUM,2002,,1059000.0,,,,3394000000.0,,Oceania,,,-8.6281276962899
Guam,GUM,2003,,910000.0,,,,3569000000.0,,Oceania,,,-14.069877242681772
Guam,GUM,2004,,1160000.0,,,,3869000000.0,,Oceania,,,27.472527472527464
Guam,GUM,2005,,1228000.0,,,,4213000000.0,,Oceania,,,5.862068965517242
Guam,GUM,2006,,1212000.0,,,,4238000000.0,,Oceania,,,-1.3029315960912058
Guam,GUM,2007,,1225000.0,,,,4397000000.0,,Oceania,,,1.0726072607260662
Guam,GUM,2008,,1142000.0,,,,4658000000.0,,Oceania,,,-6.775510204081636
Guam,GUM,2009,,1053000.0,,,,4828000000.0,,Oceania,,,-7.793345008756569
Guam,GUM,2010,,1197000.0,,,,4949000000.0,,Oceania,,,13.675213675213671
Guam,GUM,2011,,1160000.0,,,,4984000000.0,,Oceania,,,-3.0910609857978333
Guam,GUM,2012,,1308000.0,,,,5265000000.0,,Oceania,,,12.758620689655164
Guam,GUM,2013,,1334000.0,,,,5399000000.0,,Oceania,,,1.987767584097866
Guam,GUM,2014,,1343000.0,,,,5610000000.0,,Oceania,,,0.6746626686656709
Guam,GUM,2015,,1409000.0,,,,5799000000.0,,Oceania,,,4.914370811615787
Guam,GUM,2016,,1536000.0,,,,5901000000.0,,Oceania,,,9.013484740951029
Guam,GUM,2017,,1545000.0,,,,6013000000.0,,Oceania,,,0.5859375
Guam,GUM,2018,,1549000.0,,,,6051000000.0,,Oceania,,,0.25889967637540146
Guam,GUM,2019,,1667000.0,,,,6355000000.0,,Oceania,,,7.617817947062622
Guam,GUM,2020,,328000.0,,,,5916000000.0,,Oceania,,,-80.32393521295741
Guatemala,GTM,1999,374000000.0,823000.0,10.7468176201833,485000.0,4.30587672434415,18318412251.3642,5.2136105860112,North America,2.0416616618732752,,
Guatemala,GTM,2000,498000000.0,826000.0,12.8972107839329,488000.0,3.880285991449,19288929030.0508,5.9775773473714,North America,2.5817918621824516,33.155080213903744,0.36452004860267895
Guatemala,GTM,2001,588000000.0,835000.0,15.0654977959455,580000.0,4.38349581370112,18405220247.4412,7.28587366610134,North America,3.194745795458477,18.07228915662651,1.0895883777239712
Guatemala,GTM,2002,647000000.0,884000.0,16.3206529311814,629000.0,4.7979743309463,20444205991.025,8.13263054281053,North America,3.164710824592712,10.034013605442183,5.868263473053892
Guatemala,GTM,2003,646000000.0,880000.0,15.6846902449903,658000.0,5.10829872410437,21576351798.9145,5.60347675434471,North America,2.994018664603439,-0.1545595054095794,-0.4524886877828038
Guatemala,GTM,2004,630000000.0,1182000.0,10.1522842639594,854000.0,4.84064555166496,23577298094.6571,7.57862247309731,North America,2.6720619023889154,-2.4767801857585092,34.31818181818183
Guatemala,GTM,2005,791000000.0,1316000.0,11.6885611691517,982000.0,4.79292233123418,26783389293.922,9.10864985719219,North America,2.953323014199338,25.555555555555554,11.336717428087994
Guatemala,GTM,2006,919000000.0,1502000.0,12.0905144059992,1055000.0,5.15228745830974,29744246827.1839,6.56085282795382,North America,3.089673123476458,16.18204804045511,14.133738601823698
Guatemala,GTM,2007,1055000000.0,1628000.0,12.1063986046085,1168000.0,5.07876566010171,33567850824.1039,6.82161753590321,North America,3.1428881328394174,14.798694232861799,8.388814913448739
Guatemala,GTM,2008,1098300048.82813,1715000.0,12.2169324891243,1277000.0,5.48292918681219,38503720224.3166,11.3557611263151,North America,2.8524517694124287,4.104270031102364,5.343980343980337
Guatemala,GTM,2009,1086300048.82813,1311000.0,12.889307803375,651000.0,6.13341204485566,37126148264.6383,1.85910254733024,North America,2.9259702382398847,-1.0925976023404393,-23.556851311953352
Guatemala,GTM,2010,1053300048.82813,1384000.0,10.9714906150212,694000.0,5.8758114258595,40676578423.4871,3.85950909833173,North America,2.5894509559337546,-3.037834715703036,5.568268497330275
Guatemala,GTM,2011,1077400024.41406,1434000.0,9.31922845171817,718000.0,5.19600671337249,46876006272.2387,6.2141239306709,North America,2.298404045252735,2.2880446661654563,3.6127167630057855
Guatemala,GTM,2012,1110000000.0,1491000.0,9.758324157102,721000.0,5.17900541785992,49593929487.1263,3.78180754679688,North America,2.2381771549038807,3.025800524152511,3.974895397489542
Guatemala,GTM,2013,1160699951.17188,1516000.0,9.9543300359101,846000.0,5.41493445158445,52996446269.442,4.34337131279521,North America,2.1901467605407063,4.567563168637845,1.6767270288396974
Guatemala,GTM,2014,1164400024.41406,1739000.0,9.26189306598113,992000.0,5.33717139684702,57852153058.502,3.4183616966296,North America,2.0127168356838516,0.3187794777146591,14.709762532981529
Guatemala,GTM,2015,1169500000.0,1865000.0,9.48694293791534,1130000.0,5.45865735896658,62186064718.7424,2.3887203283955,North America,1.8806464202059754,0.4379917106671627,7.245543415756184
Guatemala,GTM,2016,1202699951.17188,1906000.0,9.70964359703328,1195000.0,5.65743290235651,66053403469.0024,4.44844199942827,North America,1.8207993653745396,2.8388158334228253,2.1983914209115385
Guatemala,GTM,2017,1217599975.58594,2120000.0,9.18896047372452,1328000.0,5.39729068381948,71653754066.2763,4.42453655182538,North America,1.6992828798051778,1.238881268727221,11.227701993704088
Guatemala,GTM,2018,1235099975.58594,2406000.0,9.25094836368247,1538000.0,5.21962029231186,73328365862.4329,3.75186186704508,North America,1.6843413337521245,1.4372536424845483,13.49056603773584
Guatemala,GTM,2019,1227199951.17188,2560000.0,9.02512143586999,1703000.0,5.24003904637393,77172317258.6478,3.69998398008605,North America,1.5902074665697072,-0.6396263112475653,6.400665004156281
Guatemala,GTM,2020,298500000.0,594000.0,2.34799483211765,507799.987792969,1.79582144705198,77719464220.73,3.21444062197345,North America,0.384073671882547,-75.67633540769327,-76.796875
Guinea,GIN,1999,5800000.19073486,27000.0,0.774521329907411,,3.0652461315484,5046806782.54761,31.3733025877534,Africa,0.1149241578019565,,
Guinea,GIN,2000,7800000.19073486,33000.0,1.06254057198789,,1.49124422668612,4367458866.71537,31.3733025877534,Africa,0.17859355814840214,34.482757486713126,22.222222222222232
Guinea,GIN,2001,8199999.80926514,38000.0,1.01339982858575,,3.03687658265453,4125527603.22908,31.3733025877534,Africa,0.19876245168852927,5.128200112166859,15.15151515151516
Guinea,GIN,2002,7016666.511694593,43000.0,0.8591442646399723,,3.89871947584795,4301608752.51396,31.3733025877534,Africa,0.16311726415364694,-14.430894208479184,13.157894736842103
Guinea,GIN,2003,5833333.214124046,44000.0,0.7048887006941946,,3.89426983449509,5025167975.26363,31.3733025877534,Africa,0.11608235272609008,-16.864607938802557,2.3255813953488413
Guinea,GIN,2004,4649999.9165535,45000.0,0.5506331367484169,,3.0094538360159,5300767960.51572,31.3733025877534,Africa,0.08772313655663384,-20.285714087194307,2.2727272727272707
Guinea,GIN,2005,3466666.618982953,45000.0,0.3963775728026392,,3.69808089065359,4282468636.90501,31.3733025877534,Africa,0.08095019281888666,-25.44802836142013,0.0
Guinea,GIN,2006,2283333.321412406,46099.9984741211,0.24212200885686153,,3.26430522049984,4220019845.26658,34.6952705997072,Africa,0.05410717022986338,-34.13461482251536,2.444441053602442
Guinea,GIN,2007,1100000.02384186,30000.0,0.0878664449110839,,6.34605850272682,6281918226.34063,18.1755656108597,Africa,0.01751057534033895,-51.824816222563996,-34.92407593713711
Guinea,GIN,2008,2400000.09536743,24000.0,0.166100317346231,,1.6570923552806,6964179983.18155,23.065612938798,Africa,0.034462063030585285,118.18182212262047,-19.999999999999996
Guinea,GIN,2009,4900000.09536743,18199.99980926515,0.436735721003194,,2.01322979580098,6716905339.73244,4.68438868976504,Africa,0.0729502627703045,104.16666252745546,-24.166667461395207
Guinea,GIN,2010,2039999.96185303,12399.9996185303,0.133018607076918,,0.888666722208337,6853467145.53089,15.0502688559001,Africa,0.02976595522433201,-58.367348527570606,-31.86813325010157
Guinea,GIN,2011,2119999.88555908,131000.0,0.140796422014656,,1.84050459613417,6785137203.33153,21.3169268542577,Africa,0.03124476074733097,3.921564960882762,956.4516454035719
Guinea,GIN,2012,1679999.94754791,96000.0,0.080511822660624,,1.32982966581858,7638044556.84656,15.2262941038638,Africa,0.021995157727143638,-20.754715177502693,-26.717557251908396
Guinea,GIN,2013,9390000.164508805,56000.0,0.44164717443786156,,2.11370695287307,8376613539.28278,11.8875884481828,Africa,0.1120978080279539,458.92859867134143,-41.666666666666664
Guinea,GIN,2014,17100000.3814697,33000.0,0.802782526215099,,0.98718979379942,8778473372.82124,6.1505055670642,Africa,0.1947946944216119,82.10862707012754,-41.07142857142857
Guinea,GIN,2015,27000000.0,35000.0,1.45192805936612,,1.40989558077311,8794201742.84609,11.7800825029834,Africa,0.30702047541681615,57.89473331976278,6.060606060606055
Guinea,GIN,2016,16600000.3814697,63000.0,0.67281825546872,,0.317231610353247,8595955222.49719,8.17268112275132,Africa,0.19311408623935658,-38.51851710566777,80.0
Guinea,GIN,2017,16600000.3814697,99000.0,0.357191279830737,,2.41512855195779,10324668271.1362,8.91435947913097,Africa,0.1607799877491165,0.0,57.14285714285714
Guinea,GIN,2018,4699999.80926514,99000.0,0.115222055200318,,9.84064259865217,11857030366.7891,9.82761701259191,Africa,0.039638928668257314,-71.6867487875984,0.0
Guinea,GIN,2019,10399999.6185303,99000.0,0.257379226489528,,9.7104233698294,13442861496.4454,9.47001039253012,Africa,0.07736447795196207,121.27659660812564,0.0
Guinea,GIN,2020,1289999.96185303,99000.0,0.014339642352113,,17.028562172008,14088693742.9464,10.6016203387167,Africa,0.00915627797288785,-87.5961537579813,0.0
Guinea-Bissau,GNB,1999,2400000.09536743,7800.00019073486,3.37997239744501,,5.97919558184905,579365780.135134,-2.08630513223527,Africa,0.41424609075248503,,
Guinea-Bissau,GNB,2000,2400000.09536743,7800.00019073486,3.37997239744501,,5.97919558184905,391345597.488269,8.63632094930278,Africa,0.613268709491327,0.0,0.0
Guinea-Bissau,GNB,2001,2400000.09536743,7800.00019073486,3.37997239744501,,5.97919558184905,412610871.509121,3.34812265527109,Africa,0.5816618662008222,0.0,0.0
Guinea-Bissau,GNB,2002,2400000.09536743,7100.000143051145,3.37997239744501,,11.8632328397868,466773711.235579,3.30012175283749,Africa,0.5141677942861179,0.0,-8.97435936623696
Guinea-Bissau,GNB,2003,2400000.09536743,6400.00009536743,3.37997239744501,,20.9830269532629,553614800.145707,-3.5025855110342,Africa,0.43351443905324943,0.0,-9.859155402536345
Guinea-Bissau,GNB,2004,2200000.04768372,5700.000047683715,2.63639099369745,,17.5348715473197,582169841.298304,0.883302696930943,Africa,0.37789660192246877,-8.333334989017594,-10.937500582076588
Guinea-Bissau,GNB,2005,4100000.103314717,5000.0,3.52570637049503,,12.7993535561529,639776040.688424,3.32919922802856,Africa,0.6408492726459335,86.36363702043646,-12.280702488207362
Guinea-Bissau,GNB,2006,6000000.158945713,11600.0003814697,4.41502174729261,,10.6827394258193,634781901.251494,1.95473717628916,Africa,0.945206557892799,46.34146360374254,132.000007629394
Guinea-Bissau,GNB,2007,7900000.21457671,15600.0003814697,5.30433712409019,,17.235430676922,753162998.015113,4.61743772241997,Africa,1.048909762613987,31.666666754969786,34.48275748671319
Guinea-Bissau,GNB,2008,9800000.270207707,18000.0,6.1936525008877705,,16.2339274384302,952667544.037289,10.4600731354706,Africa,1.0286904735598001,24.050632962328343,15.384612563094002
Guinea-Bissau,GNB,2009,11700000.325838704,16000.0,7.08296787768535,,8.99024196046924,890167833.369849,-1.65139733620775,Africa,1.314358920558474,19.387755135140704,-11.111111111111116
Guinea-Bissau,GNB,2010,13600000.3814697,22299.9992370605,7.97228325448293,,9.86187320335524,940112538.936436,2.51785140171697,Africa,1.446635356747352,16.23931626253863,39.37499523162813
Guinea-Bissau,GNB,2011,14500000.0,36700.0007629395,5.13016397663752,,11.3557641089572,1157074319.19388,5.04610226320204,Africa,1.2531606448669586,6.61764406827936,64.57400008313701
Guinea-Bissau,GNB,2012,6800000.19073486,35400.0015258789,4.4431665105767,,9.63543691750064,1049412177.11413,2.13054580274493,Africa,0.6479818263053486,-53.10344696044924,-3.542232179933269
Guinea-Bissau,GNB,2013,8728000.259399408,35500.0,4.4312727644181376,,10.737536959632699,1109682824.13594,1.20712555668414,Africa,0.7865310762285168,28.3529413909648,0.2824815531377922
Guinea-Bissau,GNB,2014,10656000.328063956,36099.9984741211,4.419379018259575,,11.839637001764759,1135250721.0374,-1.50924460570503,Africa,0.9386473076472859,22.089825978043876,1.690136546819998
Guinea-Bissau,GNB,2015,12584000.396728504,43799.9992370605,4.407485272101014,,12.941737043896818,1152384166.79638,1.47672048910494,Africa,1.0919969884445686,18.093093180439478,21.32964290416599
Guinea-Bissau,GNB,2016,14512000.465393052,45200.0007629395,4.395591525942452,,14.04383708602888,1245074264.10396,1.50312055861088,Africa,1.1655530022409444,15.321042656401819,3.1963505713817675
Guinea-Bissau,GNB,2017,16440000.5340576,49500.0,4.38369777978389,,15.145937128160938,1469978606.12143,1.69111461822289,Africa,1.1183836598435195,13.285556827690815,9.513272487787594
Guinea-Bissau,GNB,2018,20000000.0,55000.0,5.25724044935164,,16.248037170293,1554133593.91699,0.381324702791081,Africa,1.2868906558793713,21.654497264567585,11.111111111111116
Guinea-Bissau,GNB,2019,18920000.0762939,52400.0015258789,6.48378440061954,,17.7019534449713,1588638853.59328,0.24660026814783,Africa,1.190956650311019,-5.399999618530494,-4.727269952947455
Guinea-Bissau,GNB,2020,18920000.0762939,52400.0015258789,6.48378440061954,,17.7019534449713,1646400349.84867,1.14000939393213,Africa,1.1491737157388813,0.0,0.0
Guyana,GUY,1999,109000000.0,75000.0,16.2856715971911,,11.7680826636051,694754988.258295,7.53821939851393,South America,15.688984151557634,,
Guyana,GUY,2000,80000000.0,105000.0,11.9012198750372,,10.359208933136,712667896.727512,6.14854333024871,South America,11.225424965450342,-26.60550458715596,39.99999999999999
Guyana,GUY,2001,65000000.0,99000.0,9.88743535138424,,8.45377692937006,712167450.162898,2.62741314203332,South America,9.12706695386488,-18.75,-5.714285714285716
Guyana,GUY,2002,53000000.0,104000.0,8.0012077294686,,6.19980273354939,726131434.715338,5.3410152137741,South America,7.298954082710569,-18.461538461538463,5.050505050505061
Guyana,GUY,2003,28000000.0,101000.0,4.21179302045728,,4.30169199885288,743063950.317749,5.98097814066473,South America,3.7681817275655263,-47.16981132075472,-2.8846153846153855
Guyana,GUY,2004,28000000.0,122000.0,4.21179302045728,,4.30169199885288,787814379.183843,4.66846622369882,South America,3.5541367027354,0.0,20.79207920792079
Guyana,GUY,2005,28000000.0,117000.0,4.21179302045728,,4.30169199885288,824880550.343965,6.92554303890157,South America,3.394430864968794,0.0,-4.098360655737709
Guyana,GUY,2006,28000000.0,113000.0,4.21179302045728,,4.30169199885288,2379817990.6918,6.67715790410028,South America,1.176560565115341,0.0,-3.4188034188034178
Guyana,GUY,2007,28000000.0,134000.0,4.21179302045728,,4.30169199885288,2730971595.39574,12.2001544446648,South America,1.0252761342229402,0.0,18.584070796460182
Guyana,GUY,2008,28000000.0,130000.0,4.21179302045728,,4.30169199885288,3025187433.33637,8.10202206969276,South America,0.9255624855323364,0.0,-2.985074626865669
Guyana,GUY,2009,28000000.0,141000.0,4.21179302045728,,4.30169199885288,3165663152.73351,2.95230096381001,South America,0.8844908206933627,0.0,8.461538461538453
Guyana,GUY,2010,28000000.0,152000.0,4.21179302045728,,4.30169199885288,3432912516.92427,3.73337757704246,South America,0.815633951111772,0.0,7.801418439716312
Guyana,GUY,2011,28000000.0,157000.0,4.21179302045728,,4.30169199885288,3691384317.52178,4.9777356370697,South America,0.7585230252806044,0.0,3.289473684210531
Guyana,GUY,2012,28000000.0,177000.0,4.21179302045728,,4.30169199885288,4063088535.76331,2.39193521312334,South America,0.6891309345967721,0.0,12.73885350318471
Guyana,GUY,2013,28000000.0,200000.0,4.21179302045728,,4.30169199885288,4167800928.83553,1.90125181860582,South America,0.6718171159826271,0.0,12.994350282485879
Guyana,GUY,2014,28000000.0,206000.0,4.21179302045728,,4.30169199885288,4127660151.8087,0.852630497539914,South America,0.6783504205822438,0.0,3.0000000000000027
Guyana,GUY,2015,28000000.0,207000.0,4.21179302045728,,4.30169199885288,4279840193.7046,-1.00173432776374,South America,0.6542300350650101,0.0,0.4854368932038833
Guyana,GUY,2016,28000000.0,235000.0,4.21179302045728,,4.30169199885288,4482697336.56174,0.836008061506207,South America,0.6246239238957005,0.0,13.526570048309171
Guyana,GUY,2017,28000000.0,247000.0,4.21179302045728,,4.30169199885288,4748174334.14044,1.90465615515584,South America,0.5897003359517301,0.0,5.106382978723412
Guyana,GUY,2018,28000000.0,287000.0,4.21179302045728,,4.30169199885288,4787636997.85343,1.28284288443528,South America,0.5848396612473751,0.0,16.194331983805665
Guyana,GUY,2019,28000000.0,315000.0,4.21179302045728,,4.30169199885288,5173760191.84652,2.08723089162013,South America,0.541192458903024,0.0,9.756097560975618
Guyana,GUY,2020,28000000.0,86400.0015258789,4.21179302045728,,4.30169199885288,5471256594.72422,0.99333702283873,South America,0.5117654329537316,0.0,-72.57142808702257
Haiti,HTI,1999,135000000.0,386000.0,25.4112863757859,,12.6395464375475,4153725883.84082,3.00439421550734,North America,3.2500941028677066,,
Haiti,HTI,2000,128000000.0,445000.0,25.4119515584673,,12.6395464375475,6813566098.8675,9.33322197565603,North America,1.8786050966948895,-5.185185185185182,15.284974093264259
Haiti,HTI,2001,105000000.0,499000.0,23.6369366530098,,12.7670245993206,6331970324.31022,13.31672224251,North America,1.65825161240689,-17.96875,12.134831460674157
Haiti,HTI,2002,108000000.0,482000.0,25.6471146995963,,13.7595596940898,6205847213.6351,7.03287406224601,North America,1.7402942141841509,2.857142857142847,-3.4068136272545124
Haiti,HTI,2003,96000000.0,518000.0,20.432487655372,,14.2555699052216,5071947798.27263,28.6995777887374,North America,1.8927639600844284,-11.111111111111116,7.468879668049788
Haiti,HTI,2004,93000000.0,385000.0,18.142801404604,,13.1920207486152,6087360684.2969,21.0318339277222,North America,1.5277557027285242,-3.125,-25.67567567567568
Haiti,HTI,2005,80000000.0,480000.0,13.2213922126,,9.39078623548206,7030149730.33692,13.973008326384,North America,1.1379558482912426,-13.978494623655912,24.675324675324674
Haiti,HTI,2006,126000000.0,558000.0,18.2844538607769,,11.1600889071518,7638739122.67242,11.3452152244299,North America,1.6494868848972914,57.49999999999999,16.250000000000007
Haiti,HTI,2007,190000000.0,868000.0,24.3842965130456,,13.8816079179685,9228637767.69009,6.55722772638066,North America,2.0588087297694058,50.79365079365079,55.55555555555556
Haiti,HTI,2008,360000000.0,758000.0,39.2500769817406,,13.4208248654517,10432962634.8748,15.2817744823772,North America,3.450601833812857,89.4736842105263,-12.67281105990783
Haiti,HTI,2009,416000000.0,826000.0,40.2318536721147,,15.2270597456888,11597002834.7786,0.393886040173341,North America,3.587133726935421,15.555555555555545,8.970976253298147
Haiti,HTI,2010,383000000.0,793000.0,37.6825937109437,,10.0528973400301,11859312725.1448,4.82734190074673,North America,3.2295294750760832,-7.932692307692313,-3.9951573849878907
Haiti,HTI,2011,456000000.0,946000.0,34.7643045086748,,10.3305792252348,13008746038.8867,6.33279483849042,North America,3.5053340163370956,19.060052219321143,19.293820933165186
Haiti,HTI,2012,447000000.0,959000.0,33.6637013923163,,11.2743897405669,13708925477.1304,5.01804155429246,North America,3.2606494268693593,-1.9736842105263164,1.374207188160681
Haiti,HTI,2013,546000000.0,1064000.0,34.8457383176514,,9.40897824642289,14902488604.2421,4.76502404779142,North America,3.663817597851256,22.14765100671141,10.948905109489049
Haiti,HTI,2014,578000000.0,1127599.97558594,34.7749351777276,,9.99304478536687,15146883497.6331,3.43816659958601,North America,3.8159664995794027,5.860805860805862,5.977441314468046
Haiti,HTI,2015,609000000.0,1190000.0,34.8439183688131,,11.2002898679417,14849629308.6025,6.73184069658997,North America,4.101112474553164,5.363321799307963,5.533879546390974
Haiti,HTI,2016,511000000.0,1153000.0,31.0723361738922,,11.7852991195458,14069277526.2278,11.5029073942666,North America,3.632027295270842,-16.09195402298851,-3.1092436974789917
Haiti,HTI,2017,460000000.0,1262000.0,27.6378505358787,,10.0495262393406,15093357161.1498,10.6800887242584,North America,3.047698368816428,-9.980430528375738,9.453599306157855
Haiti,HTI,2018,620000000.0,1333000.0,34.8377700548808,,11.0565798248745,16403864617.8458,12.4814111170435,North America,3.77959715252405,34.78260869565217,5.625990491283672
Haiti,HTI,2019,620000000.0,938000.0,34.8377700548808,,11.4652098915271,15016090929.5125,18.7037825672506,North America,4.128904139635018,0.0,-29.632408102025508
Haiti,HTI,2020,620000000.0,938000.0,34.8377700548808,,11.4652098915271,14508222518.3018,22.7963113642528,North America,4.273438729092305,0.0,0.0
Honduras,HND,1999,214000000.0,428000.0,9.59469153515064,1090000.0,5.51128818061089,6414520529.61672,11.66374097913,North America,3.3361807638144216,,
Honduras,HND,2000,263000000.0,689000.0,10.3427823418202,1090000.0,5.86878216374149,7186638029.05875,11.0480349344976,North America,3.659569313726041,22.89719626168225,60.98130841121496
Honduras,HND,2001,260000000.0,672000.0,10.2450622923047,1090000.0,5.90152326073633,7651162302.3456,9.67415556865377,North America,3.398176508689305,-1.1406844106463865,-2.467343976777936
Honduras,HND,2002,305000000.0,788000.0,11.3873404373279,1090000.0,6.30512523037944,7858255412.86038,7.69050972034271,North America,3.8812686019450844,17.307692307692314,17.261904761904766
Honduras,HND,2003,372000000.0,887000.0,13.5136259443298,1090000.0,6.96327342146963,8230391346.67228,7.67416639397937,North America,4.519833678995196,21.96721311475409,12.563451776649748
Honduras,HND,2004,420000000.0,1026000.0,12.9721411871431,1090000.0,6.33547749083659,8869299234.3377,8.1137909709338,North America,4.735436125257339,12.903225806451623,15.670800450958279
Honduras,HND,2005,465000000.0,1118000.0,12.6638741891698,1090000.0,5.94696838923451,9757012696.56212,8.80906074819819,North America,4.765802961021488,10.71428571428572,8.966861598440556
Honduras,HND,2006,515700012.207031,1136000.0,13.0977315003621,1090000.0,6.79482858141685,10917477066.1429,5.57775207654298,North America,4.723618919304272,10.90322843161957,1.610017889087656
Honduras,HND,2007,546599975.585938,1309000.0,12.467422927764,1090000.0,3.97355109094045,12361257680.5627,6.93621470895774,North America,4.421879955187991,5.991848487004114,15.228873239436624
Honduras,HND,2008,619799987.792969,1561000.0,12.7394084201642,1090000.0,4.07506165380678,13881731875.7466,11.4034270813932,North America,4.464860676900478,13.391879889596204,19.25133689839573
Honduras,HND,2009,616099975.585938,1589000.0,14.5086412375374,1090000.0,5.30132751070569,14587496229.1811,5.49634273772208,North America,4.223479930390521,-0.5969687447407557,1.7937219730941756
Honduras,HND,2010,626700012.207031,1965000.0,12.6880042528271,1090000.0,5.2217335283458,15839344591.9842,4.69889064976226,North America,3.9566031824585997,1.7205059310401616,23.6626809314034
Honduras,HND,2011,641500000.0,1852000.0,10.2944502005419,1092000.0,4.54924170749947,17710275685.4074,6.7622795731476,North America,3.62219093251367,2.3615745180614045,-5.750636132315523
Honduras,HND,2012,683700012.207031,1903000.0,10.255126026159,1072000.0,5.34574295406998,18528554397.5695,5.19618615531848,North America,3.6899803273196317,6.578333937183323,2.7537796976241813
Honduras,HND,2013,618000000.0,1857000.0,9.87399290328874,1055000.0,5.02300181235344,18499729214.904,5.16189898581494,North America,3.340589436855749,-9.609479455023973,-2.417235943247509
Honduras,HND,2014,706000000.0,2082000.0,10.4373470147041,1065000.0,4.29766132779072,19756533971.8698,6.12924930313022,North America,3.5735013085049885,14.239482200647258,12.116316639741509
Honduras,HND,2015,671000000.0,2093000.0,9.68076760294037,1150000.0,4.39694697126923,20979791685.416,3.15783117980923,North America,3.198315836788992,-4.957507082152979,0.5283381364072914
Honduras,HND,2016,585000000.0,2228000.0,8.69312720300741,1121000.0,4.86515425879634,21717604952.1835,2.72461223295289,North America,2.69366719437073,-12.816691505216093,6.450071667462964
Honduras,HND,2017,610000000.0,2144000.0,8.32758058327807,727000.0,4.76351503479038,23136247990.5977,3.93436084442044,North America,2.636555418354337,4.2735042735042805,-3.7701974865350096
Honduras,HND,2018,601000000.0,2323000.0,8.36304800277512,703000.0,4.62441726502438,24067750760.499,4.34734937777528,North America,2.4971174331187873,-1.4754098360655776,8.34888059701493
Honduras,HND,2019,556000000.0,2315000.0,7.67638226848058,703000.0,5.53914945009677,24882225741.8119,4.36587159819267,North America,2.234526789400925,-7.487520798668889,-0.34438226431339203
Honduras,HND,2020,189000000.0,669000.0,3.01492190360086,703000.0,2.31391004169079,23352232483.755,3.46841177951184,North America,0.8093444604556674,-66.00719424460432,-71.10151187904967
"Hong Kong SAR, China",HKG,1999,7343000000.0,11328000.0,3.93027426522633,53144000.0,7.36730482256391,165768095391.557,-4.00943396226445,Asia,4.429682311698924,,
"Hong Kong SAR, China",HKG,2000,8198000000.0,13059000.0,3.78938300575514,58901000.0,5.98826350785657,171668891194.349,-3.68550368550369,Asia,4.775472098039544,11.643742339643204,15.280720338983045
"Hong Kong SAR, China",HKG,2001,7923000000.0,13725000.0,3.80955175691424,61096000.0,6.15752426286301,169404327616.605,-1.65816326530609,Asia,4.676976150179169,-3.3544767016345456,5.09993108201241
"Hong Kong SAR, China",HKG,2002,9849000000.0,16566000.0,4.48275876212291,64540000.0,6.02408134328839,166348866131.028,-2.98313878080415,Asia,5.9206895899381955,24.308973873532747,20.699453551912562
"Hong Kong SAR, China",HKG,2003,9004000000.0,15537000.0,3.69966705884431,60936000.0,5.0055229594553,161385558801.811,-2.67379679144394,Asia,5.579185688514628,-8.579551223474468,-6.211517566099234
"Hong Kong SAR, China",HKG,2004,11874000000.0,21811000.0,4.18541670536704,68903000.0,4.93364758554168,169099768875.193,-0.274725274725253,Asia,7.02189014153166,31.874722345624164,40.38102593808328
"Hong Kong SAR, China",HKG,2005,13588000000.0,23359000.0,4.21647653998944,72300000.0,4.43403624554107,181569311742.213,0.826446280991827,Asia,7.483643502097897,14.434899781034183,7.0973362065013035
"Hong Kong SAR, China",HKG,2006,15541000000.0,25251000.0,4.3367585457889,75812000.0,4.17030929672397,193535442896.365,2.00025160397534,Asia,8.030053703559584,14.372976155431271,8.099661800590784
"Hong Kong SAR, China",HKG,2007,18237000000.0,28169000.0,4.62294033809257,80682000.0,4.04470258041041,211596944503.8,2.03502713369511,Asia,8.618744492159946,17.34766102567402,11.555977981070065
"Hong Kong SAR, China",HKG,2008,20236000000.0,29507000.0,4.77109632410993,81911000.0,4.0056118966425,219278749139.734,4.30315484104921,Asia,9.22843644420132,10.961232658880293,4.749902374951187
"Hong Kong SAR, China",HKG,2009,20291000000.0,29591000.0,5.32152177760431,81958000.0,4.26587573785226,214047795659.045,0.579441418472608,Asia,9.479658474185536,0.27179284443565876,0.2846782119497071
"Hong Kong SAR, China",HKG,2010,27208000000.0,36030000.0,5.7958180028863,84442000.0,3.80630040578378,228638668727.291,2.29289088604673,Asia,11.899999309588516,34.08900497757627,21.759994592950548
"Hong Kong SAR, China",HKG,2011,33169000000.0,41921000.0,6.27054800701015,84816000.0,3.662287591464,248513617677.287,5.3052489299392,Asia,13.346954710173009,21.908997353719496,16.35026366916459
"Hong Kong SAR, China",HKG,2012,37098000000.0,48615000.0,6.54398933360136,85276000.0,3.56020284694964,262628865879.697,4.05390950903844,Asia,14.125636904282093,11.845397811209256,15.968130531237335
"Hong Kong SAR, China",HKG,2013,42426000000.0,54299000.0,6.94391538941495,84414000.0,3.48173749185653,275696879834.966,4.33799342105267,Asia,15.38863988065316,14.36196021348859,11.691864650827943
"Hong Kong SAR, China",HKG,2014,46352000000.0,60839000.0,7.46311086191682,84519000.0,3.54739850218583,291459995978.893,4.42364532019699,Asia,15.903383187913283,9.253759487106962,12.044420707563685
"Hong Kong SAR, China",HKG,2015,42491000000.0,59308000.0,7.01074516941322,89082000.0,3.85157187101355,309385622601.348,2.99084819322581,Asia,13.733993080457662,-8.329737659647908,-2.516477917125526
"Hong Kong SAR, China",HKG,2016,37838000000.0,56655000.0,6.30570515558945,91758000.0,4.07283270577509,320860317562.562,2.40930743862224,Asia,11.792670495198356,-10.950554235014476,-4.473258245093414
"Hong Kong SAR, China",HKG,2017,38170000000.0,58472000.0,5.92190355209154,91304000.0,3.95990371867227,341273289534.466,1.49387243939522,Asia,11.184584662945069,0.8774248110365201,3.2071308798870435
"Hong Kong SAR, China",HKG,2018,42313000000.0,65148000.0,6.21080205269722,92214000.0,3.88507395387148,361731070995.726,2.40613432046534,Asia,11.69736397913685,10.854073880010473,11.417430565056774
"Hong Kong SAR, China",HKG,2019,32697000000.0,55913000.0,5.069064188051,94715000.0,3.88507395387148,363074545072.389,2.88320853773996,Asia,9.0055886439191,-22.72587620825751,-14.175415975931728
"Hong Kong SAR, China",HKG,2020,32697000000.0,3569000.0,5.069064188051,8261000.0,3.88507395387148,344943149590.058,0.2509620210808,Asia,9.478953282260631,0.0,-93.6168690644394
Hungary,HUN,1999,3622000000.0,28803000.0,13.1402379220679,10622000.0,5.4793817018987,49073380173.7159,9.99774409303368,Europe,7.380783608503033,,
Hungary,HUN,2000,3809000000.0,31141000.0,11.9364512465066,11065000.0,5.11457412915401,47218405892.4258,9.80361016908125,Europe,8.066769574300672,5.162893429044724,8.117210012845888
Hungary,HUN,2001,4191000000.0,30679000.0,11.8572387369156,11167000.0,5.24796948102701,53749989092.0197,9.11680911680911,Europe,7.797210884685074,10.02887897085849,-1.483574708583535
Hungary,HUN,2002,3774000000.0,31739000.0,9.45454340281903,12966000.0,5.39877922570191,67608919144.3684,5.26544821583985,Europe,5.58210373388932,-9.949892627057977,3.4551321751034925
Hungary,HUN,2003,4119000000.0,31412000.0,8.36229121794288,14283000.0,5.1373029739162,85285062818.0077,4.66101694915254,Europe,4.829685133479534,9.141494435612074,-1.03027820662277
Hungary,HUN,2004,4009000000.0,33934000.0,6.26194250172662,17558000.0,3.68542808047912,104120820258.669,6.74434679569469,Europe,3.8503346305190234,-2.6705511046370534,8.028778810645608
Hungary,HUN,2005,4761000000.0,36173000.0,6.50238378824073,17759000.0,3.65822344281759,113211158292.936,3.56151711378352,Europe,4.205415854575768,18.757794961336984,6.598102198385103
Hungary,HUN,2006,4998000000.0,38318000.0,5.84461181842722,16597000.0,2.678268308186,115715618613.052,3.93032603841001,Europe,4.319209506810913,4.977945809703854,5.929837171370922
Hungary,HUN,2007,5628000000.0,39379000.0,5.14638652421793,17056000.0,2.84147582414511,140186716681.425,7.9587451654491,Europe,4.014645704834972,12.605042016806722,2.7689336604206805
Hungary,HUN,2008,7533000000.0,39554000.0,5.95586948883621,17162000.0,3.04872051287404,158325614580.628,6.0425125388106,Europe,4.757916159020364,33.84861407249466,0.44439929911881393
Hungary,HUN,2009,7013000000.0,40624000.0,7.14854738247669,16640000.0,3.4745438103762,131069255620.567,4.21171171171171,Europe,5.350606415513616,-6.902960307978234,2.705162562572694
Hungary,HUN,2010,6595000000.0,39904000.0,6.15254132332775,16082000.0,2.86718486824647,132175349953.713,4.85555795691956,Europe,4.989583914330114,-5.960359332667897,-1.7723513194170981
Hungary,HUN,2011,7239000000.0,41304000.0,5.917037893124,16634000.0,2.66718492097892,141942264554.475,3.9299209893507,Europe,5.099960905035298,9.76497346474603,3.5084202085003957
Hungary,HUN,2012,6149000000.0,43565000.0,5.5594010222872,16143000.0,2.38719374948095,128814279315.132,5.65214517088646,Europe,4.773539108158227,-15.05732836027076,5.474046097230301
Hungary,HUN,2013,6671000000.0,43611000.0,5.75703185251257,16038000.0,2.35347790792365,135684315697.713,1.73319984983101,Europe,4.916559416389821,8.489185233371277,0.10558934924824737
Hungary,HUN,2014,7483000000.0,45984000.0,6.0879019623389,16340000.0,2.36114597894219,141033843265.669,-0.227566270988219,Europe,5.305818679211687,12.17208814270725,5.441287748503809
Hungary,HUN,2015,6929000000.0,48345000.0,6.32924174953863,17276000.0,2.45656374979216,125174166987.372,-0.0616446800641672,Europe,5.535487206956226,-7.403447815047437,5.134394572025047
Hungary,HUN,2016,7481000000.0,52890000.0,6.73306239685082,18895000.0,2.72601265251219,128609822750.039,0.394769306686392,Europe,5.816818529125709,7.966517534997841,9.401179025752416
Hungary,HUN,2017,8448000000.0,54962000.0,6.85785437468792,20297000.0,2.67642039268779,143112196040.326,2.34824281150154,Europe,5.903060838797787,12.926079401149583,3.917564757042924
Hungary,HUN,2018,9618000000.0,57667000.0,7.15091285498882,22805000.0,2.53388667300048,160565642983.587,2.85024792594646,Europe,5.9900734810267915,13.849431818181813,4.921582184054429
Hungary,HUN,2019,10225000000.0,61397000.0,7.64670209094001,24860000.0,2.57787012080669,164020460331.659,3.33858635382008,Europe,6.233978358141692,6.311083385319183,6.468170704215592
Hungary,HUN,2020,4224000000.0,31641000.0,3.40367436577453,12727000.0,1.10182024962178,157288955508.176,3.32674385766738,Europe,2.6855032423305993,-58.68948655256724,-48.46490870889457
Iceland,ISL,1999,380000000.0,281000.0,13.0412750545675,257000.0,13.2650671510346,8982047589.4895,3.23183260906467,Europe,4.230661174014082,,
Iceland,ISL,2000,386000000.0,328000.0,13.3141890557111,283000.0,12.7565342008685,9025660361.75842,5.13647123245151,Europe,4.276695383259444,1.5789473684210575,16.725978647686834
Iceland,ISL,2001,383000000.0,329000.0,12.6080340659603,299200.0,12.2480012507024,8234846804.60582,6.40508550386868,Europe,4.650966910347195,-0.7772020725388629,0.304878048780477
Iceland,ISL,2002,415000000.0,315000.0,12.4850088563908,315400.0,11.7394683005363,9318395054.85934,5.19702230216628,Europe,4.453556621680109,8.355091383812008,-4.255319148936165
Iceland,ISL,2003,486000000.0,348000.0,13.0429241571632,331600.0,12.8765199219874,11429333037.8443,2.05566329753742,Europe,4.252216628833707,17.108433734939755,10.476190476190483
Iceland,ISL,2004,558000000.0,405000.0,12.4441971101113,347800.0,13.2852017940324,13825302535.7699,3.15819324298464,Europe,4.036078042822563,14.814814814814813,16.37931034482758
Iceland,ISL,2005,635000000.0,429000.0,12.4249203845757,364000.0,13.9833745992281,16852963067.0496,3.98704782806593,Europe,3.7678834129858894,13.799283154121866,5.9259259259259345
Iceland,ISL,2006,702000000.0,477000.0,13.2536777899464,440000.0,13.1860910253816,17465318552.2941,6.68707906136661,Europe,4.019394194833,10.551181102362195,11.188811188811187
Iceland,ISL,2007,848000000.0,539000.0,11.8862151727445,460000.0,14.6883360629245,21652505596.7528,5.05155736492146,Europe,3.9164058691072388,20.7977207977208,12.997903563941303
Iceland,ISL,2008,881000000.0,561000.0,11.8548072920544,414000.0,14.6883360629245,18074622987.0185,12.6943942775878,Europe,4.874237214423499,3.891509433962259,4.081632653061229
Iceland,ISL,2009,881000000.0,563000.0,11.8548072920544,259000.0,14.6883360629245,13154414219.207,12.0031298461743,Europe,6.697371584313013,0.0,0.35650623885918886
Iceland,ISL,2010,881000000.0,559000.0,11.8548072920544,299000.0,14.6883360629245,13751161917.7398,5.39673113167477,Europe,6.406731338560262,0.0,-0.7104795737122527
Iceland,ISL,2011,881000000.0,628000.0,11.8548072920544,341000.0,14.6883360629245,15221622925.9319,4.0010266434312,Europe,5.787819106326097,0.0,12.343470483005369
Iceland,ISL,2012,881000000.0,765000.0,11.8548072920544,358000.0,14.6883360629245,14751508133.5443,5.18589988750698,Europe,5.972270713098436,0.0,21.81528662420382
Iceland,ISL,2013,881000000.0,900000.0,11.8548072920544,365000.0,14.6883360629245,16125060515.3117,3.87227923748249,Europe,5.463545387401419,0.0,17.647058823529417
Iceland,ISL,2014,881000000.0,1102000.0,11.8548072920544,400000.0,14.6883360629245,17867662177.8911,2.04461481539333,Europe,4.930695416270644,0.0,22.444444444444443
Iceland,ISL,2015,881000000.0,1389000.0,11.8548072920544,450000.0,14.6883360629245,17517210519.0912,1.63305558181326,Europe,5.029339568876213,0.0,26.043557168784037
Iceland,ISL,2016,881000000.0,1891000.0,11.8548072920544,536000.0,14.6883360629245,20793168030.9524,1.69692761997751,Europe,4.236968597996017,0.0,36.14110871130309
Iceland,ISL,2017,881000000.0,2353000.0,11.8548072920544,619000.0,14.6883360629245,24728285177.4603,1.76041559180596,Europe,3.562721772567662,0.0,24.431517715494454
Iceland,ISL,2018,881000000.0,2488000.0,11.8548072920544,668000.0,14.6883360629245,26260850582.0687,2.68291768267392,Europe,3.3548037495844096,0.0,5.737356566085849
Iceland,ISL,2019,881000000.0,2202000.0,11.8548072920544,611000.0,14.6883360629245,24681343649.2952,3.01397179156053,Europe,3.569497724752752,0.0,-11.4951768488746
Iceland,ISL,2020,881000000.0,488000.0,11.8548072920544,130000.0,14.6883360629245,21629953194.0659,2.84792401518665,Europe,4.073055508237065,0.0,-77.83832879200727
India,IND,1999,3598000000.0,2482000.0,6.00350085316649,4115000.0,5.0441194697309,458821052615.79,4.66982038037594,Asia,0.7841837203169734,,
India,IND,2000,3598000000.0,2649000.0,6.00350085316649,4416000.0,5.0441194697309,468395521654.458,4.0094359104519,Asia,0.768154227284499,0.0,6.72844480257857
India,IND,2001,3342000000.0,2537000.0,5.37902467437998,4564000.0,6.12386608585329,485440139204.171,3.77929312235637,Asia,0.6884473965170791,-7.115063924402443,-4.228010570026431
India,IND,2002,3300000000.0,2384000.0,4.67294464460457,4940000.0,5.74321945959743,514939140318.756,4.29715203929563,Asia,0.6408524312129866,-1.2567324955116699,-6.030744974379187
India,IND,2003,4560000000.0,2726000.0,5.37767363284084,5351000.0,4.71712717344383,607700687237.318,3.80585899528851,Asia,0.7503693998982164,38.18181818181819,14.345637583892623
India,IND,2004,6307000000.0,3457000.0,5.43614296297201,6213000.0,4.41517745086257,709152728830.775,3.76725173477515,Asia,0.8893711810710719,38.31140350877193,26.81584739545122
India,IND,2005,7659000000.0,3919000.0,4.9546508845687,7185000.0,4.55134404497141,820383763511.445,4.24634362031922,Asia,0.9335874673113458,21.43649912795307,13.364188602834837
India,IND,2006,8915000000.0,4447000.0,4.61161885156437,8340000.0,3.88207127300767,940259888787.721,5.79652337561634,Asia,0.9481421154202514,16.39900770335554,13.47282470017861
India,IND,2007,11234000000.0,5082000.0,4.67923381848174,9783000.0,3.83448577011697,1216736438834.96,6.37288135593231,Asia,0.9232895178808561,26.01233875490745,14.279289408590067
India,IND,2008,12462000000.0,5283000.0,4.08430358308022,10868000.0,3.1840992241237,1198895139005.92,8.34926704907581,Asia,1.0394570462878876,10.931102011750049,3.9551357733175863
India,IND,2009,13931500000.0,5168000.0,4.0962455500178,11067000.0,2.9962306211465175,1341888016994.9,10.8823529411764,Asia,1.0382013866700286,11.791847215535235,-2.176793488548179
India,IND,2010,15401000000.0,5776000.0,4.10818751695538,12988000.0,2.808362018169335,1675615519484.96,11.9893899204244,Asia,0.9191249317584419,10.548038617521449,11.764705882352944
India,IND,2011,16870500000.0,6309000.0,4.12012948389296,13994000.0,2.6204934151921524,1823051829894.55,8.91179336483371,Asia,0.9253988133171086,9.541588208557883,9.227839335180054
India,IND,2012,18340000000.0,6578000.0,4.13207145083054,14920000.0,2.43262481221497,1827637590410.41,9.47899691419801,Asia,1.0034812205783976,8.710470940398917,4.263750198129657
India,IND,2013,19042000000.0,6968000.0,4.06642763077828,16626000.0,2.47747857892658,1856721507621.58,10.0178784746102,Asia,1.0255711436440669,3.8276990185387216,5.928853754940722
India,IND,2014,20756000000.0,13107000.0,4.27444906724364,18330000.0,3.15995119003195,2039126479154.52,6.66565671867899,Asia,1.0178868359654683,9.001155340825552,88.10275545350173
India,IND,2015,21472000000.0,13284000.0,5.00943815317626,20376000.0,3.59559187581085,2103588360044.94,4.90697344127256,Asia,1.0207320219028633,3.449604933513206,1.3504234378576285
India,IND,2016,23111000000.0,14570000.0,5.36923837205765,21872000.0,4.06429747250986,2294796885663.16,4.94821634062141,Asia,1.0071043822826735,7.633196721311486,9.680819030412536
India,IND,2017,27878000000.0,15543000.0,5.69635226464623,23943000.0,3.89165109332806,2651474262755.45,3.32817337461298,Asia,1.0514150709133712,20.626541473757086,6.678105696636916
India,IND,2018,29143000000.0,17423000.0,5.42657307048889,26296000.0,4.0111352655606,2702929641648.74,3.9388264669163,Asia,1.0782004662993476,4.537628237319757,12.095477063629922
India,IND,2019,31661000000.0,17914000.0,5.7983662186762,26915000.0,4.61593252634138,2835606256558.19,3.72950573539129,Asia,1.1165513521764328,8.640153724736654,2.8181139872582195
India,IND,2020,13413000000.0,17914000.0,2.76733222848623,26915000.0,3.19998995400312,2674851578587.27,6.62343677628535,Asia,0.5014483834308336,-57.63557689270711,0.0
Indonesia,IDN,1999,5797000000.0,4728000.0,8.80627983468287,2205000.0,9.56795182327806,140001351215.462,20.47783111264,Asia,4.140674321834522,,
Indonesia,IDN,2000,5797000000.0,5064000.0,8.80627983468287,2205000.0,9.56795182327806,165021012077.81,3.68861915958352,Asia,3.5128859816146463,0.0,7.106598984771573
Indonesia,IDN,2001,5797000000.0,5153000.0,8.80627983468287,2505000.0,9.56795182327806,160446947784.909,11.5001148791768,Asia,3.613032270187718,0.0,1.7575039494470701
Indonesia,IDN,2002,5797000000.0,5033000.0,8.80627983468287,3231000.0,9.56795182327806,195660611165.183,11.9001175663778,Asia,2.9627833448327445,0.0,-2.3287405394915583
Indonesia,IDN,2003,4461000000.0,4467000.0,6.42775694789406,3478000.0,7.77395158077713,234772463823.808,6.75731719362853,Asia,1.9001376598185256,-23.04640331205796,-11.24577786608385
Indonesia,IDN,2004,5226000000.0,5321000.0,6.63083875620386,3941000.0,6.7716819036373,256836875295.452,6.06405988526521,Asia,2.0347545476046913,17.148621385339613,19.117976270427572
Indonesia,IDN,2005,5094000000.0,5002000.0,5.38025440042541,4106000.0,5.49448527301521,285868619196.085,10.4531984193865,Asia,1.781937455858311,-2.5258323765786406,-5.995113700432253
Indonesia,IDN,2006,4890000000.0,4871000.0,4.5530702117391,4967000.0,6.22959408811467,364570515618.358,13.1086720985296,Asia,1.3413042993084445,-4.00471142520612,-2.618952419032383
Indonesia,IDN,2007,5831000000.0,5506000.0,4.76912775624193,5158000.0,6.4901347310596,432216737774.861,6.40656281325701,Asia,1.3490916686889927,19.243353783231075,13.036337507698615
Indonesia,IDN,2008,8150000000.0,6234000.0,5.58008392861613,5486000.0,6.46479255202819,510228634992.255,10.2266645473148,Asia,1.5973231294875705,39.77019379180244,13.221939702143114
Indonesia,IDN,2009,6053000000.0,6324000.0,4.82995589817025,5053000.0,6.63395025532849,539580085612.401,4.38641555014731,Asia,1.1217982578304566,-25.730061349693255,1.4436958614052031
Indonesia,IDN,2010,7618000000.0,7003000.0,4.57163230835854,6235000.0,5.79821066629227,755094157594.524,5.13420400767928,Asia,1.0088808029277283,25.85494795968941,10.736875395319423
Indonesia,IDN,2011,9038000000.0,7650000.0,4.24325512410959,6750000.0,4.57890937821969,892969104529.572,5.3560477898215,Asia,1.0121290819755,18.6400630086637,9.238897615307717
Indonesia,IDN,2012,9463000000.0,8044000.0,4.48469357179949,7454000.0,4.25334974017272,917869913364.917,4.27949999641975,Asia,1.0309739825013526,4.702367780482408,5.150326797385629
Indonesia,IDN,2013,10302000000.0,8802000.0,5.02455380642221,8025000.0,4.86580597053704,912524136718.018,6.41251330156418,Asia,1.1289564391197529,8.866110113071969,9.42317255096967
Indonesia,IDN,2014,11567000000.0,9435000.0,5.81771624956107,8074000.0,5.08444732073981,890814755511.014,6.39492540819922,Asia,1.298474225807431,12.279169093379917,7.191547375596463
Indonesia,IDN,2015,12054000000.0,10407000.0,7.03491461479772,8176000.0,5.90384690498763,860854232717.718,6.36312113115612,Asia,1.4002370601054612,4.210253306821121,10.302066772655017
Indonesia,IDN,2016,12566000000.0,11519000.0,7.48897480226927,8340000.0,6.22465661949089,931877364034.196,3.5258051568793,Asia,1.3484606971887858,4.247552679608435,10.68511578745075
Indonesia,IDN,2017,14691000000.0,14040000.0,7.56448547148604,8856000.0,5.98822379714594,1015618744168.08,3.80879806953157,Asia,1.4465073714284178,16.91071144357792,21.88558034551611
Indonesia,IDN,2018,17915000000.0,15810000.0,8.45318976671233,9468000.0,6.0239143754343,1042271532953.49,3.1983464156241,Asia,1.718841917253,21.94540875365871,12.606837606837606
Indonesia,IDN,2019,18405000000.0,16107000.0,9.19805342441142,11689000.0,7.07486623870463,1119099871385.79,3.03058664969487,Asia,1.6446253342169495,2.735138152386263,1.8785578747628096
Indonesia,IDN,2020,3533000000.0,4053000.0,1.9801836869729,2918000.0,1.23849081520894,1059054842711.55,1.9209680056685,Asia,0.3335993432553773,-80.80412931268677,-74.83702737940025
"Iran, Islamic Rep.",IRN,1999,559000000.0,1321000.0,2.51281129191765,7698000.0,4.01510383889238,113848450088.686,20.0707078146866,Asia,0.49100361011902094,,
"Iran, Islamic Rep.",IRN,2000,677000000.0,1342000.0,2.27739092407576,7698000.0,3.833628520825,109591707801.431,14.4767513188567,Asia,0.6177474679258169,21.109123434704834,1.5897047691143085
"Iran, Islamic Rep.",IRN,2001,1122000000.0,1402000.0,2.27739092407576,7698000.0,3.833628520825,126878750295.583,11.2742471332117,Asia,0.8843088361022895,65.73116691285081,4.470938897168408
"Iran, Islamic Rep.",IRN,2002,1607000000.0,1585000.0,2.27739092407576,7698000.0,3.833628520825,128626917504.398,14.3359337378404,Asia,1.2493496938112147,43.22638146167559,13.0527817403709
"Iran, Islamic Rep.",IRN,2003,1266000000.0,1546000.0,2.27739092407576,7698000.0,3.833628520825,151911222120.261,16.4680116244792,Asia,0.8333814857981771,-21.219663970130675,-2.460567823343851
"Iran, Islamic Rep.",IRN,2004,1305000000.0,1659000.0,2.27739092407576,7698000.0,3.833628520825,187754571246.703,14.7615086970672,Asia,0.6950563127889309,3.08056872037914,7.309184993531703
"Iran, Islamic Rep.",IRN,2005,1025000000.0,1889000.0,2.27739092407576,7698000.0,3.833628520825,224970371328.826,13.433118008508,Asia,0.4556155523705909,-21.45593869731801,13.863773357444241
"Iran, Islamic Rep.",IRN,2006,1464000000.0,2735000.0,2.27739092407576,7698000.0,3.833628520825,265602187406.199,10.0158982511924,Asia,0.5512002797480843,42.82926829268292,44.785600847009
"Iran, Islamic Rep.",IRN,2007,1950000000.0,2219000.0,2.27739092407576,7698000.0,3.833628520825,349736591836.295,17.3410404624277,Asia,0.5575624757368133,33.19672131147542,-18.86654478976234
"Iran, Islamic Rep.",IRN,2008,1978000000.0,2034000.0,2.27739092407576,7698000.0,3.833628520825,406070949550.867,25.4105090311987,Asia,0.4871069950184218,1.4358974358974264,-8.337088778729163
"Iran, Islamic Rep.",IRN,2009,2259000000.0,2116000.0,2.27739092407576,7698000.0,3.833628520825,414059094949.597,13.5515548281506,Asia,0.5455742978607887,14.206268958543976,4.03146509341199
"Iran, Islamic Rep.",IRN,2010,2631000000.0,2938000.0,2.27739092407576,7698000.0,3.833628520825,487069570461.36,10.0893629287979,Asia,0.5401692406092778,16.467463479415677,38.84688090737241
"Iran, Islamic Rep.",IRN,2011,2489000000.0,3354000.0,2.27739092407576,7698000.0,3.833628520825,629082257472.368,26.2933856738608,Asia,0.39565573030158574,-5.397187381223867,14.15929203539823
"Iran, Islamic Rep.",IRN,2012,2483000000.0,3834000.0,2.27739092407576,7698000.0,3.833628520825,644019315003.54,27.2568127242908,Asia,0.3855474427791582,-0.24106066693451167,14.311270125223619
"Iran, Islamic Rep.",IRN,2013,3306000000.0,4769000.0,2.27739092407576,7698000.0,3.833628520825,500399839839.877,36.6030355191029,Asia,0.6606716742870835,33.14538864277083,24.387063119457487
"Iran, Islamic Rep.",IRN,2014,4197000000.0,4968000.0,2.27739092407576,7698000.0,3.833628520825,462284793280.825,16.6065532357449,Asia,0.907881907647012,26.950998185117967,4.172782553994558
"Iran, Islamic Rep.",IRN,2015,4771000000.0,5237000.0,2.27739092407576,6620000.0,3.833628520825,409191686496.677,12.4846815611533,Asia,1.1659572169823995,13.676435549201816,5.414653784218992
"Iran, Islamic Rep.",IRN,2016,4634000000.0,4942000.0,2.27739092407576,9007000.0,3.833628520825,459042684192.698,7.24542548952979,Asia,1.0094921800463177,-2.8715154055753533,-5.632995990070655
"Iran, Islamic Rep.",IRN,2017,4531000000.0,4867000.0,2.27739092407576,10543000.0,3.833628520825,489168731811.147,8.04492437660278,Asia,0.9262652547770123,-2.222701769529567,-1.517604208822343
"Iran, Islamic Rep.",IRN,2018,5252000000.0,7295000.0,2.27739092407576,7243000.0,3.833628520825,398880231367.268,18.0141183371874,Asia,1.3166859590903701,15.912602074597215,49.88699404150401
"Iran, Islamic Rep.",IRN,2019,5252000000.0,9107000.0,2.27739092407576,4396500.0,3.833628520825,333519146339.191,39.9073455697784,Asia,1.5747221884103422,0.0,24.838930774503076
"Iran, Islamic Rep.",IRN,2020,5252000000.0,1550000.0,2.27739092407576,1550000.0,3.833628520825,262186179355.944,30.5941390387295,Asia,2.0031566930421163,0.0,-82.98012517843418
Iraq,IRQ,1999,186000000.0,30000.0,0.773305172829549,,2.40260262791847,36881601583.8194,12.5777623393436,Asia,0.5043164938954318,,
Iraq,IRQ,2000,186000000.0,78000.0,0.773305172829549,,2.40260262791847,48364250943.9051,4.97896213183735,Asia,0.3845815791000891,0.0,160.0
Iraq,IRQ,2001,186000000.0,127000.0,0.773305172829549,,2.40260262791847,36176430128.8057,16.3740814963262,Asia,0.5141469164805633,0.0,62.82051282051282
Iraq,IRQ,2002,186000000.0,232285.7142857143,0.773305172829549,,2.40260262791847,32928454672.4246,19.316694601979,Asia,0.564861005019354,0.0,82.9021372328459
Iraq,IRQ,2003,186000000.0,337571.4285714286,0.773305172829549,,2.40260262791847,21921569478.8163,33.6162105992383,Asia,0.8484793945969029,0.0,45.32595325953259
Iraq,IRQ,2004,186000000.0,442857.14285714284,0.773305172829549,,2.40260262791847,36633669269.3981,26.9619068193272,Asia,0.5077296479153807,0.0,31.18916631400761
Iraq,IRQ,2005,186000000.0,548142.8571428572,0.773305172829549,,2.40260262791847,50065104667.8159,36.9594809201871,Asia,0.3715162511576035,0.0,23.774193548387103
Iraq,IRQ,2006,170000000.0,653428.5714285715,0.550402279312968,,2.17377828288046,65147051918.0219,53.230962911428,Asia,0.26094810892428455,-8.602150537634412,19.20771436017723
Iraq,IRQ,2007,555000000.0,758714.2857142857,1.37189808898304,,3.28088569952672,88837057319.5179,-10.0674925768978,Asia,0.6247392887000367,226.47058823529412,16.112811543506766
Iraq,IRQ,2008,867000000.0,864000.0,1.32925307322697,,2.17767468272378,131614434153.505,12.6628528269228,Asia,0.6587423374770562,56.21621621621622,13.876859348521942
Iraq,IRQ,2009,1432000000.0,1262000.0,3.44043034209698,,2.78462594559831,111657580326.315,6.8736154721255,Asia,1.282492416381436,65.1672433679354,46.06481481481482
Iraq,IRQ,2010,1736000000.0,1518000.0,3.17984243660922,,3.54936800059333,138516722649.573,2.8777472527476,Asia,1.2532782806245173,21.22905027932962,20.28526148969889
Iraq,IRQ,2011,1557000000.0,1510000.0,1.88713548105592,,3.63042680217169,185749664444.444,5.801455370853,Asia,0.8382249328184839,-10.311059907834096,-0.5270092226614009
Iraq,IRQ,2012,1640000000.0,1111000.0,1.69002473206925,,3.72442707184062,218002476129.472,6.08909641595043,Asia,0.7522850332332931,5.330764290301859,-26.423841059602648
Iraq,IRQ,2013,1682000000.0,892000.0,1.80103041872107,,6.77429885656561,234637675128.645,1.87949800749469,Asia,0.7168499257750524,2.5609756097561,-19.711971197119716
Iraq,IRQ,2014,1938000000.0,892000.0,2.17877415285821,,8.91047414213918,228415656174.957,2.23597407904679,Asia,0.8484532244653018,15.219976218787167,0.0
Iraq,IRQ,2015,2833000000.0,892000.0,5.02566960734303,,13.6417691369743,166774104959.102,1.39333028780309,Asia,1.6987049642357466,46.18163054695563,0.0
Iraq,IRQ,2016,3120000000.0,892000.0,6.66245280762595,,17.3338628469153,166743557747.671,0.556521397155511,Asia,1.8711367576319926,10.130603600423571,0.0
Iraq,IRQ,2017,2959000000.0,892000.0,4.65220440594416,,16.7023015453705,187217660050.676,0.18405889884769,Asia,1.5805132908931023,-5.160256410256414,0.0
Iraq,IRQ,2018,1986000000.0,892000.0,2.16032293890942,,13.8107461846825,227367469034.031,0.367441488936849,Asia,0.8734758795695383,-32.88273065224738,0.0
Iraq,IRQ,2019,3593000000.0,892000.0,4.04148796046023,,15.1143084425691,233636097800.338,-0.198965380023928,Asia,1.5378616719880869,80.91641490433031,0.0
Iraq,IRQ,2020,955000000.0,892000.0,1.88489694251952,,7.60417464084309,180898797516.874,0.574162679425795,Asia,0.527919484877128,-73.42053993876982,0.0
Ireland,IRL,1999,3403000000.0,6403000.0,4.1672836120878,3576000.0,4.44634170544845,98893958262.6438,1.62988605221407,Europe,3.4410595548843044,,
Ireland,IRL,2000,3517000000.0,6646000.0,4.1672836120878,3783000.0,4.44634170544845,100207610429.909,5.57763269940387,Europe,3.509713468778894,3.349985307081993,3.7950960487271646
Ireland,IRL,2001,3789000000.0,6353000.0,4.1672836120878,4216000.0,4.44634170544845,109346669229.695,4.85280279607477,Europe,3.465126122900715,7.7338640887119725,-4.408666867288591
Ireland,IRL,2002,4228000000.0,6476000.0,4.1672836120878,4634000.0,4.44634170544845,128596035288.401,4.62820512820515,Europe,3.287815204036352,11.58617049353392,1.9360931843223739
Ireland,IRL,2003,5206000000.0,6764000.0,4.1672836120878,4929000.0,4.44634170544845,164670771259.602,3.49221909079765,Europe,3.161459656852392,23.131504257332082,4.4471896232242125
Ireland,IRL,2004,6075000000.0,6953000.0,4.1672836120878,5409000.0,4.44634170544845,194372115041.065,2.17854605730523,Europe,3.1254483178909354,16.692278140606987,2.7942046126552267
Ireland,IRL,2005,6779000000.0,7333000.0,4.1672836120878,6113000.0,4.44634170544845,211876989655.907,2.45654692931639,Europe,3.1994979780528543,11.588477366255145,5.465266791313095
Ireland,IRL,2006,7668000000.0,8001000.0,4.34910657115658,6848000.0,4.55015595440006,232180617162.279,3.93576114001354,Europe,3.3026012652212793,13.114028617790229,9.109504977498982
Ireland,IRL,2007,9260000000.0,8332000.0,4.44124258707834,7713000.0,4.79998149447242,270079279419.5,4.88574537540802,Europe,3.4286228917313304,20.761606677099632,4.136982877140349
Ireland,IRL,2008,9972000000.0,8026000.0,4.55528737359206,7877000.0,5.40120522025561,275447471451.063,4.03568834941391,Europe,3.6202909932217917,7.688984881209504,-3.672587614018241
Ireland,IRL,2009,8465000000.0,7189000.0,4.18346498086298,7047000.0,4.76317505788526,236443117248.477,-4.44754686876746,Europe,3.5801422762939508,-15.11231448054553,-10.428607027161728
Ireland,IRL,2010,8185000000.0,7134000.0,3.93813484311594,6917000.0,4.23646524524754,221985621537.5,-0.918388645376774,Europe,3.6871757473793454,-3.3077377436503297,-0.7650577270830405
Ireland,IRL,2011,9532000000.0,7630000.0,4.11274595734615,6514000.0,3.73974454635698,241337364609.738,2.5489783020855,Europe,3.949657781095776,16.456933414783137,6.9526212503504325
Ireland,IRL,2012,9255000000.0,7550000.0,3.93672241017747,6600000.0,3.01011070572479,227270922957.327,1.69474116680366,Europe,4.072232329402624,-2.906000839278222,-1.0484927916120546
Ireland,IRL,2013,10165000000.0,8260000.0,3.81258477861735,6579000.0,2.83400307072857,243301556084.989,0.515099484900573,Europe,4.1779428638135006,9.832522960561851,9.403973509933783
Ireland,IRL,2014,11101000000.0,8813000.0,3.62346972211517,6676000.0,2.50882353669401,266787238499.03,0.190916398713745,Europe,4.160993630150852,9.208066896212497,6.694915254237288
Ireland,IRL,2015,11476000000.0,9528000.0,2.99982332715853,7094000.0,1.94809927563083,302391428540.035,-0.330959783371788,Europe,3.7950811156939395,3.3780740473831283,8.113014864404855
Ireland,IRL,2016,12649000000.0,10100000.0,3.20772938221193,7646000.0,1.84830387201024,305733136180.907,0.0201247735963237,Europe,4.137268258850225,10.221331474381312,6.003358522250202
Ireland,IRL,2017,14294000000.0,10338000.0,3.18504234821787,8171000.0,1.81461754010238,348532394023.595,0.362173038229378,Europe,4.101196974830501,13.004980630879913,2.3564356435643585
Ireland,IRL,2018,15276000000.0,10926000.0,3.06833887331852,8643000.0,1.98304311885289,395461216460.418,0.471130713712916,Europe,3.86283138880927,6.87001539107317,5.687753917585603
Ireland,IRL,2019,14808000000.0,10951000.0,2.77220641774504,9350000.0,1.58697128551337,407124824064.995,0.937842961189274,Europe,3.63721373021361,-3.063629222309505,0.22881200805418
Ireland,IRL,2020,4160000000.0,10951000.0,0.681305611379734,2326000.0,0.450447527385954,436555518400.451,-0.326183651280033,Europe,0.9529143086410478,-71.90707725553756,0.0
Isle of Man,IMN,1999,,,,,,1573742112.92671,,Europe,,,
Isle of Man,IMN,2000,,,,,,1601050083.21985,,Europe,,,
Isle of Man,IMN,2001,,,,,,1668684324.16871,,Europe,,,
Isle of Man,IMN,2002,,,,,,1891002697.84173,,Europe,,,
Isle of Man,IMN,2003,,,,,,2252620408.16327,,Europe,,,
Isle of Man,IMN,2004,,,,,,2802206151.59282,,Europe,,,
Isle of Man,IMN,2005,,,,,,3032411026.94919,,Europe,,,
Isle of Man,IMN,2006,,,,,,3422733202.4501,,Europe,,,
Isle of Man,IMN,2007,,,,,,4466350655.89909,,Europe,,,
Isle of Man,IMN,2008,,,,,,5928791505.35144,,Europe,,,
Isle of Man,IMN,2009,,,,,,5486921247.07323,,Europe,,,
Isle of Man,IMN,2010,,,,,,5920369789.50182,,Europe,,,
Isle of Man,IMN,2011,,,,,,6565667052.79737,,Europe,,,
Isle of Man,IMN,2012,,,,,,6690228371.66909,,Europe,,,
Isle of Man,IMN,2013,,,,,,7001175622.71266,,Europe,,,
Isle of Man,IMN,2014,,,,,,7708454412.32126,,Europe,,,
Isle of Man,IMN,2015,,,,,,7084800892.22284,,Europe,,,
Isle of Man,IMN,2016,,,,,,6846377563.00683,,Europe,,,
Isle of Man,IMN,2017,,,,,,6979788333.50279,,Europe,,,
Isle of Man,IMN,2018,,,,,,7491649455.92717,,Europe,,,
Isle of Man,IMN,2019,,,,,,7314967866.28289,,Europe,,,
Isle of Man,IMN,2020,,,,,,6684225641.02564,,Europe,,,
Israel,ISR,1999,4800000000.0,2566000.0,12.7088352881993,3203000.0,8.35505173224643,121166507717.951,5.18102372034954,Asia,3.961490753842097,,
Israel,ISR,2000,4611000000.0,2672000.0,9.89671869365889,3530000.0,7.97746734110778,136225025139.185,1.03264094955491,Asia,3.384840630632154,-3.937500000000005,4.130943102104445
Israel,ISR,2001,2854000000.0,1219000.0,7.05043009105776,3561000.0,8.90580286259586,134620909004.446,1.1513157894737,Asia,2.12002728335889,-38.104532639340704,-54.37874251497006
Israel,ISR,2002,2426000000.0,862099.975585938,6.17089251556713,3273000.0,7.75677082968494,125055466461.227,5.77235772357722,Asia,1.9399391875061875,-14.996496145760341,-29.278098803450536
Israel,ISR,2003,2473000000.0,1183950.012207034,5.68629930674515,3299000.0,7.50491379794463,131314894271.096,0.70275612166467,Asia,1.8832593314925568,1.9373454245671828,37.33326130792967
Israel,ISR,2004,2908000000.0,1505800.04882813,5.48662681881302,3614000.0,6.92883895131086,139899274431.058,-0.381637771235433,Asia,2.078638371661502,17.589971694298413,27.184427830793823
Israel,ISR,2005,3750000000.0,1916000.0,6.45727864448807,3687000.0,7.12076270822563,147103301914.121,1.31348511383542,Asia,2.549228978007069,28.954607977991742,27.241329384409507
Israel,ISR,2006,3736000000.0,1834000.0,5.93129791594894,3713000.0,6.84097369752553,158722866825.261,2.06352636127917,Asia,2.3537881306749493,-0.3733333333333366,-4.2797494780793315
Israel,ISR,2007,4325000000.0,2294000.0,5.95375754372054,4147000.0,6.64265717085708,184068518293.128,0.455170953741894,Asia,2.349668503938552,15.765524625267657,25.081788440567077
Israel,ISR,2008,5401000000.0,3034000.0,6.45769142015407,4207000.0,5.85927362465731,220552442865.106,4.55216016859853,Asia,2.44885068142426,24.878612716763016,32.258064516129025
Israel,ISR,2009,4937000000.0,2740000.0,7.13432089559788,4007000.0,7.04885009758741,212453641380.363,3.35617818988106,Asia,2.3238010739298747,-8.591001666358078,-9.690177982860915
Israel,ISR,2010,5638000000.0,3444000.0,6.90711292970377,4269000.0,6.07988367337665,238912622309.59,2.69137006338376,Asia,2.3598585731875286,14.198906218351226,25.693430656934304
Israel,ISR,2011,5886000000.0,3362000.0,6.34972690564625,4387000.0,5.23577082062168,267406179630.431,3.48494919760703,Asia,2.2011458404344855,4.398722951401202,-2.3809523809523836
Israel,ISR,2012,6183000000.0,3520000.0,6.68224379868754,4349000.0,5.3970984129858,262917911696.944,1.67920719398061,Asia,2.35168458477904,5.045871559633031,4.699583581201661
Israel,ISR,2013,6600000000.0,3540000.0,6.67174797775275,4757000.0,6.16508550482059,297634145181.876,1.5702553921126,Asia,2.217487511712382,6.74429888403687,0.5681818181818121
Israel,ISR,2014,6616000000.0,3251000.0,6.61213190283684,5181000.0,6.8678459937565,314090281098.682,0.479786761439324,Asia,2.106400738302807,0.24242424242424399,-8.1638418079096
Israel,ISR,2015,6605000000.0,3109000.0,6.99479176594929,5891000.0,8.8352241293667,302722655203.465,-0.601291007162392,Asia,2.181865111998528,-0.1662636033857301,-4.367886804060284
Israel,ISR,2016,6616000000.0,3070000.0,6.86540648685445,6781000.0,9.08557706140788,320958936788.842,-0.551552352993558,Asia,2.0613228801766152,0.16654049962150363,-1.2544226439369588
Israel,ISR,2017,7602000000.0,3863000.0,7.26079352966066,7597000.0,9.18295700413821,357227098125.658,0.25941497450575,Asia,2.128058044836768,14.903264812575578,25.83061889250815
Israel,ISR,2018,8048000000.0,4389000.0,7.17504780839199,8473000.0,9.14787645460406,375149611117.199,0.794075660242718,Asia,2.145277447051853,5.866877137595372,13.616360341703349
Israel,ISR,2019,8459000000.0,4905000.0,7.24817124843516,9179000.0,9.49400924269992,399651065197.871,0.84978312826417,Asia,2.116596385352275,5.106858846918483,11.756664388243344
Israel,ISR,2020,2661000000.0,4905000.0,2.34064112984093,9179000.0,2.24491101895221,411728563086.632,-0.61441235846577,Asia,0.6462995863223843,-68.54238089608701,0.0
Italy,ITA,1999,29570000000.0,59521000.0,10.1884120129302,42390000.0,7.28281860995337,1255004736463.98,1.66345995007714,Europe,2.356166406456323,,
Italy,ITA,2000,28712000000.0,62702000.0,9.79239736335757,44628000.0,6.4007322486929,1149661363439.38,2.53768532095002,Europe,2.497431062143713,-2.90158944876564,5.34433225248232
Italy,ITA,2001,26924000000.0,60960000.0,8.99335490663759,43611000.0,5.95430771847889,1172041488805.87,2.78516542713554,Europe,2.2971883040959082,-6.227361382000563,-2.7782207904054057
Italy,ITA,2002,28213000000.0,63561000.0,9.05203188012039,44660000.0,6.49713051342819,1281746271196.04,2.46532319171165,Europe,2.2011376692887517,4.787550141138008,4.266732283464569
Italy,ITA,2003,32623000000.0,63026000.0,8.8681108271672,46357000.0,6.57849652716087,1582930016538.82,2.6725555277285,Europe,2.060924971991644,15.631092049764295,-0.8417111121599707
Italy,ITA,2004,37893000000.0,58480000.0,8.74156688503398,40400000.0,5.68111516128699,1812808753294.75,2.20673661423657,Europe,2.090292201597664,16.154247003647736,-7.212896265033475
Italy,ITA,2005,38364000000.0,59230000.0,8.40022904974237,43407000.0,5.81896943082816,1864982261286.85,1.9852929852798,Europe,2.0570705039054142,1.2429736362916666,1.2824897400820712
Italy,ITA,2006,41666000000.0,66353000.0,8.15486158176917,46369000.0,5.19666370387736,1958563654385.64,2.09084391012754,Europe,2.1273753297065925,8.607027421541025,12.02600033766672
Italy,ITA,2007,46134000000.0,70271000.0,7.61201934242512,49166000.0,5.33183124433899,2222524108127.65,1.82974112202403,Europe,2.075748012419324,10.723371573945183,5.90478199930673
Italy,ITA,2008,45544125000.0,70719000.0,7.623317616914634,54421000.0,5.446328114623448,2417508414187.19,3.34783258401022,Europe,1.8839282929781553,-1.2786123032904162,0.6375318410154929
Italy,ITA,2009,44954250000.0,71692000.0,7.634615891404148,54839000.0,5.560824984907905,2209484319012.65,0.774768131387381,Europe,2.034603713326586,-1.2951725387193136,1.3758678714348438
Italy,ITA,2010,44364375000.0,73225000.0,7.645914165893662,55304000.0,5.6753218551923625,2144936254535.0,1.52551602118248,Europe,2.0683306977632183,-1.312167370159667,2.138313898342914
Italy,ITA,2011,43774500000.0,75866000.0,7.657212440383175,52617000.0,5.78981872547682,2306974020278.21,2.78063272879323,Europe,1.897485607346415,-1.3296141329614097,3.606691703653131
Italy,ITA,2012,43184625000.0,76293000.0,7.6685107148726885,53338000.0,5.904315595761277,2097929495121.68,3.04136333226775,Europe,2.0584402431262494,-1.3475310968714682,0.562834471304674
Italy,ITA,2013,42594750000.0,76762000.0,7.679808989362202,52633000.0,6.018812466045735,2153225581941.46,1.21999342274306,Europe,1.9781833523264367,-1.3659375298500365,0.6147352968162156
Italy,ITA,2014,42004875000.0,77694000.0,7.691107263851716,55169000.0,6.133309336330192,2173255507985.84,0.241047429826756,Europe,1.9328088595956145,-1.38485376718962,1.2141424142153578
Italy,ITA,2015,41415000000.0,81068000.0,7.70240553834123,57418000.0,6.24780620661465,1845428048839.1,0.0387903996579733,Europe,2.244194783213188,-1.4043012864578208,4.342677684248453
Italy,ITA,2016,42423000000.0,84925000.0,7.80524356189802,57480000.0,6.32499803559072,1887111188176.93,-0.09401665691575,Europe,2.2480392393297888,2.4339007605939766,4.757734247791978
Italy,ITA,2017,46719000000.0,89931000.0,7.85324273783386,60042000.0,6.43596193285507,1970720904584.71,1.22653316645812,Europe,2.3706553216801187,10.126582278481022,5.894612893729767
Italy,ITA,2018,51602000000.0,93228601.5625,7.8654790110826,61194601.5625,6.21764318685841,2099435266458.67,1.13748763600391,Europe,2.4578990752614307,10.45185042488066,3.6668129593799614
Italy,ITA,2019,51910000000.0,95399000.0,8.15998962838693,62207000.0,6.66460255993348,2019606796583.53,0.611246943765304,Europe,2.5703023027954552,0.5968760900740389,2.3280392509641645
Italy,ITA,2020,20459000000.0,38419000.0,3.65370521874481,21448000.0,2.6422280635021,1907481094079.23,-0.13770757391651,Europe,1.072566331771475,-60.58755538431902,-59.728089392970574
Jamaica,JAM,1999,1486000000.0,2013000.0,42.7318475916607,,6.38626952053086,8887057997.36228,5.95423949113006,North America,16.72094410142312,,
Jamaica,JAM,2000,1577000000.0,2230000.0,43.9459384143793,,5.37634408602151,9005064474.93003,8.17108356120225,North America,17.512367672550766,6.123822341857332,10.779930452061603
Jamaica,JAM,2001,1494000000.0,2117000.0,44.5783851524736,,4.94930775100839,9194727831.07318,6.8019093078759,North America,16.248441796733694,-5.263157894736848,-5.067264573991026
Jamaica,JAM,2002,1482000000.0,2131000.0,46.005413862468,,5.73582346223934,9719009494.84779,7.07635009310985,North America,15.248467457364178,-0.8032128514056214,0.6613131790269344
Jamaica,JAM,2003,1621000000.0,2483000.0,46.0076121169462,,5.47372509803865,9430234810.78586,10.0869565217391,North America,17.18939170152981,9.379217273954122,16.518066635382446
Jamaica,JAM,2004,1733000000.0,2515000.0,44.4500517222294,,6.04100322189606,10174664853.9476,13.5545023696682,North America,17.032502051678144,6.909315237507707,1.2887635924285101
Jamaica,JAM,2005,1783000000.0,2615000.0,44.6420410321829,,4.85962426373811,11243865777.7131,15.0528658875905,North America,15.857535435314011,2.8851702250432876,3.976143141153088
Jamaica,JAM,2006,2094000000.0,3016000.0,43.786546522838,,4.43781328166883,11930179089.8855,8.56106408706157,North America,17.55212544776725,17.44251261918115,15.334608030592744
Jamaica,JAM,2007,2142000000.0,2880000.0,42.255733374757,,4.00679915841227,12799600047.1845,9.24482067275562,North America,16.734897903869825,2.2922636103151817,-4.509283819628651
Jamaica,JAM,2008,2222000000.0,2859000.0,40.1147144445624,,3.14709534927662,13709401520.0326,22.0228384991843,North America,16.207855585476473,3.734827264239038,-0.7291666666666696
Jamaica,JAM,2009,2070000000.0,2753000.0,51.2594333487304,,4.0747015672457,12120458114.8318,9.59224598930482,North America,17.078562380962662,-6.840684068406844,-3.7075900664568007
Jamaica,JAM,2010,2095000000.0,2832000.0,52.3177927115884,,3.64127862807794,13220549908.2494,12.6105519975603,North America,15.84654204658125,1.2077294685990392,2.8695968034871067
Jamaica,JAM,2011,2060000000.0,3077000.0,48.0600523222195,,2.72119090205125,14444661522.1463,7.555856465809,North America,14.261324135852158,-1.670644391408116,8.651129943502834
Jamaica,JAM,2012,2060000000.0,3306000.0,48.0600523222195,,5.35102561768061,14807086555.5283,6.87397708674309,North America,13.91225743345769,0.0,7.442313942151446
Jamaica,JAM,2013,2060000000.0,3274000.0,48.0600523222195,,5.21503882651857,14264205152.6126,9.34150076569673,North America,14.44174405766097,0.0,-0.9679370840895318
Jamaica,JAM,2014,2060000000.0,3504000.0,48.0600523222195,,6.13232549905539,13899217721.6818,8.27407886231419,North America,14.82097799494532,0.0,7.0250458155161954
Jamaica,JAM,2015,2060000000.0,3692000.0,48.0600523222195,,6.24798829428254,14188936958.4343,3.69154228855725,North America,14.5183533201582,0.0,5.365296803652964
Jamaica,JAM,2016,2060000000.0,3837000.0,48.0600523222195,,6.61579238411342,14077096714.1279,2.35102197485846,North America,14.63369927644644,0.0,3.9274106175514634
Jamaica,JAM,2017,2060000000.0,4276000.0,48.0600523222195,,6.29778614223906,14808985171.3441,4.37839864991561,North America,13.910473784430355,0.0,11.441230127703928
Jamaica,JAM,2018,2060000000.0,4319000.0,48.0600523222195,,6.4073783571217,15730792835.5811,3.73663882152163,North America,13.095334873017562,0.0,1.005612722170257
Jamaica,JAM,2019,2060000000.0,4233000.0,48.0600523222195,,6.1142107060327,15830766570.7266,3.90510000865872,North America,13.012635811390465,0.0,-1.9912016670525556
Jamaica,JAM,2020,2060000000.0,1329699.95117188,48.0600523222195,,4.92115231548935,13812421803.4084,5.2267777929352,North America,14.914111582457377,0.0,-68.58729149133286
Japan,JPN,1999,5715000000.0,4438000.0,1.24217118551517,16358000.0,10.5426488865273,4635982224063.88,-0.341296928327554,Asia,0.1232748471367144,,
Japan,JPN,2000,5970000000.0,4757000.0,1.13991525916592,17819000.0,9.37967536294178,4968359075956.59,-0.676578683595175,Asia,0.1201603972001673,4.461942257217855,7.187922487607024
Japan,JPN,2001,5750000000.0,4772000.0,1.29560159226122,16216000.0,8.51271641187322,4374711694090.87,-0.740055504162738,Asia,0.13143723294421428,-3.68509212730318,0.31532478452807045
Japan,JPN,2002,6069000000.0,5239000.0,1.32831023241277,16523000.0,8.63000516984122,4182846045873.61,-0.923494026942321,Asia,0.14509259804068303,5.54782608695652,9.786253143336122
Japan,JPN,2003,11475000000.0,5212000.0,2.19949316433271,13296000.0,8.1262418278265,4519561645253.53,-0.256541816316025,Asia,0.2538963045686325,89.07563025210084,-0.5153655277724711
Japan,JPN,2004,14343000000.0,6138000.0,2.2718312192158,16831000.0,8.96928963033486,4893116005656.56,-0.0085733882031027,Asia,0.293126097632248,24.99346405228757,17.766692248656945
Japan,JPN,2005,15554000000.0,6728000.0,2.31134163186982,17404000.0,7.97571173062786,4831467035389.8,-0.282946068764391,Asia,0.3219312040435998,8.443142996583708,9.612251547735418
Japan,JPN,2006,11490000000.0,7334000.0,1.57707282812468,17535000.0,5.65798585648349,4601663122649.92,0.249355116079085,Asia,0.24969233283168613,-26.12832711842613,9.007134363852565
Japan,JPN,2007,12422000000.0,8347000.0,1.54848703032317,17295000.0,5.18408488277176,4579750920354.81,0.060039454498669,Asia,0.27123745845631325,8.111401218450819,13.812380692664306
Japan,JPN,2008,13781000000.0,8351000.0,1.54815203324998,15987000.0,4.46496866967171,5106679115127.3,1.3800788616492,Asia,0.2698622664419451,10.94026726775077,0.04792140888942864
Japan,JPN,2009,12537000000.0,6790000.0,1.87382470303388,15446000.0,5.38659020331249,5289493117993.89,-1.35283672951719,Asia,0.23701703963563947,-9.02692112328568,-18.692372170997483
Japan,JPN,2010,15356000000.0,8611000.0,1.76507846587625,16637000.0,4.96417893627827,5759071769013.11,-0.728243207517779,Asia,0.2666401916125356,22.48544308845817,26.818851251840936
Japan,JPN,2011,12533000000.0,6219000.0,1.34667806656334,16994000.0,4.09810383244222,6233147172341.35,-0.27245561610124,Asia,0.20107017616419035,-18.38369367022662,-27.778422947392865
Japan,JPN,2012,16197000000.0,8358000.0,1.77284910800489,18491000.0,4.03690289101094,6272362996105.03,-0.0440645104432602,Asia,0.2582280395770765,29.234820075002,34.394597202122526
Japan,JPN,2013,16865000000.0,10364000.0,2.03109971342358,17473000.0,3.37468610353503,5212328181166.18,0.335037912184741,Asia,0.3235598261241239,4.1242205346669225,24.000957166786318
Japan,JPN,2014,20790000000.0,13413000.0,2.40911203154826,16903000.0,2.8851972788041,4896994405353.29,2.75922671353253,Asia,0.42454612521657803,23.273050696709152,29.41914318795831
Japan,JPN,2015,27285000000.0,19737000.0,3.47707717432204,16214000.0,2.87777012572835,4444930651964.18,0.795279630579839,Asia,0.6138453473496369,31.24098124098125,47.148288973384034
Japan,JPN,2016,33456000000.0,24039000.0,4.12261250156936,17116000.0,3.36774222104776,5003677627544.24,-0.127258844489754,Asia,0.6686282068978913,22.61682242990655,21.79662562699498
Japan,JPN,2017,36978000000.0,28691000.0,4.22357825807153,17889000.0,3.07610645439463,4930837369151.42,0.484199796126385,Asia,0.749933474410327,10.527259684361546,19.351886517742003
Japan,JPN,2018,45276000000.0,31191000.0,4.86928999618968,18954000.0,3.02631599468822,5040880939324.86,0.989094598021848,Asia,0.8981763414960549,22.44036994969982,8.713533860792587
Japan,JPN,2019,49209000000.0,31881000.0,5.43966806815605,20081000.0,3.19146748685631,5117993853016.51,0.46877615938395,Asia,0.961490017636433,8.686721441823476,2.2121765894007828
Japan,JPN,2020,11395000000.0,4115799.8046875,1.43461261665334,3174000.0,0.840640298046893,5055587093501.59,-0.024995834027731,Asia,0.22539419832460286,-76.84366680891706,-87.09011698288165
Jordan,JOR,1999,1016000000.0,3231000.0,28.7528040554026,1561000.0,10.741513327115,8149929478.13822,0.606256567779427,Asia,12.466365540037732,,
Jordan,JOR,2000,935000000.0,2700000.0,26.4204296361245,1625000.0,6.6773679375265,8460789844.8519,0.66688092559796,Asia,11.05097771183757,-7.972440944881887,-16.434540389972142
Jordan,JOR,2001,884000000.0,3034000.0,23.3744997529595,1755000.0,6.96839782274832,8975814652.8196,1.77220437351017,Asia,9.848688215974986,-5.454545454545457,12.370370370370365
Jordan,JOR,2002,1254000000.0,4677000.0,27.5471983208744,1276000.0,7.89497102292983,9582510578.27927,1.83299389002049,Asia,13.086340889019718,41.85520361990951,54.15293342122611
Jordan,JOR,2003,1266000000.0,4600000.0,26.2117159210373,1229000.0,7.21942967689806,10195627644.5698,1.62999999999998,Asia,12.41708744310874,0.9569377990430672,-1.6463545007483482
Jordan,JOR,2004,1621000000.0,5587000.0,27.0230190453797,1420000.0,6.21878958203742,11411706629.055,3.36186821476601,Asia,14.204711465967948,28.041074249605046,21.45652173913044
Jordan,JOR,2005,1759000000.0,5817000.0,26.1996806789773,1523000.0,5.5062248541158,12588998589.5628,3.49368534619531,Asia,13.972517253742007,8.513263417643424,4.116699480937891
Jordan,JOR,2006,2426000000.0,6573000.0,29.5807866269971,2139000.0,7.22545418379441,15056981664.3159,6.25172466656443,Asia,16.11212694606295,37.919272313814666,12.996389891696758
Jordan,JOR,2007,2754000000.0,6529000.0,29.3365989190398,2094000.0,6.52202260889112,17110437235.543,4.74390639021648,Asia,16.09543907083332,13.520197856554006,-0.6694051422485914
Jordan,JOR,2008,3539000000.0,7100000.0,27.8683351255554,1972000.0,5.92871376992843,22658715989.3302,13.9712310012729,Asia,15.618713795020359,28.5039941902687,8.745596569153014
Jordan,JOR,2009,3472000000.0,7085000.0,31.3892072223495,2054000.0,7.30311093767985,24537876056.338,-0.739069743144777,Asia,14.149553906085533,-1.8931901667137652,-0.21126760563380254
Jordan,JOR,2010,4390000000.0,8078000.0,34.4264286818794,2708000.0,9.51680899362232,27133804225.3521,4.84551875852116,Asia,16.179080395583686,26.44009216589862,14.015525758645019
Jordan,JOR,2011,4351000000.0,6813000.0,31.6579047150573,1931000.0,6.00907179412581,29524149154.9296,4.1624416292779,Asia,14.737088534432907,-0.8883826879271028,-15.659816786333247
Jordan,JOR,2012,5123000000.0,6314000.0,35.8068358567462,1567000.0,5.47104692078515,31634561690.1408,4.5152295667099,Asia,16.194313201426873,17.743047575270054,-7.324233083810361
Jordan,JOR,2013,5145000000.0,5389000.0,36.1617351534891,1498000.0,4.98922049620679,34454440140.8451,4.82462314269537,Asia,14.932763321557205,0.42943587741557376,-14.649984162179287
Jordan,JOR,2014,5518000000.0,5327000.0,35.542834332786,1230000.0,5.00699008985648,36847643521.1268,2.89947905006057,Asia,14.975177440685519,7.249757045675409,-1.1504917424382977
Jordan,JOR,2015,4968000000.0,4809000.0,35.1827322055538,1370500.0,5.56282503973137,38587017887.3239,-0.876851359704049,Asia,12.87479642637018,-9.967379485320771,-9.724047306176086
Jordan,JOR,2016,4943000000.0,4236000.0,36.5119642114024,1511000.0,6.26198433487748,39892551126.7606,-0.778430463054142,Asia,12.390784395546346,-0.5032206119162663,-11.915159076731129
Jordan,JOR,2017,5549000000.0,4565000.0,38.8038136135762,1592000.0,6.49428625583144,41608435915.493,3.32389447576097,Asia,13.336237899617412,12.259761278575754,7.766761095372998
Jordan,JOR,2018,6221000000.0,4922000.0,41.2186677616231,1501000.0,6.51516269007142,43370860704.2254,4.46231108475481,Asia,14.34373194118769,12.110290142367997,7.820372398685649
Jordan,JOR,2019,6765000000.0,5361000.0,41.8363702877849,1537000.0,7.14364956557371,44503006338.0282,0.761514047265601,Asia,15.201220224574469,8.744574827198193,8.919138561560347
Jordan,JOR,2020,1745000000.0,1240000.0,16.7075719776145,406000.0,2.21448860204979,43700383098.5916,0.333294350628378,Asia,3.9931000056982087,-74.20546932742054,-76.86998694273457
Kazakhstan,KAZ,1999,394000000.0,394000.0,5.69265445298503,3688000.0,6.74153973804303,16870817181.7799,8.29602765342565,Asia,2.335393690505467,,
Kazakhstan,KAZ,2000,403000000.0,1683000.0,3.94088988309667,3688000.0,5.38475832322476,18291990662.0356,13.1808905865732,Asia,2.203150042255449,2.284263959390853,327.15736040609136
Kazakhstan,KAZ,2001,502000000.0,2693000.0,4.99725133760438,3688000.0,7.19347130642095,22152689179.8815,8.35413777161338,Asia,2.2660905677126704,24.56575682382134,60.0118835412953
Kazakhstan,KAZ,2002,680000000.0,3678000.0,5.95194990080489,3688000.0,7.45376488802567,24636598527.4437,5.83692452105644,Asia,2.7601212855846176,35.458167330677284,36.57630894912736
Kazakhstan,KAZ,2003,638000000.0,3237000.0,4.31010552081828,3688000.0,5.88442017768265,30833692900.1091,6.43821810118941,Asia,2.0691650593618727,-6.176470588235294,-11.990212071778139
Kazakhstan,KAZ,2004,803000000.0,4291000.0,3.57368047147953,3688000.0,5.26798493299783,43151647002.6096,6.882054389819,Asia,1.8608791454737257,25.86206896551724,32.56101328390486
Kazakhstan,KAZ,2005,801000000.0,4365000.0,2.52037624171835,3688000.0,3.69221604367433,57123671733.8952,7.57999929125768,Asia,1.4022207881373185,-0.24906600249066102,1.724539734327668
Kazakhstan,KAZ,2006,973000000.0,4707000.0,2.28320810137617,3688000.0,3.22377068504965,81003864630.018,8.72169386091733,Asia,1.2011772579544686,21.473158551810243,7.835051546391747
Kazakhstan,KAZ,2007,1214000000.0,5311000.0,2.19218484046231,4544000.0,3.10291440990516,104849915058.376,10.8468362075557,Asia,1.1578454778185523,24.76875642343268,12.831952411302305
Kazakhstan,KAZ,2008,1255000000.0,4117000.0,1.7603171011534,4330000.0,2.74554992871894,133441648851.982,17.139899777207,Asia,0.9404859807990597,3.377265238879734,-22.48164187535304
Kazakhstan,KAZ,2009,1185000000.0,3774000.0,2.27825242181284,5423000.0,3.38194713602162,115308686941.38,7.31607858288579,Asia,1.0276762587734813,-5.5776892430278835,-8.331309205732328
Kazakhstan,KAZ,2010,1236000000.0,4097000.0,1.85021473572077,6019000.0,3.36420828003389,148047348240.643,7.40046356341398,Asia,0.8348680436956888,4.303797468354431,8.558558558558559
Kazakhstan,KAZ,2011,1524000000.0,5685000.0,1.63168239041728,8020000.0,3.56761679698551,192626464617.071,8.452904661768,Asia,0.7911685463519323,23.300970873786397,38.76006834268977
Kazakhstan,KAZ,2012,2154000000.0,6163000.0,2.33351255372693,9066000.0,5.91617697846052,207998568865.789,5.19568369035072,Asia,1.0355840483642307,41.33858267716535,8.408091468777478
Kazakhstan,KAZ,2013,2365000000.0,6841000.0,2.52482705132924,10144000.0,5.9636882123234,236634603409.089,5.94283871648418,Asia,0.9994311761375986,9.795728876508814,11.001135810481898
Kazakhstan,KAZ,2014,2239000000.0,6333000.0,2.90368888167276,10450000.0,6.69807952105281,221415613595.469,6.84944977003349,Asia,1.0112204661820734,-5.327695560253698,-7.42581493933635
Kazakhstan,KAZ,2015,1833000000.0,6430000.0,3.83273752153495,11303000.0,6.78608883737761,184388404706.042,6.67828585615244,Asia,0.9940972171879399,-18.13309513175525,1.5316595610295192
Kazakhstan,KAZ,2016,2038000000.0,6509000.0,4.72787040310455,9756000.0,7.07853067843608,137278320084.171,14.3610942386247,Asia,1.4845752765261244,11.183851609383533,1.2286158631415134
Kazakhstan,KAZ,2017,2356000000.0,7701000.0,4.20907085889854,10261000.0,6.54774450496275,166805788827.233,7.44266321306792,Asia,1.4124210056284063,15.603532875367998,18.313104931633116
Kazakhstan,KAZ,2018,2651000000.0,8789000.0,3.99576575701656,10646000.0,6.05925321046025,179339977690.485,6.16366247577751,Asia,1.4781980203963474,12.521222410865885,14.128035320088305
Kazakhstan,KAZ,2019,2922000000.0,8515000.0,4.34202472187034,10707000.0,5.61128975014797,181667184854.501,5.33356098916669,Asia,1.60843577905402,10.222557525462083,-3.1175332802366618
Kazakhstan,KAZ,2020,589000000.0,2035000.0,1.19537232198366,2865000.0,1.85154348239447,171082365861.423,6.71815454861464,Asia,0.34427861517714275,-79.8425735797399,-76.10099823840282
Kenya,KEN,1999,1211000000.0,969000.0,28.2460215247839,,4.14602126870306,12896010459.3711,5.74200109520484,Africa,9.390501068646442,,
Kenya,KEN,2000,500000000.0,1037000.0,18.0141347654553,,4.14602126870306,12705350097.8044,9.98002515350979,Africa,3.9353500387714977,-58.71180842279109,7.017543859649122
Kenya,KEN,2001,536000000.0,994000.0,17.7984608303965,,4.52024247405942,12986007425.8781,5.73859814341467,Africa,4.1275195864425305,7.200000000000006,-4.146576663452262
Kenya,KEN,2002,513000000.0,1001000.0,15.9531436503497,,4.52024247405942,13147736898.5176,1.96130821739162,Africa,3.901812182276331,-4.291044776119401,0.7042253521126751
Kenya,KEN,2003,619000000.0,1146000.0,17.1474434165189,,4.52024247405942,14904517649.8476,9.81569062979654,Africa,4.153103203620477,20.662768031189096,14.485514485514495
Kenya,KEN,2004,799000000.0,1361000.0,18.6573755351818,,4.52024247405942,16095337093.8366,11.6240355442426,Africa,4.964170649808644,29.07915993537964,18.76090750436301
Kenya,KEN,2005,969000000.0,1479000.0,18.1384552271111,,4.52024247405942,18737895512.7378,10.3127783574683,Africa,5.171338474703764,21.27659574468086,8.670095518001464
Kenya,KEN,2006,1181000000.0,1601000.0,19.8628383319234,,4.52024247405942,25825512284.2891,14.4537342081708,Africa,4.572997379488418,21.8782249742002,8.248816768086552
Kenya,KEN,2007,1514000000.0,1817000.0,21.436252369443,,4.52024247405942,31958195182.2406,9.75888023027529,Africa,4.737438992929553,28.19644369178662,13.491567770143664
Kenya,KEN,2008,1398000000.0,1203000.0,16.86257002716,,4.52024247405942,35895153327.8497,26.2398166445063,Africa,3.8946762177927354,-7.661822985468958,-33.79196477710512
Kenya,KEN,2009,1124000000.0,1490000.0,15.219802454178,,4.52024247405942,42347217912.9176,9.23412592394652,Africa,2.6542475642942644,-19.599427753934194,23.857024106400672
Kenya,KEN,2010,1620000000.0,1609000.0,18.0339312974945,,4.52024247405942,45405615063.7551,3.96138889115385,Africa,3.5678406684400588,44.12811387900355,7.986577181208054
Kenya,KEN,2011,1844000000.0,1823000.0,18.4995498640623,,4.52024247405942,46869473150.61,14.0224913014704,Africa,3.934330548317675,13.82716049382715,13.300186451211937
Kenya,KEN,2012,2004000000.0,1711000.0,17.8842007693258,,4.52024247405942,56396704671.5777,9.37777003547598,Africa,3.5533991066856743,8.676789587852497,-6.14371914426769
Kenya,KEN,2013,1829000000.0,1520000.0,16.6602295856439,,4.52024247405942,61671440407.8387,5.71749357037733,Africa,2.9657163638544213,-8.732534930139725,-11.163062536528345
Kenya,KEN,2014,1745000000.0,1350000.0,15.5205724937092,,4.52024247405942,68285796514.2896,6.87815499275949,Africa,2.555436253328082,-4.59267359212685,-11.184210526315786
Kenya,KEN,2015,1596000000.0,1181000.0,15.044774654555,,4.52024247405942,70120446896.8359,6.58215429284779,Africa,2.2760836113154,-8.538681948424065,-12.518518518518517
Kenya,KEN,2016,1472000000.0,1340000.0,14.8494634759032,,4.52024247405942,74815144163.8931,6.29724953814625,Africa,1.9675160910943073,-7.769423558897248,13.463166807790007
Kenya,KEN,2017,1564000000.0,1449000.0,14.9683550514071,,4.52024247405942,82036510877.2599,8.00564967709945,Africa,1.9064682094293368,6.25,8.134328358208954
Kenya,KEN,2018,1784000000.0,2025000.0,15.4271153124744,,4.52024247405942,92202979985.2863,4.6898064677633,Africa,1.9348615416602475,14.066496163682874,39.75155279503107
Kenya,KEN,2019,1762000000.0,2049000.0,15.360146445829,,4.52024247405942,100378436207.371,5.23963795764792,Africa,1.7553570931907112,-1.2331838565022402,1.185185185185178
Kenya,KEN,2020,1762000000.0,2049000.0,15.360146445829,,4.52024247405942,100657505750.545,5.40516207933392,Africa,1.7504904247942383,0.0,0.0
Kiribati,KIR,1999,2799999.95231628,20299.9992370605,17.5596655114381,,12.5867979923398,77323948.4525998,3.59252131266417,Oceania,3.62112904003176,,
Kiribati,KIR,2000,2700000.04768372,13399.9996185303,17.5596655114381,,12.5867979923398,74910555.2512264,3.59252131266417,Oceania,3.6042985379413763,-3.5714252262695867,-33.990147181549055
Kiribati,KIR,2001,3200000.04768372,14500.0,17.5596655114381,,12.5867979923398,64935847.4676225,3.59252131266417,Oceania,4.927940686812879,18.51851819146968,8.208958304361103
Kiribati,KIR,2002,3175000.0119209327,119500.0,17.5596655114381,,12.5867979923398,74743892.1606019,3.59252131266417,Oceania,4.247838746607981,-0.7812511059455574,724.1379310344828
Kiribati,KIR,2003,3149999.976158145,130100.006103516,17.5596655114381,,12.5867979923398,96105634.747436,3.59252131266417,Oceania,3.2776433810944505,-0.7874026982337634,8.870297994574061
Kiribati,KIR,2004,3124999.9403953576,63900.0015258789,17.5596655114381,,12.5867979923398,104085862.435301,3.59252131266417,Oceania,3.002328911227338,-0.7936519349844073,-50.883936565663255
Kiribati,KIR,2005,3099999.90463257,50200.0007629395,17.5596655114381,,12.5867979923398,113895467.720866,3.59252131266417,Oceania,2.72179391038634,-0.8000011596680068,-21.439750290758653
Kiribati,KIR,2006,3272499.918937685,10800.0001907349,17.5596655114381,,12.5867979923398,112338362.534347,3.59252131266417,Oceania,2.913074256300586,5.564516761672622,-78.4860557239113
Kiribati,KIR,2007,3444999.9332428,32299.9992370605,17.5596655114381,,12.5867979923398,138054961.877619,3.59252131266417,Oceania,2.49538291589742,5.2711999565491885,199.07406172798042
Kiribati,KIR,2008,3617499.9475479154,28871.427944728264,17.5596655114381,,12.5867979923398,147017897.680178,13.6653995252441,Oceania,2.4605847346677523,5.007257406322796,-10.614772053611532
Kiribati,KIR,2009,3789999.96185303,25442.856652396033,17.5596655114381,,12.5867979923398,140177363.671764,9.81643884508657,Oceania,2.7037175351133045,4.768486988425313,-11.875309038735182
Kiribati,KIR,2010,3962499.976158145,22014.285360063797,17.5596655114381,,12.5867979923398,165458478.20613,-3.89955040651649,Oceania,2.3948606436604707,4.551451610589852,-13.47557524366807
Kiribati,KIR,2011,4134999.99046326,18585.714067731562,17.5596655114381,,12.5867979923398,195970104.356667,1.4974097987597,Oceania,2.1100157108338986,4.353312690044819,-15.574302032770138
Kiribati,KIR,2012,4307500.004768375,15157.142775399327,17.5596655114381,,12.5867979923398,207001557.767135,-3.04586292775571,Oceania,2.0809022169843128,4.17170531325175,-18.44734767702526
Kiribati,KIR,2013,4480000.01907349,11728.571483067095,17.5596655114381,,12.5867979923398,201730847.75865,-1.488059084681,Oceania,2.220780841824124,4.004643392087259,-22.62016887441969
Kiribati,KIR,2014,4652500.033378605,8300.00019073486,17.5596655114381,,12.5867979923398,200287275.559653,2.10398520925043,Oceania,2.3229134354033976,3.8504467314888435,-29.23264182072105
Kiribati,KIR,2015,4825000.04768372,8199.99980926514,17.5596655114381,,12.5867979923398,191559398.175292,0.572015743634256,Oceania,2.5188010056642915,3.707684321709648,-1.2048238454421711
Kiribati,KIR,2016,4997500.061988835,7599.99990463257,17.5596655114381,,12.5867979923398,206467834.045145,1.91731090233378,Oceania,2.4204739130920085,3.5751297948261263,-7.317072177911921
Kiribati,KIR,2017,5170000.07629395,7500.0,17.5596655114381,,12.5867979923398,222875724.653979,0.355520888546828,Oceania,2.319678414650373,3.4517261063617743,-1.315788235360571
Kiribati,KIR,2018,5170000.07629395,9000.0,17.5596655114381,,12.5867979923398,233514703.710292,0.564030491493476,Oceania,2.2139933777823537,0.0,19.999999999999996
Kiribati,KIR,2019,5170000.07629395,12000.0,17.5596655114381,,12.5867979923398,216985362.338171,-1.81307995302947,Oceania,2.382649235221923,0.0,33.33333333333333
Kiribati,KIR,2020,5170000.07629395,12000.0,17.5596655114381,,12.5867979923398,223123620.597516,2.5532455441463,Oceania,2.3171011937010073,0.0,0.0
"Korea, Dem. People's Rep.",PRK,1999,,,,,,,,Asia,,,
"Korea, Dem. People's Rep.",PRK,2000,,,,,,,,Asia,,,
"Korea, Dem. People's Rep.",PRK,2001,,,,,,,,Asia,,,
"Korea, Dem. People's Rep.",PRK,2002,,,,,,,,Asia,,,
"Korea, Dem. People's Rep.",PRK,2003,,,,,,,,Asia,,,
"Korea, Dem. People's Rep.",PRK,2004,,,,,,,,Asia,,,
"Korea, Dem. People's Rep.",PRK,2005,,,,,,,,Asia,,,
"Korea, Dem. People's Rep.",PRK,2006,,,,,,,,Asia,,,
"Korea, Dem. People's Rep.",PRK,2007,,,,,,,,Asia,,,
"Korea, Dem. People's Rep.",PRK,2008,,,,,,,,Asia,,,
"Korea, Dem. People's Rep.",PRK,2009,,,,,,,,Asia,,,
"Korea, Dem. People's Rep.",PRK,2010,,,,,,,,Asia,,,
"Korea, Dem. People's Rep.",PRK,2011,,,,,,,,Asia,,,
"Korea, Dem. People's Rep.",PRK,2012,,,,,,,,Asia,,,
"Korea, Dem. People's Rep.",PRK,2013,,,,,,,,Asia,,,
"Korea, Dem. People's Rep.",PRK,2014,,,,,,,,Asia,,,
"Korea, Dem. People's Rep.",PRK,2015,,,,,,,,Asia,,,
"Korea, Dem. People's Rep.",PRK,2016,,,,,,,,Asia,,,
"Korea, Dem. People's Rep.",PRK,2017,,,,,,,,Asia,,,
"Korea, Dem. People's Rep.",PRK,2018,,,,,,,,Asia,,,
"Korea, Dem. People's Rep.",PRK,2019,,,,,,,,Asia,,,
"Korea, Dem. People's Rep.",PRK,2020,,,,,,,,Asia,,,
"Korea, Rep.",KOR,1999,8337000000.0,4660000.0,5.07557659572914,4342000.0,4.03212050342349,497514040642.262,0.81295725444637,Asia,1.6757316013106711,,
"Korea, Rep.",KOR,2000,8527000000.0,5322000.0,4.21961599366588,5508000.0,4.23658317567236,576179387819.613,2.25916580080157,Asia,1.4799210419983966,2.278997241213876,14.206008583690988
"Korea, Rep.",KOR,2001,7917000000.0,5147000.0,4.46792877048153,6084000.0,4.90955920402691,547656279894.587,4.06657587897792,Asia,1.4456147570377293,-7.153746921543336,-3.2882375046974777
"Korea, Rep.",KOR,2002,7617000000.0,5347000.0,3.96761939190256,7123000.0,6.23801064169718,627246933729.618,2.76226210296599,Asia,1.214354282245626,-3.789314134141719,3.8857586943850775
"Korea, Rep.",KOR,2003,7002000000.0,4753000.0,3.03547500068279,7086000.0,5.18466168711694,702714855193.904,3.51487451459939,Asia,0.9964212294996808,-8.074044899566758,-11.109033102674392
"Korea, Rep.",KOR,2004,8222000000.0,5818000.0,2.72849485113575,8826000.0,5.05471796754457,793175561887.027,3.59066298882578,Asia,1.0365927034412425,17.423593259068838,22.406900904691774
"Korea, Rep.",KOR,2005,8282000000.0,6023000.0,2.46635122068304,10080000.0,5.41929748946017,934901071332.984,2.75379162735039,Asia,0.8858691313928548,0.7297494526879111,3.5235476108628427
"Korea, Rep.",KOR,2006,8437000000.0,6155000.0,2.18505558722365,11610000.0,5.59110590564065,1053216909887.56,2.24234028518921,Asia,0.8010695537447003,1.8715286162762634,2.1915988709945156
"Korea, Rep.",KOR,2007,9253000000.0,6448000.0,2.03713741353779,13325000.0,5.61865713381562,1172614086539.86,2.53457382137932,Asia,0.7890916633368849,9.671684247955437,4.76035743298131
"Korea, Rep.",KOR,2008,13440000000.0,6891000.0,2.56510578198509,11996000.0,4.13619851592881,1047339010225.25,4.67389655533408,Asia,1.28325211500615,45.25018912785044,6.870347394540932
"Korea, Rep.",KOR,2009,13262000000.0,7818000.0,3.03845099942173,9494000.0,4.1118328013888,943941876218.743,2.7564965449393,Asia,1.4049593872373927,-1.3244047619047628,13.452329124945583
"Korea, Rep.",KOR,2010,14315000000.0,8798000.0,2.61803851397098,12488000.0,4.05363322575254,1143672241149.72,2.93928652655686,Asia,1.2516697953260894,7.9399788870456955,12.53517523663341
"Korea, Rep.",KOR,2011,17329000000.0,9795000.0,2.55675685963746,12694000.0,3.35365673997367,1253289537500.81,4.0259650043609,Asia,1.3826812944242584,21.054837582954946,11.332120936576494
"Korea, Rep.",KOR,2012,18731000000.0,11140000.0,2.65011656070303,13737000.0,3.45773114398976,1278046536287.01,2.18707104433314,Asia,1.4655960849764857,8.090484159501422,13.731495661051563
"Korea, Rep.",KOR,2013,19457000000.0,12176000.0,2.69593019429347,14846000.0,3.77577640067967,1370632955321.2,1.30134754547413,Asia,1.4195631240633904,3.875927606641394,9.299820466786347
"Korea, Rep.",KOR,2014,22390000000.0,14202000.0,3.08700359079596,16081000.0,4.06821513909619,1484488526271.8,1.27477446401322,Asia,1.5082635940764784,15.07426633088349,16.639290407358743
"Korea, Rep.",KOR,2015,18711000000.0,13232000.0,2.92094162628276,19310000.0,5.22627272742568,1466038936206.43,0.70633177245575,Asia,1.2762962522958081,-16.43144260830728,-6.830023940290097
"Korea, Rep.",KOR,2016,20924000000.0,17242000.0,3.44862140848265,22383000.0,5.87397576770757,1499679823909.61,0.971685739912168,Asia,1.3952311464357707,11.827267382822937,30.305320435308335
"Korea, Rep.",KOR,2017,17173000000.0,13336000.0,2.56309033501664,26496000.0,5.80845370846327,1623074183501.9,1.94433230786366,Asia,1.058053918579865,-17.926782641942264,-22.653984456559563
"Korea, Rep.",KOR,2018,23104000000.0,15347000.0,3.16517431474195,28696000.0,5.85650680363374,1725373496825.43,1.47583935002645,Asia,1.3390723830237217,34.53677284108776,15.079484103179364
"Korea, Rep.",KOR,2019,25456000000.0,17503000.0,3.85401028422418,28714000.0,5.816736346578,1651422932447.77,0.383000303608136,Asia,1.5414585506735479,10.180055401662047,14.048348211376815
"Korea, Rep.",KOR,2020,11776000000.0,2519000.0,1.93842025991556,4276000.0,3.08454876495258,1644312831906.17,0.537288023411737,Asia,0.716165426158517,-53.73978629792584,-85.60818145460777
Kosovo,XKX,1999,,,,,,5181776768.71247,-1.08481262327414,,,,
Kosovo,XKX,2000,,,,,,5181776768.71247,-1.08481262327414,,,,
Kosovo,XKX,2001,,,,,,5181776768.71247,-1.08481262327414,,,,
Kosovo,XKX,2002,,,,,,5181776768.71247,-1.08481262327414,,,,
Kosovo,XKX,2003,,,,,,5181776768.71247,-1.08481262327414,,,,
Kosovo,XKX,2004,,,,,,5181776768.71247,-1.06472696605525,,,,
Kosovo,XKX,2005,,,,,,5181776768.71247,-1.38518913159299,,,,
Kosovo,XKX,2006,,,,,,5181776768.71247,0.621646938601728,,,,
Kosovo,XKX,2007,,,,,,5181776768.71247,4.35849695328369,,,,
Kosovo,XKX,2008,,,,,,5181776768.71247,9.35041764658178,,,,
Kosovo,XKX,2009,,,,,,5015894692.97027,-2.41026401661229,,,,
Kosovo,XKX,2010,,,,,,5343950556.07185,3.48050763735842,,,,
Kosovo,XKX,2011,,,,,,6341613609.97976,7.3364177131527,,,,
Kosovo,XKX,2012,,,,,,6163484244.63408,2.47673782156533,,,,
Kosovo,XKX,2013,,,,,,6735328609.6594,1.76732428354892,,,,
Kosovo,XKX,2014,,,,,,7074394734.88431,0.428957808324092,,,,
Kosovo,XKX,2015,,,,,,6295848422.71573,-0.536929392740659,,,,
Kosovo,XKX,2016,,,,,,6682677289.98994,0.273169431045468,,,,
Kosovo,XKX,2017,,,,,,7180764703.35718,1.48823430592319,,,,
Kosovo,XKX,2018,,,,,,7878759714.82322,1.05379773654991,,,,
Kosovo,XKX,2019,,,,,,7899737577.47286,2.67599202639893,,,,
Kosovo,XKX,2020,,,,,,7717145217.81247,0.198227922994854,,,,
Kuwait,KWT,1999,342000000.0,1884000.0,2.48099077758979,1209000.0,21.6675428476621,30122365849.2518,2.99081035923166,Asia,1.1353689869897614,,
Kuwait,KWT,2000,394000000.0,1944000.0,1.84965449226123,1236000.0,25.0782719124744,37718743480.0751,1.81294613887089,Asia,1.0445735028478087,15.204678362573109,3.1847133757961776
Kuwait,KWT,2001,286000000.0,2072000.0,1.59767858552372,1666000.0,25.859181390335,34889559869.8326,1.29999999999999,Asia,0.819729457943925,-27.41116751269036,6.584362139917688
Kuwait,KWT,2002,320000000.0,2316000.0,1.88073023657577,1725000.0,24.4495762210381,38135788413.8276,0.888450148074907,Asia,0.83910681622088,11.888111888111897,11.776061776061786
Kuwait,KWT,2003,328000000.0,2602000.0,1.31524615394897,1774000.0,22.7336995822145,47874582231.588,0.961350293542112,Asia,0.6851234720197374,2.499999999999991,12.348877374784117
Kuwait,KWT,2004,398000000.0,3056000.0,1.21446499202717,1928000.0,20.8417903066271,59439090600.6108,1.24856443679889,Asia,0.6695930169495394,21.34146341463414,17.44811683320522
Kuwait,KWT,2005,413000000.0,3474000.0,0.824723373408285,2173000.0,21.0239326830252,80798630136.9863,4.14297583631023,Asia,0.5111472797246664,3.7688442211055273,13.678010471204182
Kuwait,KWT,2006,508000000.0,3899000.0,0.782773314676848,2529000.0,22.5979920591064,101557330723.423,3.05701339166722,Asia,0.5002100748231223,23.002421307506047,12.233736327000578
Kuwait,KWT,2007,530000000.0,4482000.0,0.729074715606128,2649000.0,21.8189608621205,114634043361.692,5.48494983277596,Asia,0.4623408408684933,4.330708661417315,14.952551936393954
Kuwait,KWT,2008,610000000.0,4736000.0,0.616767915936729,2649000.0,21.5437726997883,147379737229.753,10.5827097865144,Asia,0.41389678897924737,15.094339622641506,5.667112896028548
Kuwait,KWT,2009,660000000.0,5088000.0,1.00168246770911,2649000.0,21.0682977653004,105968691905.415,4.60959548447787,Asia,0.6228254667794706,8.196721311475418,7.432432432432434
Kuwait,KWT,2010,574000000.0,5208000.0,0.753879309473883,2649000.0,20.0994961443532,115416305425.424,4.49640287769787,Asia,0.49733007644304544,-13.030303030303026,2.358490566037741
Kuwait,KWT,2011,644000000.0,5574000.0,0.57015501640299,2649000.0,21.3384317919604,154039231299.128,4.8394034987095,Asia,0.41807531404088855,12.195121951219523,7.027649769585254
Kuwait,KWT,2012,780000000.0,5729000.0,0.607101822226646,2649000.0,22.2172467465327,174047662555.419,3.25514600287211,Asia,0.4481531027465755,21.118012422360245,2.780767850735555
Kuwait,KWT,2013,619000000.0,6217000.0,0.507690704488938,2649000.0,22.6855690311967,174168116687.215,2.68229684085039,Asia,0.3554037396589926,-20.641025641025646,8.51806598010123
Kuwait,KWT,2014,615000000.0,6528000.0,0.553756936600815,2649000.0,23.9977436869909,162650450784.686,2.90892672858625,Asia,0.3781114635914086,-0.646203554119551,5.002412739263318
Kuwait,KWT,2015,931000000.0,6941000.0,1.51650872897582,2649000.0,25.7102262113583,114585555830.916,3.27170166092133,Asia,0.8124933315101217,51.38211382113822,6.326593137254899
Kuwait,KWT,2016,831000000.0,7055000.0,1.59361044400896,2649000.0,25.0083202056756,109406674087.947,3.19839776658374,Asia,0.7595514687997893,-10.741138560687435,1.6424146376602833
Kuwait,KWT,2017,643000000.0,7407000.0,1.06361822477313,2649000.0,23.7705737348219,120687539675.517,2.17183298510006,Asia,0.5327807673673546,-22.62334536702768,4.98936924167257
Kuwait,KWT,2018,919000000.0,8508000.0,1.07865245178358,2649000.0,20.992662623811,138646316321.596,0.543133148199567,Asia,0.6628376608783031,42.92379471228615,14.864317537464554
Kuwait,KWT,2019,1198000000.0,8565000.0,1.6448481879762,2649000.0,26.5515754378734,140856394870.02,1.09184802655856,Asia,0.850511615823687,30.359085963003274,0.6699576868829382
Kuwait,KWT,2020,524000000.0,2161000.0,1.10510263094138,2649000.0,15.2129196753516,111045470461.207,2.101729548274,Asia,0.47187876986216737,-56.26043405676127,-74.76941039112668
Kyrgyz Republic,KGZ,1999,18000000.0,165000.0,3.41230694556964,2273000.0,3.82602637176802,1249061487.01457,37.0309258369344,Asia,1.4410819793205292,,
Kyrgyz Republic,KGZ,2000,20000000.0,173000.0,3.49064435440008,2273000.0,4.27878295434792,1369688498.06778,18.7007342838023,Asia,1.4601860224579535,11.111111111111116,4.8484848484848575
Kyrgyz Republic,KGZ,2001,32000000.0,199000.0,5.68346953225307,2273000.0,3.65910515827624,1525116370.27939,6.9196798942304,Asia,2.0982005454533175,60.00000000000001,15.02890173410405
Kyrgyz Republic,KGZ,2002,48000000.0,183000.0,7.4988652704067,2273000.0,3.75892417213477,1605643104.73021,2.13420986310243,Asia,2.989456365402276,50.0,-8.040201005025127
Kyrgyz Republic,KGZ,2003,62000000.0,342000.0,8.28298703585349,2273000.0,3.96507560025173,1919008090.49641,2.97461295184355,Asia,3.230835779538679,29.166666666666675,86.88524590163935
Kyrgyz Republic,KGZ,2004,92000000.0,398000.0,9.75625983349117,2273000.0,6.48060116267963,2211534585.0034,4.11065084723381,Asia,4.160007291943778,48.38709677419355,16.374269005847953
Kyrgyz Republic,KGZ,2005,94000000.0,319000.0,9.9339136767455,2273000.0,6.7344814111806,2460246766.41401,4.3386739184431,Asia,3.820754945529789,2.1739130434782705,-19.84924623115578
Kyrgyz Republic,KGZ,2006,189000000.0,766000.0,14.7113754822565,2273000.0,6.30511773799879,2834168889.42019,5.55212333162542,Asia,6.668621644444955,101.06382978723403,140.12539184952976
Kyrgyz Republic,KGZ,2007,392000000.0,1656000.0,19.3809374469042,2273000.0,6.6809387976996,3802570552.56105,10.2301032660484,Asia,10.308815959666708,107.40740740740739,116.18798955613579
Kyrgyz Republic,KGZ,2008,569000000.0,2379000.0,21.2246479405591,2273000.0,9.64968533194341,5139958909.17936,24.5201024234102,Asia,11.070127408680897,45.15306122448979,43.65942028985508
Kyrgyz Republic,KGZ,2009,300000000.0,2451000.0,12.8644147769196,2354000.0,7.66856320147591,4690061380.60253,6.83656248105368,Asia,6.396504771574209,-47.27592267135326,3.0264817150063017
Kyrgyz Republic,KGZ,2010,212000000.0,1224000.0,9.62783099844138,1342000.0,7.36035360172413,4794361863.01353,7.96772225579684,Asia,4.421860636667628,-29.333333333333332,-50.06119951040391
Kyrgyz Republic,KGZ,2011,405000000.0,3025000.0,12.6408406343368,3061000.0,8.06499088027136,6197765984.28468,16.6363262731495,Asia,6.5346126495730115,91.03773584905662,147.140522875817
Kyrgyz Republic,KGZ,2012,486000000.0,3393000.0,13.877359223297,3621000.0,8.24021200347667,6605142884.36215,2.76844236540957,Asia,7.357902902458292,19.999999999999996,12.165289256198353
Kyrgyz Republic,KGZ,2013,585000000.0,4134000.0,15.3314952849633,3993000.0,7.60556101308906,7335033800.59056,6.61375202358082,Asia,7.975423370958431,20.370370370370374,21.839080459770123
Kyrgyz Republic,KGZ,2014,468000000.0,3791000.0,14.2646431376491,3790000.0,8.80569552939544,7468102412.68237,7.5342472977589,Asia,6.266652144529244,-19.999999999999996,-8.297048863086598
Kyrgyz Republic,KGZ,2015,482000000.0,4000000.0,19.8760952650947,4008000.0,11.0375159566688,6678177511.66313,6.50331838993384,Asia,7.217538005813849,2.991452991452981,5.513057240833552
Kyrgyz Republic,KGZ,2016,477000000.0,3853000.0,19.7631005610588,4185000.0,12.2438272467437,6813095379.1187,0.388838296895799,Asia,7.001222989802057,-1.0373443983402453,-3.674999999999995
Kyrgyz Republic,KGZ,2017,480000000.0,4568000.0,18.6549761426103,4446000.0,8.31490585541971,7702938379.42036,3.1753098637994,Asia,6.231388287908382,0.6289308176100628,18.556968595899303
Kyrgyz Republic,KGZ,2018,518000000.0,6947000.0,18.9436719036374,6839000.0,7.69462460366731,8271106235.41552,1.54266145238436,Asia,6.262765647743816,7.916666666666661,52.07968476357267
Kyrgyz Republic,KGZ,2019,708000000.0,8508000.0,22.7821221029222,5314000.0,9.15313732984512,9371275264.36735,1.13362257718804,Asia,7.555001640940453,36.679536679536675,22.470130991795024
Kyrgyz Republic,KGZ,2020,195000000.0,8508000.0,8.00683978454576,5314000.0,4.56694303320836,8270468614.24051,6.32542296338078,Asia,2.357786591006937,-72.45762711864407,0.0
Lao PDR,LAO,1999,86000000.0,614000.0,22.355081881986,1686000.0,3.42741935483871,1454430642.44959,125.27212839928,Asia,5.912966730070852,,
Lao PDR,LAO,2000,97000000.0,737000.0,22.29809298320515,1686000.0,2.0930800955653615,1731198022.46763,25.0846414281315,Asia,5.603056307893496,12.790697674418606,20.032573289902288
Lao PDR,LAO,2001,108000000.0,674000.0,22.2411040844243,1686000.0,0.758740836292013,1768619058.34647,7.81180794783471,Asia,6.106459132074045,11.340206185567014,-8.548168249660792
Lao PDR,LAO,2002,110000000.0,736000.0,23.0705956988444,1686000.0,0.903963582395768,1758176653.07746,10.6313446323333,Asia,6.256481668520582,1.85185185185186,9.198813056379818
Lao PDR,LAO,2003,77000000.0,636000.0,16.6352132010995,1686000.0,1.01938392574708,2023324407.28414,15.4893529233525,Asia,3.8056181066562256,-30.000000000000004,-13.586956521739136
Lao PDR,LAO,2004,122000000.0,895000.0,22.504472420546,1686000.0,1.07511460051223,2366398119.86321,10.4622667314208,Asia,5.155514576180115,58.44155844155845,40.72327044025157
Lao PDR,LAO,2005,143000000.0,1095000.0,18.8825262636388,1686000.0,1.08584801613141,2735558734.7379,7.16541759946639,Asia,5.227451276556164,17.21311475409837,22.3463687150838
Lao PDR,LAO,2006,160000000.0,1215000.0,14.4736022400079,1686000.0,1.36658053014857,3455030060.9785,6.54559439052787,Asia,4.630929316854811,11.888111888111897,10.95890410958904
Lao PDR,LAO,2007,190000000.0,1624000.0,15.8223420140224,1686000.0,1.26300316031047,4223152739.04052,4.66197269469701,Asia,4.4990084834858965,18.75,33.66255144032921
Lao PDR,LAO,2008,280000000.0,1737000.0,18.7474824073427,1686000.0,3.37507315197626,5446433157.40114,7.62880887577516,Asia,5.140979277777584,47.36842105263157,6.958128078817727
Lao PDR,LAO,2009,271000000.0,2008000.0,18.6904548416207,1686000.0,5.69921316473426,5836137329.63305,0.141187674980385,Asia,4.643482233085821,-3.214285714285714,15.60161197466896
Lao PDR,LAO,2010,385000000.0,2513000.0,17.0550274258009,1686000.0,9.25309564346519,7131771014.70456,5.98254521550082,Asia,5.398378596370974,42.066420664206646,25.149402390438258
Lao PDR,LAO,2011,413000000.0,2724000.0,17.1824085442791,1788000.0,9.00647298353307,8750104617.17303,7.5689885610998,Asia,4.71994356718253,7.272727272727275,8.39633903700756
Lao PDR,LAO,2012,461000000.0,3330000.0,16.2489541320854,2052000.0,16.2215424607214,10192846339.4029,4.2551267783209,Asia,4.522779846272121,11.622276029055701,22.246696035242298
Lao PDR,LAO,2013,613000000.0,3779000.0,20.1179738787085,2857000.0,22.078538546965,11983252626.5452,6.37142717782947,Asia,5.1154725607810985,32.97180043383947,13.483483483483493
Lao PDR,LAO,2014,642400024.414063,4159000.0,15.897429714732,3320000.0,17.2054562516286,13279245886.3854,4.12924306873771,Asia,4.837624289137429,4.796088811429522,10.055570256681667
Lao PDR,LAO,2015,725000000.0,4684000.0,16.1205037073354,3067000.0,14.8360621511737,14426380125.6488,1.27735427102992,Asia,5.025515712781029,12.858028089472274,12.623226737196447
Lao PDR,LAO,2016,717000000.0,4239000.0,14.115181120958,3059000.0,14.2631725802685,15912501722.6143,1.59691227583204,Asia,4.505891106871173,-1.1034482758620734,-9.500426985482491
Lao PDR,LAO,2017,655000000.0,3869000.0,11.5852990699344,3049000.0,13.7093934964249,17071155481.4994,0.825478607568026,Asia,3.8368814618895954,-8.647140864714087,-8.72847369662656
Lao PDR,LAO,2018,833000000.0,4186000.0,13.0295254709472,3207000.0,13.2865845614485,18141641089.7963,2.04039266890201,Asia,4.591646344875149,27.17557251908398,8.19333161023521
Lao PDR,LAO,2019,974000000.0,4791000.0,13.9438000244009,2690000.0,13.6868446048145,18740561512.5555,3.32255881256925,Asia,5.197282906104255,16.92677070828332,14.452938365981849
Lao PDR,LAO,2020,227000000.0,886400.024414063,3.51311833187478,707000.0,4.47051867844533,18981805250.2424,5.10407262959919,Asia,1.1958820407616455,-76.69404517453799,-81.49864277991938
Latvia,LVA,1999,153000000.0,1738000.0,5.77794561933535,2256000.0,9.61279310035037,7324192889.74297,2.36481836111807,Europe,2.088967375699048,,
Latvia,LVA,2000,172000000.0,1882000.0,7.34163582745434,2596000.0,10.1134778434638,7761252607.18424,2.65425477796048,Europe,2.216137119938441,12.418300653594772,8.285385500575382
Latvia,LVA,2001,153000000.0,2061000.0,6.00236925623886,2697000.0,7.99186695309498,8190888739.6463,2.48704003555457,Europe,1.8679291693883617,-11.046511627906973,9.511158342189162
Latvia,LVA,2002,201000000.0,2297000.0,6.91538965043453,2306000.0,7.26284862000849,9249030241.01864,1.93887573855896,Europe,2.173200808757037,31.372549019607842,11.450752062105774
Latvia,LVA,2003,271000000.0,2524000.0,6.94143884001396,2286000.0,7.0078189152281,11244337719.8377,2.94264752948473,Europe,2.4101019264290793,34.82587064676616,9.882455376578147
Latvia,LVA,2004,343000000.0,3127000.0,6.37397970179676,2457000.0,5.70800230447468,13827070378.5612,6.1923854719744,Europe,2.480641166995286,26.568265682656822,23.890649762282102
Latvia,LVA,2005,446000000.0,3791000.0,6.13509194421244,2959000.0,6.7472963125414,16306935905.4138,6.74845027893112,Europe,2.7350325198244683,30.029154518950428,21.23440997761432
Latvia,LVA,2006,622000000.0,4649000.0,7.18530050965257,3151000.0,6.01285128871768,20434922247.3037,6.53619908765877,Europe,3.043808987734564,39.46188340807175,22.6325507781588
Latvia,LVA,2007,880000000.0,5209000.0,7.25171850508645,3398000.0,5.72061616847737,29420499247.7089,10.0929775849168,Europe,2.9911117163265994,41.4790996784566,12.04560120456013
Latvia,LVA,2008,880000000.0,5496000.0,7.25171850508645,3782000.0,5.72061616847737,34135200994.0067,15.4023191064986,Europe,2.577983941428985,0.0,5.509694759070838
Latvia,LVA,2009,880000000.0,4727000.0,7.25171850508645,3268000.0,5.72061616847737,25691530442.035,3.53410672858944,Europe,3.4252533222395924,0.0,-13.991994177583699
Latvia,LVA,2010,880000000.0,5042000.0,7.25171850508645,3332000.0,5.72061616847737,23468324572.3343,-1.08463595015162,Europe,3.7497350835065166,0.0,6.6638459911148695
Latvia,LVA,2011,880000000.0,5538000.0,7.25171850508645,3257000.0,5.72061616847737,26575547900.8247,4.3707355993922,Europe,3.311314608767451,0.0,9.837366124553748
Latvia,LVA,2012,880000000.0,5569000.0,7.25171850508645,1830000.0,5.72061616847737,27116149948.6683,2.25778924374595,Europe,3.245298472186748,0.0,0.5597688696280301
Latvia,LVA,2013,880000000.0,5822000.0,7.25171850508645,1776000.0,5.72061616847737,29152128167.8438,-0.0294547782579216,Europe,3.018647540698872,0.0,4.543005925659904
Latvia,LVA,2014,880000000.0,6246000.0,7.25171850508645,1846000.0,5.72061616847737,30277203767.4058,0.620490636732421,Europe,2.9064771197508765,0.0,7.282720714531088
Latvia,LVA,2015,880000000.0,6842000.0,7.25171850508645,1720000.0,5.72061616847737,26344565876.8902,0.174242243625186,Europe,3.340347319110495,0.0,9.542106948447016
Latvia,LVA,2016,880000000.0,6797000.0,7.25171850508645,1939000.0,5.72061616847737,27117105059.5075,0.140633334505327,Europe,3.245184167221656,0.0,-0.6577024261911757
Latvia,LVA,2017,880000000.0,7726000.0,7.25171850508645,2055000.0,5.72061616847737,29391059767.4259,2.93036312374665,Europe,2.994107755771718,0.0,13.667794615271433
Latvia,LVA,2018,880000000.0,7775000.0,7.25171850508645,2175000.0,5.72061616847737,33247935477.3576,2.53445424186598,Europe,2.6467808823777785,0.0,0.63422210717059
Latvia,LVA,2019,880000000.0,8342000.0,7.25171850508645,2384000.0,5.72061616847737,33099503950.847,2.81140920075615,Europe,2.6586501154422324,0.0,7.2926045016077135
Latvia,LVA,2020,880000000.0,3204000.0,7.25171850508645,690000.0,5.72061616847737,33379927434.6149,0.219064904842156,Europe,2.6363148982985574,0.0,-61.59194437784704
Lebanon,LBN,1999,673000000.0,673000.0,60.2098476687325,,24.967663904469,17391056369.2265,1.19509671165543,Asia,3.86980517865996,,
Lebanon,LBN,2000,742000000.0,742000.0,60.2098476687325,,24.967663904469,17260364842.4544,1.19509671165543,Asia,4.298866256725595,10.252600297176828,10.252600297176828
Lebanon,LBN,2001,837000000.0,837000.0,60.2098476687325,,24.967663904469,17649751243.7811,1.19509671165543,Asia,4.7422764685984875,12.803234501347704,12.803234501347704
Lebanon,LBN,2002,3809500000.0,956000.0,60.2098476687325,,24.967663904469,19152238805.9701,1.19509671165543,Asia,19.89062500000005,355.1373954599761,14.217443249701311
Lebanon,LBN,2003,6782000000.0,1016000.0,60.2098476687325,,24.967663904469,20082918739.6352,1.19509671165543,Asia,33.76999174236161,78.02861267882923,6.2761506276150625
Lebanon,LBN,2004,5931000000.0,1278000.0,50.1231146176917,,21.7019922424527,21159827992.0398,1.19509671165543,Asia,28.029528416919113,-12.54792096726629,25.787401574803148
Lebanon,LBN,2005,5969000000.0,1140000.0,45.1339004803129,,21.1580494680142,21497336498.8391,1.19509671165543,Asia,27.766230483122122,0.6407013994267352,-10.7981220657277
Lebanon,LBN,2006,5457000000.0,1063000.0,37.6692297072139,,21.3059734331359,22022709851.4096,1.19509671165543,Asia,24.778966970092085,-8.577651197855584,-6.754385964912279
Lebanon,LBN,2007,5796000000.0,1017000.0,35.4869909144409,,18.2502649371827,24827355014.9254,1.19509671165543,Asia,23.34521738830267,6.212204507971419,-4.327375352775165
Lebanon,LBN,2008,6317000000.0,1333000.0,28.5977068591733,,14.8226380009223,29118916105.4726,1.19509671165543,Asia,21.6938019846583,8.988957902001381,31.071779744346117
Lebanon,LBN,2009,7157000000.0,1844000.0,33.9241730844647,,16.7407935885124,35399582928.6899,1.19509671165543,Asia,20.217752323289513,13.297451321829978,38.334583645911465
Lebanon,LBN,2010,8026000000.0,2168000.0,38.7189789490194,,16.1076165271347,38443907042.1227,3.98347941855833,Asia,20.877170447857893,12.14195892133576,17.570498915401302
Lebanon,LBN,2011,6797000000.0,1655000.0,29.0731851636524,,14.3198266427963,39927125961.5257,4.97148571692384,Asia,17.02351430591242,-15.312733615748819,-23.662361623616235
Lebanon,LBN,2012,7361000000.0,1366000.0,36.5588373562153,,14.0786170462953,44016799515.7546,6.58147447683677,Asia,16.723160431883134,8.297778431661019,-17.46223564954683
Lebanon,LBN,2013,7032000000.0,1274000.0,35.2043629182913,,14.0827962836898,46880103080.597,4.82101956297399,Asia,14.99996701779959,-4.469501426436628,-6.734992679355778
Lebanon,LBN,2014,6835000000.0,1355000.0,36.2570893051003,,15.6333603193341,48095213746.6003,1.8546042134091,Asia,14.211393333256876,-2.8014789533560847,6.357927786499218
Lebanon,LBN,2015,7087000000.0,1518000.0,36.4159582257013,,16.7931426948456,49929337836.8159,-3.74914524799629,Asia,14.194059659197661,3.686905632772497,12.029520295202945
Lebanon,LBN,2016,7373000000.0,1688000.0,39.0473817702466,,16.9477990345439,51147308774.1294,-0.783359624361508,Asia,14.415225701433787,4.035558064060951,11.198945981554687
Lebanon,LBN,2017,8086000000.0,1857000.0,42.6928522281916,,17.786037595921,53027680685.9038,4.32135218303191,Asia,15.248639758346963,9.670419096704187,10.011848341232232
Lebanon,LBN,2018,8694000000.0,1964000.0,45.3738610923508,,19.5078953098769,54901519155.5556,6.07698907889607,Asia,15.835627381032563,7.519168933959941,5.761981690899298
Lebanon,LBN,2019,8717000000.0,1936000.0,47.8734821805108,,20.8529410133,51605959131.2741,3.00538949390383,Asia,16.891460107980723,0.2645502645502562,-1.4256619144602856
Lebanon,LBN,2020,2369000000.0,1936000.0,27.0025958418371,,11.173483480162,31712128253.7961,84.8643330472041,Asia,7.470328011543718,-72.82321899736148,0.0
Lesotho,LSO,1999,23100000.3814697,308000.0,10.146718158786,,1.53993364816041,912773681.050642,6.13197538722696,Africa,2.5307478579882585,,
Lesotho,LSO,2000,23100000.3814697,302000.0,10.146718158786,,18.7118043049543,887291687.920796,6.13197538722696,Africa,2.603428015380182,0.0,-1.9480519480519431
Lesotho,LSO,2001,23100000.3814697,295000.0,10.146718158786,,17.0706556663767,825706961.238689,-9.61615353858472,Africa,2.797602716927093,0.0,-2.3178807947019875
Lesotho,LSO,2002,23100000.3814697,287000.0,10.146718158786,,17.3795888848199,775777238.55814,33.812578338126,Africa,2.977658950706439,0.0,-2.7118644067796627
Lesotho,LSO,2003,23100000.3814697,329000.0,10.146718158786,,17.8992417424656,1157825434.78971,6.62916357146762,Africa,1.995119444380252,0.0,14.634146341463406
Lesotho,LSO,2004,23100000.3814697,304000.0,10.146718158786,,17.3745945240439,1511236655.52047,5.02342068616285,Africa,1.528549502626646,0.0,-7.598784194528873
Lesotho,LSO,2005,23100000.3814697,304000.0,10.146718158786,,16.3647457215556,1682343527.49221,3.43788423057443,Africa,1.3730846289107066,0.0,0.0
Lesotho,LSO,2006,23100000.3814697,357000.0,10.146718158786,,15.150990641351,1800092563.75462,6.07271879734293,Africa,1.2832673633897962,0.0,17.434210526315795
Lesotho,LSO,2007,23100000.3814697,300000.0,10.146718158786,,14.6742367175399,1682131784.51365,8.01243669043409,Africa,1.373257469726044,0.0,-15.966386554621847
Lesotho,LSO,2008,23100000.3814697,293000.0,10.146718158786,,12.8181354040393,1766902709.19935,10.7156661309681,Africa,1.3073725146947779,0.0,-2.3333333333333317
Lesotho,LSO,2009,23100000.3814697,344000.0,10.146718158786,,12.0642557427219,1740894964.80511,-16.8596910540644,Africa,1.3269037390808758,0.0,17.40614334470989
Lesotho,LSO,2010,23100000.3814697,426000.0,10.146718158786,,11.5085392306261,2234754241.91918,-2.40524254598706,Africa,1.0336707253157151,0.0,23.83720930232558
Lesotho,LSO,2011,23100000.3814697,398000.0,10.146718158786,,11.3498935666205,2579409619.96722,5.0366305210156,Africa,0.895553781092096,0.0,-6.572769953051639
Lesotho,LSO,2012,23100000.3814697,423000.0,10.146718158786,,9.31352987316022,2477702216.26888,6.05143662139967,Africa,0.9323154425012183,0.0,6.281407035175879
Lesotho,LSO,2013,23100000.3814697,433000.0,10.146718158786,,9.37866532285306,2367112931.642,4.86511899496385,Africa,0.975872341056659,0.0,2.3640661938534313
Lesotho,LSO,2014,23100000.3814697,1079000.0,10.146718158786,,8.16334228369129,2441063054.05792,5.37028961008587,Africa,0.9463090411806133,0.0,149.1916859122402
Lesotho,LSO,2015,23100000.3814697,1082000.0,10.146718158786,,8.91121245646529,2359686724.53829,3.21844513655931,Africa,0.9789435242082647,0.0,0.2780352177942591
Lesotho,LSO,2016,23100000.3814697,1196000.0,10.146718158786,,13.1449130581135,2114426452.2019,6.59650490696543,Africa,1.0924948634375085,0.0,10.536044362292053
Lesotho,LSO,2017,23100000.3814697,1137000.0,10.146718158786,,13.5212683726828,2306741672.29006,4.447699373763,Africa,1.0014125404227319,0.0,-4.933110367892979
Lesotho,LSO,2018,23100000.3814697,1173000.0,10.146718158786,,14.3332784313725,2556247291.99785,4.7518030162474,Africa,0.9036684539004738,0.0,3.16622691292876
Lesotho,LSO,2019,23100000.3814697,1142000.0,10.146718158786,,14.4340718149484,2390702295.82777,5.18708359197982,Africa,0.9662432843179006,0.0,-2.6427962489343537
Lesotho,LSO,2020,23100000.3814697,1142000.0,10.146718158786,,13.9487639779289,2053699870.07191,4.97809676252309,Africa,1.1247992327457692,0.0,0.0
Liberia,LBR,1999,59000000.0,,18.6012587480718,,2.73925796283964,441800000.0,14.1596470116325,Africa,13.354459031235855,,
Liberia,LBR,2000,59000000.0,,18.6012587480718,,2.73925796283964,874000000.0,14.1596470116325,Africa,6.750572082379863,0.0,
Liberia,LBR,2001,59000000.0,,18.6012587480718,,2.73925796283964,906000000.0,14.1596470116325,Africa,6.512141280353201,0.0,
Liberia,LBR,2002,59000000.0,,18.6012587480718,,2.73925796283964,927000000.0,14.1596470116325,Africa,6.3646170442286945,0.0,
Liberia,LBR,2003,59000000.0,,18.6012587480718,,2.73925796283964,748000000.0,10.3302881236823,Africa,7.887700534759358,0.0,
Liberia,LBR,2004,59000000.0,,18.6012587480718,,2.73925796283964,897000000.0,7.82908704883235,Africa,6.577480490523968,0.0,
Liberia,LBR,2005,67000000.0,,19.3920983936474,,2.84026013313403,949000000.0,10.8343588481414,Africa,7.060063224446786,13.559322033898313,
Liberia,LBR,2006,124000000.0,,25.247762559166,,2.38964592928317,1119000000.0,7.34144608278558,Africa,11.081322609472743,85.07462686567165,
Liberia,LBR,2007,131000000.0,,24.1531739222243,,2.74707918525198,1373000000.0,11.3918966807102,Africa,9.541150764748725,5.645161290322576,
Liberia,LBR,2008,158000000.0,,20.8286673267937,,2.71036287280888,1726000000.0,17.489448642993,Africa,9.154113557358054,20.610687022900763,
Liberia,LBR,2009,123000000.0,,27.0881662552645,,2.9926665164425,1768000000.0,7.42764305914919,Africa,6.957013574660634,-22.151898734177212,
Liberia,LBR,2010,123000000.0,,27.0881662552645,,2.9926665164425,1998000000.0,7.28992796890218,Africa,6.156156156156156,0.0,
Liberia,LBR,2011,123000000.0,,27.0881662552645,,2.9926665164425,2398000000.0,8.488167518494,Africa,5.129274395329441,0.0,
Liberia,LBR,2012,123000000.0,,27.0881662552645,,2.9926665164425,2791614000.0,6.83178703418548,Africa,4.406053272408005,0.0,
Liberia,LBR,2013,123000000.0,,27.0881662552645,,2.9926665164425,3177198100.0,7.577306817414,Africa,3.8713355645025724,0.0,
Liberia,LBR,2014,123000000.0,,27.0881662552645,,2.9926665164425,3225652000.0,9.86111285574904,Africa,3.8131825751817,0.0,
Liberia,LBR,2015,123000000.0,,27.0881662552645,,2.9926665164425,3227075700.0,7.74869687621322,Africa,3.811500300411298,0.0,
Liberia,LBR,2016,123000000.0,,27.0881662552645,,2.9926665164425,3398419600.0,8.83424868336488,Africa,3.619329408293196,0.0,
Liberia,LBR,2017,123000000.0,,27.0881662552645,,2.9926665164425,3390703400.0,12.4196323907138,Africa,3.627565890900396,0.0,
Liberia,LBR,2018,123000000.0,,27.0881662552645,,2.9926665164425,3422754800.0,23.5635148953742,Africa,3.593596596519272,0.0,
Liberia,LBR,2019,123000000.0,,27.0881662552645,,2.9926665164425,3319596500.0,26.9662760197878,Africa,3.705269601290398,0.0,
Liberia,LBR,2020,123000000.0,,27.0881662552645,,2.9926665164425,3176126300.0,16.9557241496255,Africa,3.8726419664104665,0.0,
Libya,LBY,1999,39000000.0,965000.0,0.53170546664903,,10.8491536401809,35975860857.1164,2.64862252295818,Africa,0.10840602301330447,,
Libya,LBY,2000,84000000.0,963000.0,0.687960687960688,,9.85270700636943,38270954138.1128,-2.90000000000024,Africa,0.21948760330578518,115.38461538461537,-0.2072538860103612
Libya,LBY,2001,90000000.0,953000.0,0.831946755407654,,9.76275814985492,34112093927.254,-8.81393752145546,Africa,0.26383604651162773,7.14285714285714,-1.0384215991692591
Libya,LBY,2002,202000000.0,858000.0,1.97034724931721,,7.30563002680965,20481889763.7795,-9.79764705882357,Africa,0.986237121328619,124.44444444444444,-9.968520461699892
Libya,LBY,2003,243000000.0,958000.0,1.82432432432432,,7.83221552802092,26265625000.0,-2.19115191986644,Africa,0.9251635930993457,20.297029702970292,11.65501165501166
Libya,LBY,2004,261000000.0,680333.3333333333,1.46120255290561,,7.38625725519566,33122307692.3077,-2.197567740559,Africa,0.7879885738173202,7.407407407407418,-28.983994432846217
Libya,LBY,2005,301000000.0,402666.6666666666,1.02440186502399,,6.80322413665607,47334691241.4924,2.65020576131657,Africa,0.6358972502099073,15.325670498084287,-40.813326800587944
Libya,LBY,2006,244000000.0,125000.0,0.642748011169064,,5.79737692453906,60094231606.642,1.45926876202724,Africa,0.4060289872697724,-18.93687707641196,-68.9569536423841
Libya,LBY,2007,99000000.0,106000.0,0.210470369386128,,4.96912745073922,68032978390.6007,6.25098782993553,Africa,0.145517662671781,-59.42622950819671,-15.200000000000003
Libya,LBY,2008,99000000.0,760000.0,0.159272046307945,,5.14950485530238,86710767415.1371,10.3607288954998,Africa,0.11417267191977079,0.0,616.9811320754717
Libya,LBY,2009,159000000.0,760000.0,0.424679487179487,,6.21836319970441,60808562033.4191,2.45990025609948,Africa,0.2614763360340884,60.606060606060595,0.0
Libya,LBY,2010,170000000.0,760000.0,0.344512423725963,,7.11715939308619,75380825062.4216,2.79989500109268,Africa,0.22552154325616078,6.91823899371069,0.0
Libya,LBY,2011,170000000.0,760000.0,0.344512423725963,,7.63089318182354,48169263294.1007,15.5184815317561,Africa,0.352922150712693,0.0,0.0
Libya,LBY,2012,170000000.0,760000.0,0.344512423725963,,8.14462697056089,92540938129.1315,6.05980392156864,Africa,0.18370248177383097,0.0,0.0
Libya,LBY,2013,170000000.0,760000.0,0.344512423725963,,6.1099221561111,75351107029.0605,2.60581802719517,Africa,0.22561048762619568,0.0,0.0
Libya,LBY,2014,170000000.0,760000.0,0.344512423725963,,3.49836830821549,57372355592.022,2.43294141599225,Africa,0.29630995319222975,0.0,0.0
Libya,LBY,2015,170000000.0,760000.0,0.344512423725963,,5.05527128217045,48717501321.3052,10.4022933588151,Africa,0.34895057297541526,0.0,0.0
Libya,LBY,2016,170000000.0,760000.0,0.344512423725963,,7.03896103896104,49912073701.298,25.8538742124461,Africa,0.34059895210400576,0.0,0.0
Libya,LBY,2017,170000000.0,760000.0,0.344512423725963,,13.2653196247337,67157452181.7738,25.8036184788338,Africa,0.2531364643492791,0.0,0.0
Libya,LBY,2018,170000000.0,760000.0,0.344512423725963,,10.8335809176181,76686029772.1483,13.1702038536721,Africa,0.22168314164275918,0.0,0.0
Libya,LBY,2019,170000000.0,760000.0,0.344512423725963,,10.8335809176181,69254496471.6938,-2.16217883470595,Africa,0.24547142591598167,0.0,0.0
Libya,LBY,2020,170000000.0,760000.0,0.344512423725963,,10.8335809176181,46854285440.642,1.44703656998741,Africa,0.3628270037654653,0.0,0.0
Liechtenstein,LIE,1999,,60000.0,,,,2664105901.18863,,Europe,,,
Liechtenstein,LIE,2000,,61599.9984741211,,,,2483889858.32312,,Europe,,,2.6666641235351785
Liechtenstein,LIE,2001,,56500.0,,,,2491800558.77674,,Europe,,,-8.279218507227192
Liechtenstein,LIE,2002,,48700.0007629395,,,,2688618747.38148,,Europe,,,-13.805308384177884
Liechtenstein,LIE,2003,,49000.0,,,,3070803051.42164,,Europe,,,0.6160148508432828
Liechtenstein,LIE,2004,,48500.0,,,,3454373797.74442,,Europe,,,-1.0204081632653073
Liechtenstein,LIE,2005,,49799.9992370605,,,,3659319116.88057,,Europe,,,2.6804107980628933
Liechtenstein,LIE,2006,,54900.0015258789,,,,4000102086.14635,,Europe,,,10.24096860833492
Liechtenstein,LIE,2007,,72800.0030517578,,,,4601429897.21468,,Europe,,,32.60473775659396
Liechtenstein,LIE,2008,,72900.0015258789,,,,5081479840.08716,,Europe,,,0.1373605356170371
Liechtenstein,LIE,2009,,66500.0,,,,4504375348.07038,,Europe,,,-8.779151429245113
Liechtenstein,LIE,2010,,64300.0030517578,,,,5082337238.44718,,Europe,,,-3.3082660875822567
Liechtenstein,LIE,2011,,67000.0,,,,5739706004.89616,,Europe,,,4.199061928611192
Liechtenstein,LIE,2012,,62400.0015258789,,,,5456102482.28614,,Europe,,,-6.865669364359849
Liechtenstein,LIE,2013,,59599.9984741211,,,,6391708310.67727,,Europe,,,-4.487184268091027
Liechtenstein,LIE,2014,,61299.9992370605,,,,6657526979.72277,,Europe,,,2.852350346414112
Liechtenstein,LIE,2015,,56700.0007629395,,,,6268515276.17441,,Europe,,,-7.504075907622454
Liechtenstein,LIE,2016,,69099.9984741211,,,,6237302033.50132,,Europe,,,21.86948420516872
Liechtenstein,LIE,2017,,79300.0030517578,,,,6474308717.85289,,Europe,,,14.761222580137613
Liechtenstein,LIE,2018,,85300.0030517578,,,,6692620691.84146,,Europe,,,7.566203996340204
Liechtenstein,LIE,2019,,98099.9984741211,,,,6436467007.11932,,Europe,,,15.00585576133755
Liechtenstein,LIE,2020,,58400.0015258789,,,,6405870210.32293,,Europe,,,-40.46890679485088
Lithuania,LTU,1999,591000000.0,4454000.0,16.1794910578198,4362000.0,7.36538961332757,11022095813.552,0.727550626557424,Europe,5.361956655043296,,
Lithuania,LTU,2000,430000000.0,4092000.0,9.68346334696525,4362000.0,5.05398175338312,11550695727.2335,0.981615478857598,Europe,3.7227194807510444,-27.241962774957695,-8.127525819488103
Lithuania,LTU,2001,425000000.0,4195000.0,8.05133912714012,4362000.0,3.82800939295697,12260761329.3051,1.36712030817819,Europe,3.46634265674991,-1.1627906976744207,2.5171065493646116
Lithuania,LTU,2002,556000000.0,3999000.0,8.8211634203688,4362000.0,4.72475857176895,14282292664.6004,0.281506610345575,Europe,3.8929324097809763,30.823529411764717,-4.6722288438617365
Lithuania,LTU,2003,700000000.0,3635000.0,8.64596714995312,4362000.0,5.18177047790446,18809197969.5431,-1.13430854990247,Europe,3.721583456846374,25.899280575539564,-9.102275568892226
Lithuania,LTU,2004,834000000.0,3789000.0,7.53823942915029,4362000.0,5.07830192310283,22743164431.1972,1.16410252104671,Europe,3.667035880266457,19.14285714285715,4.236588720770285
Lithuania,LTU,2005,834000000.0,3943000.0,7.53823942915029,4362000.0,5.07830192310283,26105207115.3129,2.65848484065262,Europe,3.1947649230133432,0.0,4.064396938506198
Lithuania,LTU,2006,834000000.0,4097000.0,7.53823942915029,4362000.0,5.07830192310283,30116192746.8942,3.73912004060664,Europe,2.7692743468910366,0.0,3.905655592188695
Lithuania,LTU,2007,834000000.0,4251000.0,7.53823942915029,3627000.0,5.07830192310283,39729151614.6689,5.73717382799842,Europe,2.099214219545701,0.0,3.758847937515264
Lithuania,LTU,2008,834000000.0,4459000.0,7.53823942915029,3847000.0,5.07830192310283,47831254207.5223,10.9258856241655,Europe,1.743629795659506,0.0,4.892966360856277
Lithuania,LTU,2009,834000000.0,4001000.0,7.53823942915029,3639000.0,5.07830192310283,37494380038.9213,4.45304456518535,Europe,2.2243333511162486,0.0,-10.271361291769454
Lithuania,LTU,2010,834000000.0,4073000.0,7.53823942915029,4311000.0,5.07830192310283,36638128534.0643,1.31921362055463,Europe,2.276317141102304,0.0,1.7995501124718816
Lithuania,LTU,2011,834000000.0,4504000.0,7.53823942915029,4020000.0,5.07830192310283,43186501862.7907,4.13027562645085,Europe,1.9311589594585126,0.0,10.581880677633194
Lithuania,LTU,2012,834000000.0,4979000.0,7.53823942915029,4108000.0,5.07830192310283,42709372066.8627,3.08998277055417,Europe,1.9527329942813254,0.0,10.546181172291291
Lithuania,LTU,2013,834000000.0,5264000.0,7.53823942915029,4228000.0,5.07830192310283,46303660422.0434,1.04747937065344,Europe,1.801153499309451,0.0,5.7240409720827445
Lithuania,LTU,2014,834000000.0,5217000.0,7.53823942915029,4292000.0,5.07830192310283,48306546656.9281,0.103758009433708,Europe,1.7264740655610251,0.0,-0.8928571428571397
Lithuania,LTU,2015,834000000.0,5048000.0,7.53823942915029,3981000.0,5.07830192310283,41540954817.2039,-0.884097405500596,Europe,2.007657271408226,0.0,-3.239409622388345
Lithuania,LTU,2016,834000000.0,5322000.0,7.53823942915029,4143000.0,5.07830192310283,42970749245.0336,0.905525075460342,Europe,1.940855150661332,0.0,5.427892234548337
Lithuania,LTU,2017,834000000.0,5590000.0,7.53823942915029,4294000.0,5.07830192310283,47756764508.446,3.72288862303707,Europe,1.746349461870482,0.0,5.035700864336712
Lithuania,LTU,2018,834000000.0,6115000.0,7.53823942915029,4702000.0,5.07830192310283,54261795148.5372,2.69792779208394,Europe,1.536993012702572,0.0,9.391771019677986
Lithuania,LTU,2019,834000000.0,6150000.0,7.53823942915029,4881000.0,5.07830192310283,55122066225.796,2.33450937988027,Europe,1.513005692826705,0.0,0.5723630417007408
Lithuania,LTU,2020,834000000.0,2284000.0,7.53823942915029,1643000.0,5.07830192310283,57412038533.2718,1.19989444983569,Europe,1.4526570059285997,0.0,-62.861788617886184
Luxembourg,LUX,1999,2497000000.0,863000.0,7.98620838522645,809000.0,7.78455631344901,21899317598.8414,1.02519676474932,Europe,11.40218177452299,,
Luxembourg,LUX,2000,2497000000.0,852000.0,7.98620838522645,950000.0,7.78455631344901,21230182989.3036,3.15076707022592,Europe,11.761556653836019,0.0,-1.274623406720743
Luxembourg,LUX,2001,2497000000.0,836000.0,7.98620838522645,923000.0,7.78455631344901,21387533703.2327,2.66382110579103,Europe,11.67502543606784,0.0,-1.8779342723004744
Luxembourg,LUX,2002,2497000000.0,885000.0,7.98620838522645,1049000.0,7.78455631344901,23649833332.1655,2.07408613571643,Europe,10.558213941422993,0.0,5.861244019138745
Luxembourg,LUX,2003,3051000000.0,867000.0,7.90390625814855,1021000.0,7.92084650706597,29667268248.1305,2.04984030563518,Europe,10.284061122453567,22.186623948738493,-2.033898305084747
Luxembourg,LUX,2004,3824000000.0,878000.0,7.79361795219138,1100000.0,7.28716046112546,35064843792.8993,2.22567916428889,Europe,10.905509867904694,25.335955424450994,1.2687427912341454
Luxembourg,LUX,2005,3770000000.0,913000.0,6.71484770090618,1185000.0,6.54894852779629,37672280120.4794,2.48769665164088,Europe,10.007358163464474,-1.4121338912133852,3.9863325740318922
Luxembourg,LUX,2006,3819000000.0,908000.0,5.54134350698782,1084000.0,5.59187428373788,42910146296.0646,2.66631494577069,Europe,8.89999296122244,1.299734748010617,-0.5476451259583737
Luxembourg,LUX,2007,4351000000.0,914000.0,5.31534617783609,1132000.0,5.38655689258342,51587401415.7872,2.31245861786127,Europe,8.434229832457643,13.93034825870647,0.6607929515418443
Luxembourg,LUX,2008,4918000000.0,877000.0,5.59905033964731,1190000.0,5.50664464268704,58844277701.5258,3.40187963025571,Europe,8.35765208121924,13.031487014479426,-4.048140043763682
Luxembourg,LUX,2009,4546000000.0,847000.0,6.08826334310202,1362000.0,6.50777188854344,54467289897.5582,0.368041997888887,Europe,8.346293727024227,-7.564050427002844,-3.420752565564422
Luxembourg,LUX,2010,4519000000.0,805000.0,5.26546816413962,1237000.0,5.44195272620564,56213985987.4168,2.2736791162154,Europe,8.038924692178124,-0.593928728552573,-4.958677685950407
Luxembourg,LUX,2011,5358000000.0,874000.0,5.36696197686872,1643000.0,4.91999631054816,61696281326.2453,3.41068341068342,Europe,8.68447803469272,18.56605443682231,8.571428571428562
Luxembourg,LUX,2012,5395000000.0,950000.0,5.28124318927209,1580000.0,3.88253701159269,59776383527.3602,2.66284165508021,Europe,9.02530344200341,0.6905561776782365,8.695652173913038
Luxembourg,LUX,2013,5629000000.0,945000.0,4.89123647935724,1624000.0,3.69377478901327,65203276466.9763,1.73403963519162,Europe,8.63300175237503,4.337349397590362,-0.5263157894736858
Luxembourg,LUX,2014,6033000000.0,1038000.0,4.79879146120357,1815000.0,3.4425452292122,68804811897.6445,0.628543985440717,Europe,8.768282091919412,7.177118493515722,9.84126984126985
Luxembourg,LUX,2015,6182000000.0,1090000.0,5.27560472346659,1702000.0,2.5460340393,60071584216.1375,0.474743161437779,Europe,10.291055381121913,2.469749709928726,5.009633911368017
Luxembourg,LUX,2016,5606000000.0,1054000.0,4.74362569162515,1588000.0,2.25189785538821,62216885435.9488,0.290833333333317,Europe,9.010415678507853,-9.317373018440634,-3.302752293577982
Luxembourg,LUX,2017,5472000000.0,1046000.0,4.26916915222136,2346000.0,2.53659570102402,65712180342.9836,1.73079959118887,Europe,8.327223311475878,-2.390296111309309,-0.7590132827324458
Luxembourg,LUX,2018,5642000000.0,1018000.0,4.03548024833655,2510000.0,2.52071495770835,71000359760.4611,1.5281952430738,Europe,7.946438608247636,3.10672514619883,-2.6768642447418722
Luxembourg,LUX,2019,5645000000.0,1041000.0,3.92733036812293,2548000.0,2.77150416114682,69890505323.5842,1.74332075653848,Europe,8.076919710144265,0.05317263381778847,2.259332023575644
Luxembourg,LUX,2020,4454000000.0,525000.0,2.9647860144973,1460000.0,2.01945119384139,73699366700.2134,0.819957302127036,Europe,6.043471198494171,-21.09831709477413,-49.56772334293949
"Macao SAR, China",MAC,1999,2598000000.0,7444000.0,64.4062799597727,629000.0,11.7483852424769,6547670439.26,-3.20416248186588,Asia,39.67823402384954,,
"Macao SAR, China",MAC,2000,3205000000.0,9162000.0,64.4062799597727,629000.0,11.7483852424769,6774193548.3871,-1.60971883961895,Asia,47.311904761904735,23.36412625096227,23.078989790435255
"Macao SAR, China",MAC,2001,3745000000.0,10279000.0,64.4062799597727,629000.0,11.7483852424769,6860272608.45211,-1.98465008641652,Asia,54.589667404557964,16.84867394695788,12.191661209342941
"Macao SAR, China",MAC,2002,4428000000.0,11531000.0,64.4062799597727,629000.0,11.7483852424769,7371692774.43404,-2.63751699816194,Asia,60.0676145288754,18.23765020026702,12.180173168596165
"Macao SAR, China",MAC,2003,5225000000.0,11888000.0,68.2315130439692,629000.0,9.85974150307774,8246479565.94248,-1.56245203671305,Asia,63.36037042496257,17.99909665763324,3.0960020813459277
"Macao SAR, China",MAC,2004,7431000000.0,16673000.0,73.6711869386322,629000.0,9.18161270808154,10643253553.184,0.980728452039424,Asia,69.81887599376947,42.22009569377991,40.250672947510104
"Macao SAR, China",MAC,2005,7181000000.0,18711000.0,69.9804489250855,629000.0,7.51403957506091,12160056122.3757,4.39589284335676,Asia,59.05400376225446,-3.364284753061497,12.223355125052482
"Macao SAR, China",MAC,2006,8482000000.0,21998000.0,72.6020862687647,645000.0,6.77121630204669,14874098691.9082,5.14997337750697,Asia,57.02530402473647,18.11725386436429,17.567206456095352
"Macao SAR, China",MAC,2007,11198000000.0,27003000.0,76.9840244006772,599000.0,6.36671688217275,18439981612.4086,5.57149689143953,Asia,60.726741682131944,32.02074982315493,22.7520683698518
"Macao SAR, China",MAC,2008,13749000000.0,22933000.0,82.0472158786912,606000.0,7.04557801088305,21027018332.6663,8.61101858636995,Asia,65.38730210093738,22.780853723879257,-15.072399363033739
"Macao SAR, China",MAC,2009,15182000000.0,21753000.0,89.5767829777365,671000.0,9.43765305589532,21587786905.8499,1.16906695453765,Asia,70.3268012891398,10.42257618735909,-5.145423625343392
"Macao SAR, China",MAC,2010,22688000000.0,24965000.0,91.8920756803914,753000.0,9.61512759765486,28241798491.593,2.80947242060845,Asia,80.33482714195327,49.440126465551316,14.765779432721926
"Macao SAR, China",MAC,2011,31118000000.0,28002000.0,93.4860024389904,908000.0,8.8716956143626,36845888757.1886,5.80624616691043,Asia,84.45446981904841,37.156205923836396,12.16503104346085
"Macao SAR, China",MAC,2012,36593000000.0,28082000.0,93.3390640436385,1291000.0,8.11838183133215,43189721376.9846,6.10738928336549,Asia,84.72617751014266,17.594318400925513,0.28569387900865273
"Macao SAR, China",MAC,2013,43755000000.0,29325000.0,93.6519859117127,1446000.0,7.81402232785154,51536595089.2793,5.50057779178484,Asia,84.90083585110955,19.572049299046256,4.426322911473535
"Macao SAR, China",MAC,2014,43412000000.0,31526000.0,92.3275418131011,1537000.0,7.64572734111152,54902831793.5018,6.04823452094085,Asia,79.07060270275197,-0.7839104102388306,7.5055413469735655
"Macao SAR, China",MAC,2015,31620000000.0,30715000.0,89.4081600119668,1466000.0,7.96538549959338,45048190598.3249,4.56056338028164,Asia,70.19149843762156,-27.162996406523543,-2.5724798578950714
"Macao SAR, China",MAC,2016,31155000000.0,30950000.0,90.1922046623701,1251000.0,9.36359433418886,45070808688.9611,2.36895749705898,Asia,69.12456400550585,-1.4705882352941124,0.7650984860817278
"Macao SAR, China",MAC,2017,36595000000.0,32611000.0,90.1882370599245,1391000.0,9.82234057411963,50383871120.8733,1.22812404052816,Asia,72.6323706096478,17.461081688332534,5.366720516962853
"Macao SAR, China",MAC,2018,41478000000.0,35804000.0,90.9085774438829,1780000.0,10.5945132267728,55190661339.7796,3.00446293166938,Asia,75.15401880155407,13.343352917065165,9.791174756983834
"Macao SAR, China",MAC,2019,41166000000.0,39406000.0,90.3622324071874,1765000.0,11.5406527337899,55082293844.1008,2.75193081051982,Asia,74.73544968281817,-0.7522059887169141,10.06032845492124
"Macao SAR, China",MAC,2020,9442000000.0,5897000.0,60.6106323166548,125000.0,5.82345148655526,25343525935.8358,0.811410511491651,Asia,37.25606304310243,-77.06359617159792,-85.03527381617013
Madagascar,MDG,1999,137000000.0,282000.0,18.7712389477012,,13.0597554915563,4277903780.29131,9.92953399348781,Africa,3.2025030724433634,,
Madagascar,MDG,2000,152000000.0,282000.0,18.4676786282804,,12.0373892091564,4629247203.84524,11.859684500028,Africa,3.2834712277569165,10.948905109489049,0.0
Madagascar,MDG,2001,149000000.0,282000.0,14.6800381546251,,14.8898676704049,5438332601.90798,7.91694484529586,Africa,2.7398103592951446,-1.9736842105263164,0.0
Madagascar,MDG,2002,109000000.0,282000.0,10.0398540766467,,11.9951399496841,5351701663.40807,16.4985255315846,Africa,2.0367353573776503,-26.84563758389261,0.0
Madagascar,MDG,2003,119000000.0,282000.0,14.6642939007748,,4.90327200706821,6372498889.66585,-1.70400479616298,Africa,1.867399305364805,9.174311926605494,0.0
Madagascar,MDG,2004,239000000.0,282000.0,26.0806318655556,,6.8980709714106,5064732626.29389,13.9558018033211,Africa,4.718906557065143,100.84033613445378,0.0
Madagascar,MDG,2005,275000000.0,282000.0,20.7537243298333,,7.62576640050424,5859269752.61332,18.3638246468932,Africa,4.693417637536588,15.062761506276146,0.0
Madagascar,MDG,2006,382000000.0,282000.0,23.3672659075703,,7.15397600846307,6395712490.94304,10.7656371554865,Africa,5.972751285192224,38.909090909090914,0.0
Madagascar,MDG,2007,395000000.0,282000.0,17.5325747048313,,5.52743828861749,8524620889.57747,10.2879663187671,Africa,4.63363714488397,3.4031413612565453,0.0
Madagascar,MDG,2008,440000000.0,282000.0,16.5383999148393,,5.55311542466822,10725137723.6549,9.29650839381057,Africa,4.102511420711689,11.392405063291132,0.0
Madagascar,MDG,2009,328000000.0,282000.0,16.6799539098928,,5.75530303794705,9616879409.43789,8.95421802392949,Africa,3.41066978211357,-25.454545454545453,0.0
Madagascar,MDG,2010,425000000.0,282000.0,19.7193172186888,,6.33025089326719,9982711338.07029,9.24732173644116,Africa,4.257360406478053,29.57317073170731,0.0
Madagascar,MDG,2011,507000000.0,282000.0,18.98460823774,,7.54219369706788,11551819617.874,9.48254048582992,Africa,4.3889189475874835,19.29411764705882,0.0
Madagascar,MDG,2012,596000000.0,282000.0,20.9077720657986,,5.98911061023088,11578975061.9479,5.71384434191053,Africa,5.147260416499563,17.554240631163708,0.0
Madagascar,MDG,2013,609000000.0,282000.0,19.3602378962299,,6.16081183216379,12423555455.3853,5.8264294445198,Africa,4.901978360276999,2.181208053691286,0.0
Madagascar,MDG,2014,740000000.0,282000.0,20.7866502931473,,7.89218843342857,12522957399.2281,6.08040811088302,Africa,5.909147307692772,21.510673234811172,0.0
Madagascar,MDG,2015,696000000.0,282000.0,22.0698619994204,,6.83683843886274,11323020701.3017,7.40419174202129,Africa,6.146769650610879,-5.94594594594594,0.0
Madagascar,MDG,2016,912000000.0,333000.0,26.899373011957,,8.41317457908899,11848613858.442,6.03575858154679,Africa,7.6971028923371545,31.034482758620683,18.085106382978733
Madagascar,MDG,2017,849000000.0,285000.0,20.4722815455752,,7.10295415407371,13176313593.5509,8.60905075422949,Africa,6.443380342856594,-6.907894736842102,-14.414414414414411
Madagascar,MDG,2018,879000000.0,360000.0,19.9432960036248,,6.40942809152886,13760033282.2925,8.59422958870476,Africa,6.388065944078543,3.5335689045936425,26.315789473684205
Madagascar,MDG,2019,951000000.0,486000.0,23.299817182059,,6.80956059759793,14104664678.5063,5.61051441492365,Africa,6.742450257957581,8.191126279863493,35.00000000000001
Madagascar,MDG,2020,202000000.0,87099.9984741211,7.80155066853256,,2.60878289706641,13051441203.9474,4.20179312190557,Africa,1.5477217944245516,-78.75920084121977,-82.07818961437837
Malawi,MWI,1999,42000000.0,254000.0,8.43923218579077,,6.84457506069258,2584478924.06081,44.8041642861674,Africa,1.6250858000423678,,
Malawi,MWI,2000,29000000.0,228000.0,6.62981010624738,,8.42484953457598,2537307580.32808,29.5814884631684,Africa,1.1429438127580192,-30.952380952380953,-10.236220472440948
Malawi,MWI,2001,40000000.0,266000.0,8.48260051529087,,8.07930774176618,2498008664.6691,22.7,Africa,1.6012754705676182,37.93103448275863,16.666666666666675
Malawi,MWI,2002,45000000.0,383000.0,9.53670530277753,,10.8158119724663,5087328437.8737,14.7446346101603,Africa,0.8845507135923821,12.5,43.984962406015036
Malawi,MWI,2003,66000000.0,424000.0,10.6545163697793,,7.67407181977174,4669789300.35662,9.57679786919214,Africa,1.4133399979086798,46.66666666666666,10.704960835509137
Malawi,MWI,2004,75000000.0,427000.0,13.1055629963797,,6.62914567385271,5058726350.48896,11.4298060822124,Africa,1.4825866197081552,13.636363636363647,0.7075471698113178
Malawi,MWI,2005,48000000.0,438000.0,7.88580106403347,,6.41548448851934,5320409651.47544,15.4103446604296,Africa,0.902186168816696,-36.0,2.576112412177989
Malawi,MWI,2006,45000000.0,638000.0,5.72851704763166,,6.43970240268602,5818279739.14354,13.9742943548388,Africa,0.7734244831381047,-6.25,45.662100456621005
Malawi,MWI,2007,43000000.0,735000.0,4.90174250892596,,5.13669016569894,6451210219.11683,7.9522099086403,Africa,0.6665416028852753,-4.444444444444439,15.2037617554859
Malawi,MWI,2008,43000000.0,742000.0,4.19702557427467,,4.28507726095746,7743617352.21427,8.71260186609043,Africa,0.5552960334191133,0.0,0.952380952380949
Malawi,MWI,2009,46000000.0,755000.0,3.41385173865153,,4.06703539018279,9009887946.82039,8.42204427696655,Africa,0.5105501896528414,6.976744186046502,1.7520215633423097
Malawi,MWI,2010,45000000.0,746000.0,3.6805884448326,,3.40584875164264,10128323010.6049,7.41159092883827,Africa,0.44429862626697997,-2.1739130434782594,-1.192052980132452
Malawi,MWI,2011,36000000.0,767000.0,2.24402026149041,,3.19193405699265,11648142958.3651,7.6228226284852,Africa,0.30906214088097744,-19.999999999999996,2.815013404825728
Malawi,MWI,2012,35000000.0,770000.0,2.53274925196663,,3.75800428567514,8773203178.16512,21.2712650013779,Africa,0.3989420886445276,-2.777777777777779,0.39113428943937656
Malawi,MWI,2013,33000000.0,795000.0,2.36493203780318,,3.04295072867879,8031571927.62055,27.2833333333334,Africa,0.41087847182832427,-5.714285714285716,3.2467532467532534
Malawi,MWI,2014,36000000.0,819000.0,2.19232367395712,,3.51675160652762,8801326169.14547,23.7920649469687,Africa,0.40902926795514133,9.090909090909083,3.018867924528301
Malawi,MWI,2015,39000000.0,805000.0,3.07063145551931,,4.81561260176458,9219474379.31534,21.8673475542553,Africa,0.42301760811331884,8.333333333333325,-1.7094017094017144
Malawi,MWI,2016,30000000.0,849000.0,2.54208642469963,,4.15756051978814,7909868618.46366,21.7111132136499,Africa,0.37927305050266336,-23.076923076923073,5.465838509316767
Malawi,MWI,2017,35000000.0,837000.0,3.15044480211277,,4.21356115549423,8943543793.5839,11.5433939188771,Africa,0.3913437537490341,16.666666666666675,-1.4134275618374548
Malawi,MWI,2018,55000000.0,871000.0,4.77045850314648,,5.81379285613247,9879231591.52434,12.420178108921,Africa,0.5567234606301363,57.14285714285714,4.062126642771813
Malawi,MWI,2019,62000000.0,871000.0,4.28567128239419,,5.97124435748022,11051865579.8121,9.3708360560567,Africa,0.5609912602742143,12.72727272727272,0.0
Malawi,MWI,2020,35000000.0,871000.0,2.67516341667285,,3.52767226185946,11769313597.8545,8.62551469650552,Africa,0.29738352801118634,-43.548387096774185,0.0
Malaysia,MYS,1999,4403000000.0,7931000.0,4.58800653400311,26067000.0,3.12847354712411,79148421052.6316,2.74456130240604,Asia,5.562966312457606,,
Malaysia,MYS,2000,5873000000.0,10222000.0,5.23037420281402,30532000.0,2.69766644622073,93789736842.1053,1.53474023697699,Asia,6.261879175423187,33.38632750397457,28.886647333249282
Malaysia,MYS,2001,7627000000.0,12775000.0,7.45094208170622,36248000.0,3.93472757863623,92783947368.4211,1.41678473206098,Asia,8.220171933098678,29.86548612293547,24.975542946585794
Malaysia,MYS,2002,8084000000.0,13292000.0,7.46898237084611,29866000.0,3.63263271999045,100845526315.789,1.80787246281536,Asia,8.016220744077092,5.991870984659764,4.046966731898238
Malaysia,MYS,2003,6799000000.0,10577000.0,5.73417310783297,32201000.0,3.51294746670545,110202368421.053,1.08967632577286,Asia,6.169558873746603,-15.8955962394854,-20.425820042130603
Malaysia,MYS,2004,9183000000.0,15703000.0,6.38149428469169,30761000.0,3.22570457178259,124749473684.211,1.42127115937402,Asia,7.361153300931524,35.06397999705839,48.46364753710881
Malaysia,MYS,2005,10389000000.0,16431000.0,6.43869095386297,30761000.0,3.32293955962209,143534405818.501,2.97507092684449,Asia,7.2379858618266555,13.132963083959481,4.636056804432265
Malaysia,MYS,2006,12280000000.0,17547000.0,6.72634170339302,30761000.0,3.45697094814718,162692258307.056,3.60923564224389,Asia,7.547992834928528,18.201944364231395,6.792039437648345
Malaysia,MYS,2007,17948000000.0,20973000.0,8.72868061636337,30761000.0,3.94971805305866,193549569477.733,2.02735317779569,Asia,9.273076684401945,46.156351791530945,19.524705077791072
Malaysia,MYS,2008,18553000000.0,22052000.0,8.06743967117042,30761000.0,4.32326803347049,230811614370.384,5.44078221100769,Asia,8.038157027153735,3.3708491196790646,5.144709865064612
Malaysia,MYS,2009,17231000000.0,23646000.0,9.24660371485374,30761000.0,4.96966371436906,202257453036.641,0.583308405623702,Asia,8.519339950789567,-7.125532258933864,7.228369308906224
Malaysia,MYS,2010,19619000000.0,24577000.0,8.83692170090236,30761000.0,5.09866035287602,255017638455.59,1.62285235577035,Asia,7.693193348826554,13.858742963263882,3.9372409709887535
Malaysia,MYS,2011,21338000000.0,24714000.0,8.40056476149659,30761000.0,5.36493268934571,297951668674.835,3.1744709215131,Asia,7.161564187541739,8.761914470666188,0.5574317451275679
Malaysia,MYS,2012,21711000000.0,25033000.0,8.70612350572111,30761000.0,6.1090332336432,314443047642.111,1.66357102479206,Asia,6.904588974951917,1.748055112944047,1.2907663672412362
Malaysia,MYS,2013,23283000000.0,25715000.0,9.52716290234524,30761000.0,6.16891927601728,323276235524.415,2.10501231233612,Asia,7.20219967985911,7.2405692966698965,2.7244037870011617
Malaysia,MYS,2014,24469000000.0,27437000.0,9.80568819260314,30761000.0,6.36717379337495,338066095097.254,3.14299050879095,Asia,7.237933751670902,5.09384529485033,6.696480653315184
Malaysia,MYS,2015,19194000000.0,25721000.0,9.1588335313171,30761000.0,6.20743792223037,301355266964.947,2.10438980238359,Asia,6.369226658392072,-21.557889574563738,-6.254328097095163
Malaysia,MYS,2016,19682000000.0,26757000.0,9.78617040169814,30761000.0,6.26013713413461,301256033870.334,2.09056659525742,Asia,6.533313124765988,2.542461185787226,4.0278371758485365
Malaysia,MYS,2017,20311000000.0,25948000.0,9.07949418557651,30761000.0,6.02091248805984,319109094160.343,3.87120115774237,Asia,6.364907917602096,3.1958134335941413,-3.0235078671001947
Malaysia,MYS,2018,21775000000.0,25832000.0,8.85573079912663,30761000.0,5.95361784073944,358788845712.53,0.884709160571235,Asia,6.069029252221134,7.207916892324362,-0.44704794203792586
Malaysia,MYS,2019,22200000000.0,26101000.0,9.3135989258042,30761000.0,6.49435174208094,365177721021.516,0.662891865764326,Asia,6.079231760880614,1.9517795637198576,1.0413440693713305
Malaysia,MYS,2020,3386000000.0,4333000.0,1.62618869673882,30761000.0,2.7897235603877,337456163961.211,-1.1387021539305,Asia,1.0033895840732678,-84.74774774774775,-83.39910348262518
Maldives,MDV,1999,1966000000.0,430000.0,80.4165315373321,42000.0,12.5532289011648,589239753.610875,2.95370836069129,Asia,333.6502651004631,,
Maldives,MDV,2000,1966000000.0,467000.0,80.4165315373321,42000.0,13.2845085994852,624337145.284622,-1.17475681175946,Asia,314.8939663206716,0.0,8.604651162790699
Maldives,MDV,2001,1966000000.0,461000.0,80.4165315373321,41000.0,12.9366376890811,870031676.798793,0.67257737006247,Asia,225.96878394516952,0.0,-1.2847965738758016
Maldives,MDV,2002,1966000000.0,485000.0,80.4165315373321,43000.0,13.1618717290828,897031250.0,4.1786723990479,Asia,219.16739244034142,0.0,5.206073752711493
Maldives,MDV,2003,1966000000.0,564000.0,80.4165315373321,44000.0,11.2242090917379,1052121054.6875,-1.26065113450354,Asia,186.86062703915184,0.0,16.288659793814443
Maldives,MDV,2004,1966000000.0,617000.0,80.4165315373321,61000.0,10.3845251909363,1226829562.5,-1.68541212459466,Asia,160.2504585880486,0.0,9.397163120567376
Maldives,MDV,2005,1966000000.0,395000.0,80.4165315373321,77000.0,10.8226135236003,1163362437.5,1.30027500930997,Asia,168.9929068214393,0.0,-35.9805510534846
Maldives,MDV,2006,1966000000.0,602000.0,80.4165315373321,74000.0,10.1289521446815,1575200390.625,2.73842131602099,Asia,124.80951704309446,0.0,52.40506329113923
Maldives,MDV,2007,1966000000.0,676000.0,80.4165315373321,102000.0,9.29272943203779,1868383460.9375,6.79477353930168,Asia,105.22465227847387,0.0,12.292358803986714
Maldives,MDV,2008,1966000000.0,683000.0,80.4165315373321,123000.0,10.1590541415603,2271646187.5,12.0414583505108,Asia,86.54516758895579,0.0,1.0355029585798814
Maldives,MDV,2009,1966000000.0,656000.0,80.4165315373321,123000.0,14.3240151574992,2345294875.0,4.53017659132801,Asia,83.82741210740078,0.0,-3.9531478770131745
Maldives,MDV,2010,1966000000.0,792000.0,80.4165315373321,123000.0,14.8830331855589,2588176054.6875,6.14988536750173,Asia,75.96082949764318,0.0,20.731707317073166
Maldives,MDV,2011,1966000000.0,931000.0,80.4165315373321,123000.0,10.0528918875647,2774350240.04918,11.2734146055937,Asia,70.86343936031484,0.0,17.55050505050506
Maldives,MDV,2012,2032000000.0,958000.0,81.7394483629097,123000.0,9.64385204222487,2886163997.20531,10.884695658563,Asia,70.40486964592442,3.3570701932858604,2.9001074113855996
Maldives,MDV,2013,2422000000.0,1125000.0,83.2905219875933,123000.0,10.5019359572184,3295009237.50107,3.8056300091943,Asia,73.50510500652923,19.19291338582678,17.432150313152395
Maldives,MDV,2014,2811000000.0,1205000.0,85.2025323178674,123000.0,9.83969906738142,3697353039.20043,2.12000175718134,Asia,76.02736255361464,16.061106523534274,7.1111111111111125
Maldives,MDV,2015,2691000000.0,1234000.0,85.5615342090831,123000.0,11.1585193248544,4129505319.12921,0.953206658777607,Asia,65.16519030825349,-4.268943436499462,2.406639004149369
Maldives,MDV,2016,2640000000.0,1286000.0,83.8746600573022,123000.0,10.8497584311844,4409942623.85538,0.502509413611612,Asia,59.864724446051575,-1.8952062430323324,4.213938411669371
Maldives,MDV,2017,2771000000.0,1390000.0,83.4871816066708,123000.0,10.5457709075746,4816426256.52914,2.81747338234509,Asia,57.53228332404417,4.962121212121207,8.087091757387244
Maldives,MDV,2018,3054000000.0,1484000.0,85.2048449984768,123000.0,10.0930514853597,5404344162.69888,-0.133373386117595,Asia,56.51009462126595,10.212919523637677,6.762589928057561
Maldives,MDV,2019,3171000000.0,1703000.0,84.7379262431625,123000.0,10.566019598461,5726094799.37709,0.220029731065383,Asia,55.37805626873231,3.8310412573673958,14.757412398921833
Maldives,MDV,2020,1409000000.0,555000.0,78.8690076112034,123000.0,4.32935061146898,3712604583.36665,-1.36977425569811,Asia,37.95179282794226,-55.56606748659729,-67.41045214327657
Mali,MLI,1999,36000000.0,82000.0,5.2862471401281,,6.64872341405033,3440724709.59258,-1.20190368637502,Africa,1.0462912042812864,,
Mali,MLI,2000,47000000.0,86000.0,7.28976803191845,,7.11055857273297,2961484953.86444,-0.677661659046769,Africa,1.5870416609299238,30.555555555555557,4.878048780487809
Mali,MLI,2001,91000000.0,89000.0,10.3747124245701,,5.61737515111537,3468337942.32063,5.18701191944066,Africa,2.623735100597285,93.61702127659575,3.488372093023262
Mali,MLI,2002,105000000.0,96000.0,10.0051219025309,,5.61254458534784,3908121307.01957,5.03282275711195,Africa,2.6867129178258695,15.384615384615374,7.86516853932584
Mali,MLI,2003,136000000.0,110000.0,11.7781015144072,,6.37775558067051,4714071979.68835,-1.34672619047621,Africa,2.8849792830060066,29.52380952380953,14.583333333333325
Mali,MLI,2004,142000000.0,113000.0,11.6415590978971,,7.68000517728093,5454249125.72966,-3.09978128063956,Africa,2.603474772175968,4.4117647058823595,2.7272727272727337
Mali,MLI,2005,149000000.0,143000.0,10.8306904205904,,7.25102234827478,6247515888.14533,6.39788293897881,Africa,2.3849479163826968,4.929577464788726,26.54867256637168
Mali,MLI,2006,175399993.896484,153000.0,9.40351080783006,,9.10910261359796,6905934217.90901,1.54352596927584,Africa,2.539844550526169,17.71811670904966,6.9930069930070005
Mali,MLI,2007,227000000.0,164000.0,11.7286858342474,,7.65411822753809,8156468826.12645,1.41200201714576,Africa,2.783067094830098,29.41847656731895,7.189542483660127
Mali,MLI,2008,286000000.0,190000.0,11.164151402545,,6.04400755124495,9838403100.50554,9.17098813667678,Africa,2.9069758280721802,25.991189427312776,15.853658536585357
Mali,MLI,2009,196000000.0,160000.0,9.17353466042813,,6.76533386492891,10231962390.2119,2.46375188572299,Africa,1.9155660715435927,-31.46853146853147,-15.789473684210531
Mali,MLI,2010,208000000.0,169000.0,8.52916807213134,,4.45517853417688,10689168016.2613,1.10892690670187,Africa,1.9458951312541086,6.1224489795918435,5.624999999999991
Mali,MLI,2011,218000000.0,160000.0,7.77370258122018,,4.434622168178,12995112690.2596,2.95564395229391,Africa,1.6775537480594567,4.807692307692313,-5.3254437869822535
Mali,MLI,2012,144000000.0,134000.0,4.30377011542084,,4.14822992484593,12442035339.1049,5.32312847064058,Africa,1.1573669104395872,-33.944954128440365,-16.249999999999996
Mali,MLI,2013,178199996.948242,142000.0,5.39542454586271,,3.57898076439903,13242690786.0938,-0.606736356351471,Africa,1.3456479489453192,23.749997880723626,5.970149253731338
Mali,MLI,2014,213899993.896484,168000.0,6.60168407581198,,4.22254856722549,14364937124.0727,0.883814547137841,Africa,1.4890423261096721,20.033668664209348,18.309859154929576
Mali,MLI,2015,186000000.0,159000.0,5.90312990569256,,3.98924483220157,13104764378.326,1.45069057605961,Africa,1.4193311274457237,-13.043475779614134,-5.35714285714286
Mali,MLI,2016,201600006.103516,173000.0,6.13151453144321,,3.76619879923952,14026048335.7047,-1.79964707083386,Africa,1.437325761884929,8.387100055653773,8.805031446540879
Mali,MLI,2017,206399993.896484,193000.0,6.04683854150775,,3.91914518870607,15365713048.1993,1.75985742927156,Africa,1.343250347374357,2.380946253792926,11.560693641618492
Mali,MLI,2018,231000000.0,203000.0,5.51808960010455,,4.1933555181789,17070867589.9055,0.299546507387934,Africa,1.3531825420319996,11.918607960741356,5.181347150259064
Mali,MLI,2019,231000000.0,217000.0,5.51808960010455,,4.1933555181789,17280250810.0321,-1.65826694846365,Africa,1.336786152813779,0.0,6.896551724137923
Mali,MLI,2020,231000000.0,217000.0,5.51808960010455,,4.1933555181789,17465392764.3706,0.438088940320668,Africa,1.3226155467355991,0.0,0.0
Malta,MLT,1999,841000000.0,1402000.0,25.9981173736659,292000.0,6.71179132455168,4111890472.76062,2.13476888806386,Europe,20.452879413282954,,
Malta,MLT,2000,731000000.0,1387000.0,20.4334852547757,292000.0,5.60955232254625,4036810072.08739,2.36959287531806,Europe,18.10835751363472,-13.079667063020217,-1.0699001426533572
Malta,MLT,2001,704000000.0,1439000.0,22.3422133195397,292000.0,6.11749648801102,4070867701.80867,2.92949244324104,Europe,17.293610393853275,-3.69357045143639,3.749098774333093
Malta,MLT,2002,757000000.0,1483000.0,21.1008372661613,292000.0,5.17399637716964,4455128822.74822,2.18849048060549,Europe,16.991652320684903,7.528409090909083,3.0576789437109175
Malta,MLT,2003,869000000.0,1512000.0,21.4898868401326,292000.0,5.76780452774578,5418313424.45366,1.30383777442602,Europe,16.03820104016266,14.795244385733163,1.9554956169925752
Malta,MLT,2004,949000000.0,1428000.0,15.1846188729438,292000.0,4.54034859021959,6104139672.8194,2.79082848067754,Europe,15.546826430360378,9.205983889528202,-5.555555555555558
Malta,MLT,2005,924000000.0,1484000.0,13.7977908931556,292000.0,4.47205832443363,6393234993.5333,3.00796652450313,Europe,14.452777051596222,-2.6343519494204437,3.9215686274509887
Malta,MLT,2006,966000000.0,1521000.0,11.5072408169506,292000.0,4.17549852549983,6749840217.6947,2.77378006481472,Europe,14.311449883919206,4.545454545454541,2.493261455525597
Malta,MLT,2007,1185000000.0,1723000.0,11.4793796158274,292000.0,2.78474569415835,7908417717.40432,1.24921923797629,Europe,14.984034004578827,22.670807453416142,13.280736357659428
Malta,MLT,2008,1185000000.0,1832000.0,11.4793796158274,292000.0,2.78474569415835,9135423330.20251,4.25862171897073,Europe,12.971484266988329,0.0,6.326175275681956
Malta,MLT,2009,1185000000.0,1608000.0,11.4793796158274,292000.0,2.78474569415835,8734741331.60386,2.08432746082343,Europe,13.56651508056063,0.0,-12.227074235807855
Malta,MLT,2010,1185000000.0,1815000.0,11.4793796158274,328000.0,2.78474569415835,9097044160.9473,1.51563513618532,Europe,13.0262091623902,0.0,12.873134328358216
Malta,MLT,2011,1185000000.0,1916000.0,11.4793796158274,348000.0,2.78474569415835,9789361703.69731,2.9629852819288,Europe,12.104977176933216,0.0,5.564738292011029
Malta,MLT,2012,1185000000.0,2007000.0,11.4793796158274,368000.0,2.78474569415835,9609532088.88683,2.37582057760386,Europe,12.331505728259353,0.0,4.749478079331948
Malta,MLT,2013,1185000000.0,2013000.0,11.4793796158274,404000.0,2.78474569415835,10796782637.51,1.1802843636655,Europe,10.975491864429065,0.0,0.2989536621823552
Malta,MLT,2014,1185000000.0,2162000.0,11.4793796158274,430000.0,2.78474569415835,11888032872.432,0.310306472181665,Europe,9.968007429959085,0.0,7.401887729756584
Malta,MLT,2015,1185000000.0,2383000.0,11.4793796158274,456000.0,2.78474569415835,11340795041.8065,1.10054826378929,Europe,10.449002875297875,0.0,10.222016651248843
Malta,MLT,2016,1185000000.0,2592000.0,11.4793796158274,550000.0,2.78474569415835,12025782834.3596,0.642702771527304,Europe,9.85382836462225,0.0,8.770457406630294
Malta,MLT,2017,1185000000.0,2944000.0,11.4793796158274,633000.0,2.78474569415835,14161366723.6779,1.36435448150708,Europe,8.367836403944487,0.0,13.58024691358024
Malta,MLT,2018,1185000000.0,3232000.0,11.4793796158274,728000.0,2.78474569415835,16153779511.1559,1.15782362451517,Europe,7.335744549327491,0.0,9.782608695652172
Malta,MLT,2019,1185000000.0,3519000.0,11.4793796158274,774000.0,2.78474569415835,16337793530.7788,1.6420600176894,Europe,7.253121406924236,0.0,8.879950495049505
Malta,MLT,2020,1185000000.0,718000.0,11.4793796158274,218000.0,2.78474569415835,16385919535.6742,0.638544956776712,Europe,7.231818741817367,0.0,-79.59647627166808
Marshall Islands,MHL,1999,2900000.09536743,4599.99990463257,11.0848532661,,18.9135153644764,113352100.0,,Oceania,2.558399972622854,,
Marshall Islands,MHL,2000,3000000.0,5199.99980926514,11.0848532661,,18.9135153644764,114838500.0,,Oceania,2.612364320328113,3.4482724601393677,13.04347645808257
Marshall Islands,MHL,2001,3099999.90463257,5400.00009536743,11.0848532661,,18.9135153644764,122406100.0,,Oceania,2.5325534467911077,3.333330154419012,3.846159489197243
Marshall Islands,MHL,2002,3400000.09536743,6000.0,11.0848532661,,18.9135153644764,131960000.0,,Oceania,2.576538417222969,9.677425805289408,11.111109148818343
Marshall Islands,MHL,2003,4000000.0,7199.99980926514,11.0848532661,,18.9135153644764,131128500.0,,Oceania,3.050442886176537,17.647055523618448,19.999996821085663
Marshall Islands,MHL,2004,5000000.0,9000.0,11.0848532661,,18.9135153644764,132900000.0,,Oceania,3.7622272385252074,25.0,25.000003311369177
Marshall Islands,MHL,2005,3690000.05722046,9199.99980926514,11.0848532661,,18.9135153644764,138000000.0,,Oceania,2.6739130849423622,-26.1999988555908,2.222220102945993
Marshall Islands,MHL,2006,3579999.92370605,5800.00019073486,12.9446570909466,,17.8822649139287,143200000.0,,Oceania,2.499999946722102,-2.9810333823482082,-36.95651835890483
Marshall Islands,MHL,2007,3299999.95231628,7199.99980926514,11.9007758769467,,17.2712745418323,150500000.0,,Oceania,2.1926909982167975,-7.821228417790338,24.137923663635274
Marshall Islands,MHL,2008,2700000.04768372,6000.0,9.07240495863712,,17.604323854093,146600000.0,,Oceania,1.8417462808210914,-18.181815554615945,-16.66666445908721
Marshall Islands,MHL,2009,3099999.90463257,5400.00009536743,10.0212719670095,,15.5443433827309,151200000.0,,Oceania,2.0502644871908533,14.814809254985107,-9.999998410542831
Marshall Islands,MHL,2010,3700000.04768372,4599.99990463257,6.73183900171435,,13.3627112774535,161100000.0,,Oceania,2.2967101475380014,19.354843919657007,-14.81481808530275
Marshall Islands,MHL,2011,4780000.20980835,4599.99990463257,6.1894115743732,,13.4406906825406,172300000.0,,Oceania,2.774231114224231,29.189193194760456,0.0
Marshall Islands,MHL,2012,4090000.15258789,4599.99990463257,3.50461925201128,,13.6973800427399,180700000.0,,Oceania,2.263420117646868,-14.435147006994054,0.0
Marshall Islands,MHL,2013,4300000.19073486,4750.0,3.81257652122596,,12.1852567818741,186400000.0,,Oceania,2.306867055115268,5.134475068762412,3.2608717060269354
Marshall Islands,MHL,2014,5400000.09536743,4900.00009536743,6.08609465033495,,13.1129665821551,186000000.0,,Oceania,2.9032258577244248,25.581391996277624,3.157896744577471
Marshall Islands,MHL,2015,1500000.0,6300.00019073486,3.17960381072052,,16.5364150476187,183700000.0,,Oceania,0.8165487207403375,-72.22222271279541,28.571429961624318
Marshall Islands,MHL,2016,30399999.6185303,5400.00009536743,65.9695421245754,,15.8919047740387,201800000.0,,Oceania,15.064420029004113,1926.6666412353534,-14.285715366977625
Marshall Islands,MHL,2017,18100000.3814697,6000.0,18.6931848374474,,15.3572684951523,213700000.0,,Oceania,8.469817679676977,-40.46052431383303,11.111109148818343
Marshall Islands,MHL,2018,20100000.3814697,6800.00019073486,15.5930419921565,,17.9713920464466,220000000.0,,Oceania,9.136363809758954,11.049723524025712,13.333336512247662
Marshall Islands,MHL,2019,20100000.3814697,6099.99990463257,15.5930419921565,,17.9713920464466,232900000.0,,Oceania,8.630313603035509,0.0,-10.294121565703108
Marshall Islands,MHL,2020,20100000.3814697,6099.99990463257,15.5930419921565,,17.9713920464466,241800000.0,,Oceania,8.312655244611125,0.0,0.0
Mauritania,MRT,1999,50000000.0,24000.0,1.79460818761014,,2.43638008771073,1985922775.53351,4.07417613596754,Africa,2.5177212636864845,,
Mauritania,MRT,2000,50000000.0,30000.0,1.79460818761014,,2.43638008771073,1779520886.47015,3.25406745833358,Africa,2.8097450488024216,0.0,25.0
Mauritania,MRT,2001,50000000.0,30000.0,1.79460818761014,,2.43638008771073,1746063557.61355,4.7148963468961,Africa,2.8635841909637016,0.0,0.0
Mauritania,MRT,2002,50000000.0,30000.0,1.79460818761014,,2.43638008771073,1777057481.26043,3.8957052575849,Africa,2.813639993487213,0.0,0.0
Mauritania,MRT,2003,50000000.0,30000.0,1.79460818761014,,2.43638008771073,2051147606.73687,5.15190150769578,Africa,2.437659768403699,0.0,0.0
Mauritania,MRT,2004,50000000.0,30000.0,1.79460818761014,,2.43638008771073,2362501023.24249,10.3676233473073,Africa,2.116401199749573,0.0,0.0
Mauritania,MRT,2005,50000000.0,30000.0,1.79460818761014,,2.43638008771073,2936019525.60241,12.1256487185541,Africa,1.7029859496503534,0.0,0.0
Mauritania,MRT,2006,50000000.0,30000.0,1.79460818761014,,2.43638008771073,3919577285.92703,6.2410332814282,Africa,1.2756477638423287,0.0,0.0
Mauritania,MRT,2007,50000000.0,30000.0,1.79460818761014,,2.43638008771073,4346212355.02975,7.25410841304887,Africa,1.1504269905757458,0.0,0.0
Mauritania,MRT,2008,50000000.0,30000.0,1.79460818761014,,2.43638008771073,5206437193.80413,7.34663541249786,Africa,0.9603496237216118,0.0,0.0
Mauritania,MRT,2009,50000000.0,30000.0,1.79460818761014,,2.43638008771073,4714595547.75102,2.22092032381779,Africa,1.06053635977006,0.0,0.0
Mauritania,MRT,2010,50000000.0,30000.0,1.79460818761014,,2.43638008771073,5628878797.98257,6.28354087427704,Africa,0.8882763654090466,0.0,0.0
Mauritania,MRT,2011,50000000.0,30000.0,1.79460818761014,,2.43638008771073,6764627745.9033,5.68631959575954,Africa,0.7391389722853605,0.0,0.0
Mauritania,MRT,2012,50000000.0,30000.0,1.79460818761014,,2.43638008771073,6728208836.22143,4.90242727217997,Africa,0.7431398343467599,0.0,0.0
Mauritania,MRT,2013,50000000.0,30000.0,1.7619815358327,,2.59660675358934,7223071097.08417,4.12910173783393,Africa,0.6922263304342129,0.0,0.0
Mauritania,MRT,2014,42000000.0,30000.0,1.89455733885694,,3.1542790264012,6592537781.81518,3.53436856147324,Africa,0.6370839483977259,-16.000000000000004,0.0
Mauritania,MRT,2015,31000000.0,30000.0,1.89632959259041,,2.81989584697134,6166863896.68677,3.25472688117631,Africa,0.5026866251524565,-26.190476190476186,0.0
Mauritania,MRT,2016,33000000.0,30000.0,1.97532593342658,,2.95356281743294,6398747592.13185,1.47171045650004,Africa,0.5157259217503452,6.451612903225801,0.0
Mauritania,MRT,2017,24000000.0,30000.0,1.27011985263723,,2.15272505927326,6800135898.28827,2.25427651934813,Africa,0.3529341230671769,-27.27272727272727,0.0
Mauritania,MRT,2018,6000000.0,30000.0,0.291008929085353,,1.15714816396614,7473550557.07378,3.06735996058356,Africa,0.08028312586071888,-75.0,0.0
Mauritania,MRT,2019,13699999.8092651,30000.0,0.542632175967904,,1.52052484916976,7894764885.82312,2.30009262117937,Africa,0.17353271449370994,128.33333015441832,0.0
Mauritania,MRT,2020,6400000.09536743,30000.0,0.229888482112193,,0.95246131201131,8260752385.23089,2.3856948845632,Africa,0.0774747843405858,-53.28467018635132,0.0
Mauritius,MUS,1999,718000000.0,600000.0,27.3543449859825,154000.0,7.40458322250066,4402193195.46945,6.90914624866776,Africa,16.310052015412115,,
Mauritius,MUS,2000,732000000.0,678000.0,27.9136195230458,163000.0,7.49938100746361,4726108622.47661,4.19928825622809,Africa,15.488429455868324,1.949860724233976,12.99999999999999
Mauritius,MUS,2001,820000000.0,675000.0,28.7697683371169,161000.0,8.13232940632507,4675755867.17657,5.38934426229505,Africa,17.537271476390245,12.021857923497258,-0.4424778761061954
Mauritius,MUS,2002,829000000.0,709000.0,28.1015426443401,162000.0,7.94926793616492,4906494249.38255,6.41933372221152,Africa,16.895974149043873,1.097560975609757,5.03703703703704
Mauritius,MUS,2003,960000000.0,721000.0,30.2061907782389,161000.0,7.594870663234,5894873919.74797,3.92105357558194,Africa,16.285335582563977,15.802171290711708,1.6925246826516194
Mauritius,MUS,2004,1156000000.0,739000.0,33.5193930824813,180000.0,7.70320324016279,6667418752.07307,4.71037060105885,Africa,17.338044046514554,20.41666666666666,2.496532593619971
Mauritius,MUS,2005,1189000000.0,782000.0,31.6521617059891,183000.0,7.13775839353614,6576108447.47531,4.93717004981793,Africa,18.080602068788558,2.8546712802768104,5.818673883626513
Mauritius,MUS,2006,1302000000.0,807000.0,32.5488320421982,186000.0,7.34286270517439,7028810680.89077,8.91350105650139,Africa,18.52375969578677,9.503784693019334,3.196930946291565
Mauritius,MUS,2007,1663000000.0,933000.0,37.429071127526,213000.0,7.34924024203046,8150150209.22501,8.827292723933,Africa,20.40453190810741,27.726574500768052,15.61338289962826
Mauritius,MUS,2008,1823000000.0,970000.0,36.99414796905,226000.0,7.75461484987761,9990356673.73497,9.73228317146871,Africa,18.247596752904098,9.621166566446181,3.9657020364415763
Mauritius,MUS,2009,1390000000.0,890000.0,33.2735066587661,196000.0,7.51293387842483,9128843109.15588,2.51609128145122,Africa,15.22646389448717,-23.752057048820628,-8.247422680412376
Mauritius,MUS,2010,1585000000.0,956000.0,31.977689612984,212000.0,6.89416343250695,10003670690.3497,2.9323630136986,Africa,15.844184090635963,14.028776978417268,7.415730337078652
Mauritius,MUS,2011,1808000000.0,983000.0,31.0334939013675,219000.0,5.78007998700767,11518413429.9684,6.5224925486934,Africa,15.696606229604319,14.069400630914819,2.8242677824267703
Mauritius,MUS,2012,1778000000.0,984000.0,29.3541838104691,237000.0,5.21981787886187,11668696396.7887,3.85216033315973,Africa,15.23734905374106,-1.65929203539823,0.10172939979653517
Mauritius,MUS,2013,1593000000.0,1015000.0,28.2171867253322,228000.0,6.23151683802234,12292974141.4044,3.54329573934839,Africa,12.958621580717075,-10.404949381327333,3.1504065040650397
Mauritius,MUS,2014,1719000000.0,1065000.0,28.6598624175685,223000.0,6.72683838497916,13074129952.0532,3.21769191994685,Africa,13.148102445853716,7.909604519774005,4.92610837438423
Mauritius,MUS,2015,1680000000.0,1174000.0,31.1420691679214,242000.0,9.38284152542797,12007291045.6489,1.2865497076024,Africa,13.99149894520783,-2.2687609075043635,10.23474178403756
Mauritius,MUS,2016,1824000000.0,1307000.0,35.067754597232,260000.0,10.5735663151255,12594155464.4136,0.977675134718965,Africa,14.482908402663009,8.571428571428562,11.328790459965932
Mauritius,MUS,2017,2005000000.0,1371000.0,37.1875308050558,283000.0,10.2936479716104,13713506130.6081,3.66699702675916,Africa,14.620622770750838,9.923245614035082,4.896710022953332
Mauritius,MUS,2018,2161000000.0,1431000.0,38.6891448213498,296000.0,8.80876043230072,14735695930.9727,3.21605383144579,Africa,14.66506916349863,7.780548628428918,4.37636761487965
Mauritius,MUS,2019,2024000000.0,1418000.0,38.4923958461307,320000.0,8.90751175967041,14436346979.6355,0.405655190309553,Africa,14.020167310020582,-6.3396575659416925,-0.9084556254367548
Mauritius,MUS,2020,518000000.0,316000.0,16.7722463171788,65000.0,4.28949666390259,11408106446.3144,2.5808007718283,Africa,4.540630843844813,-74.40711462450594,-77.71509167842031
Mexico,MEX,1999,8135000000.0,99869000.0,5.49306538140146,117383000.0,3.31871409519047,631249359702.389,16.5856169707538,North America,1.288714178472253,,
Mexico,MEX,2000,9133000000.0,105673000.0,5.07738339916988,127268000.0,3.31825163203502,742061329643.37,9.49156149435403,North America,1.2307608057664536,12.267977873386604,5.81161321330943
Mexico,MEX,2001,9190000000.0,100718000.0,5.35920234964156,123732000.0,3.60202229651979,796064590656.176,6.36773806235037,North America,1.154428938036914,0.6241103689915706,-4.688993404180819
Mexico,MEX,2002,9547000000.0,100153000.0,5.39838840511331,124633000.0,3.74887528394825,810666116505.478,5.03072733151295,North America,1.177673496599816,3.884657236126232,-0.5609722194642508
Mexico,MEX,2003,10058000000.0,92330000.0,5.56220817063597,123015000.0,3.78500719803786,765549967703.273,4.54690012118718,North America,1.3138267159980443,5.3524667434796225,-7.811049094884826
Mexico,MEX,2004,11609000000.0,99250000.0,5.64778067571237,128903000.0,3.64324151989458,819459227375.022,4.68840884843143,North America,1.4166659685054948,15.420560747663558,7.494855409942591
Mexico,MEX,2005,12801000000.0,103146000.0,5.46857861309594,128392000.0,3.59986012416158,917571853529.104,3.98805714597437,North America,1.3950951035350139,10.267895598242749,3.9254408060453327
Mexico,MEX,2006,13329000000.0,97701000.0,4.92316895112629,122022000.0,3.2967929307555,1020265057882.01,3.62946762439132,North America,1.3064252173518471,4.124677759550033,-5.278925018905245
Mexico,MEX,2007,14055000000.0,93582000.0,4.75987635604904,109540000.0,3.15883412102495,1102355554971.95,3.96684905458235,North America,1.274996976847242,5.446770200315099,-4.215924094942736
Mexico,MEX,2008,14726000000.0,92948000.0,4.65662537458899,107519000.0,2.98623922740839,1161553459715.1,5.12498274575896,North America,1.2677849544360977,4.774101743151893,-0.6774807121027515
Mexico,MEX,2009,12542000000.0,88044000.0,5.00043366884951,98228000.0,3.28905558412296,943437415024.633,5.29735584228856,North America,1.3293939587579882,-14.83091131332337,-5.276068339286488
Mexico,MEX,2010,12628000000.0,81953000.0,3.93420158817669,91658000.0,2.6900488860981,1105424238731.09,4.15672722680174,North America,1.14236684501288,0.6856960612342533,-6.918131843169329
Mexico,MEX,2011,12458000000.0,75732000.0,3.33463295822329,88113000.0,2.49092008954822,1229013703416.76,3.40737824605742,North America,1.0136583477764103,-1.3462147608489072,-7.590936268348935
Mexico,MEX,2012,13320000000.0,76749000.0,3.36229969231267,87332000.0,2.61358484455607,1255110424817.79,4.11150981070289,North America,1.061261203525875,6.9192486755498495,1.3428933607986027
Mexico,MEX,2013,14311000000.0,78100000.0,3.50647422938551,90787000.0,2.82285815056911,1327436290282.67,3.80639069747204,North America,1.0780931713832047,7.4399399399399435,1.760283521609396
Mexico,MEX,2014,16606000000.0,81042000.0,3.87169417221237,90982000.0,2.81858780865708,1364507717614.13,4.01861608078679,North America,1.2169956817126646,16.036615191111725,3.7669654289372634
Mexico,MEX,2015,18729000000.0,87129000.0,4.5260057464754,94988000.0,2.88160352613438,1213294467716.88,2.72064064964023,North America,1.5436483473994032,12.784535709984347,7.510920263567034
Mexico,MEX,2016,20619000000.0,94853000.0,5.04846822205906,97372000.0,2.96768135272775,1112233497452.7,2.8217078474766,North America,1.8538373504504946,10.091302258529545,8.865016240287392
Mexico,MEX,2017,22467000000.0,99349000.0,5.01662926638973,94274000.0,2.90041233521791,1190721475906.0,6.04145724018986,North America,1.8868392360946742,8.96260730394296,4.739966052734235
Mexico,MEX,2018,23802000000.0,96497000.0,4.84466653434979,86280000.0,2.71220290175827,1256300182879.73,4.89935015356551,North America,1.8946108839561198,5.942048337561756,-2.870688180052139
Mexico,MEX,2019,25847000000.0,97406000.0,5.11718244937811,82752000.0,2.41475792173468,1304106203694.81,3.63596142127046,North America,1.9819704811440935,8.591714981934295,0.9419981968351365
Mexico,MEX,2020,11449000000.0,51128000.0,2.5678508801707,36056000.0,1.01049740774806,1121064767261.88,3.39683415570006,North America,1.0212612450539642,-55.704723952489644,-47.51042030265076
"Micronesia, Fed. Sts.",FSM,1999,13899999.6185303,16100.0003814697,,,10.8303820542236,220140500.0,2.15851810619419,Oceania,6.314149199502273,,
"Micronesia, Fed. Sts.",FSM,2000,17000000.0,20500.0,,,10.8303820542236,233271800.0,2.15851810619419,Oceania,7.287636139473353,22.3021616298251,27.32918952967531
"Micronesia, Fed. Sts.",FSM,2001,14699999.8092651,15300.0001907349,,,10.8303820542236,240970900.0,0.502497351294027,Oceania,6.100321577943685,-13.529412886675885,-25.36585272812244
"Micronesia, Fed. Sts.",FSM,2002,16799999.2370605,19100.0003814697,,,10.8303820542236,242517200.0,-0.111442426432945,Oceania,6.927343395462465,14.285710578525412,24.83660224420088
"Micronesia, Fed. Sts.",FSM,2003,16700000.7629395,18200.0007629395,,,10.8303820542236,245432900.0,0.126643348208903,Oceania,6.804304053343908,-0.5952290396561644,-4.7120397934827025
"Micronesia, Fed. Sts.",FSM,2004,19000000.0,19299.9992370605,,,10.8303820542236,240236000.0,2.27669698247304,Oceania,7.908889591901297,13.772449892125982,6.043947406644712
"Micronesia, Fed. Sts.",FSM,2005,21000000.0,19000.0,,,10.8303820542236,250281900.0,4.25769978210942,Oceania,8.390538828417077,10.526315789473696,-1.554400253469601
"Micronesia, Fed. Sts.",FSM,2006,23000000.0,19100.0003814697,,,10.8303820542236,253541900.0,4.63737008585635,Oceania,9.071478915319323,9.523809523809534,0.5263177972089528
"Micronesia, Fed. Sts.",FSM,2007,25000000.0,21100.0003814697,,,10.8303820542236,256787200.0,3.30634278002699,Oceania,9.735687760137576,8.695652173913038,10.471203979348331
"Micronesia, Fed. Sts.",FSM,2008,27000000.0,25700.0007629395,,,10.8303820542236,263145100.0,8.42372566246186,Oceania,10.260498865454839,8.000000000000007,21.80094928107006
"Micronesia, Fed. Sts.",FSM,2009,27000000.0,47500.0,,,10.8303820542236,280284600.0,6.39360257735201,Oceania,9.633065819527722,0.0,84.82489723695663
"Micronesia, Fed. Sts.",FSM,2010,27000000.0,44700.0007629395,,,11.652862879514,296944100.0,3.31370963136217,Oceania,9.092620462908675,0.0,-5.894735235916848
"Micronesia, Fed. Sts.",FSM,2011,27000000.0,35400.0015258789,,,10.6625174993632,311301600.0,5.08259403890371,Oceania,8.673260914817012,0.0,-20.805367065611268
"Micronesia, Fed. Sts.",FSM,2012,27000000.0,38299.9992370605,,,11.3604778065492,327248700.0,5.01850353045616,Oceania,8.250605731970822,0.0,8.192083576780584
"Micronesia, Fed. Sts.",FSM,2013,27000000.0,42099.9984741211,,,11.1842587343276,317214400.0,1.75232737350762,Oceania,8.511593420727433,0.0,9.921669223908447
"Micronesia, Fed. Sts.",FSM,2014,27000000.0,35400.0015258789,,,12.539792219967,319271200.0,0.650284891767944,Oceania,8.456760271518384,0.0,-15.914482639139981
"Micronesia, Fed. Sts.",FSM,2015,27000000.0,31200.0007629395,,,12.539792219967,316489900.0,-0.2981158373807,Oceania,8.53107792697334,0.0,-11.864408423454497
"Micronesia, Fed. Sts.",FSM,2016,27000000.0,29600.0003814697,,,12.539792219967,325000000.0,-1.03746806405349,Oceania,8.307692307692308,0.0,-5.1282062254637495
"Micronesia, Fed. Sts.",FSM,2017,27000000.0,24400.0005722046,,,12.539792219967,359000000.0,0.58225373525489,Oceania,7.520891364902507,0.0,-17.56756669679107
"Micronesia, Fed. Sts.",FSM,2018,27000000.0,19200.0007629395,,,12.539792219967,392000000.0,1.49840023593737,Oceania,6.887755102040815,0.0,-21.311474128360096
"Micronesia, Fed. Sts.",FSM,2019,27000000.0,18000.0,,,12.539792219967,394000000.0,1.92385170787923,Oceania,6.852791878172589,0.0,-6.250003725290377
"Micronesia, Fed. Sts.",FSM,2020,27000000.0,18000.0,,,12.539792219967,372000000.0,0.554594630853174,Oceania,7.258064516129033,0.0,0.0
Moldova,MDA,1999,49000000.0,14000.0,8.88985649231662,93300.0030517578,9.44493874478133,1170782957.37443,39.2559806891746,Europe,4.1852334535075775,,
Moldova,MDA,2000,57000000.0,18000.0,10.1723953314059,93300.0030517578,9.65348479576145,1288429391.79951,31.2993015817781,Europe,4.423990974033109,16.326530612244895,28.57142857142858
Moldova,MDA,2001,58000000.0,16000.0,9.12782096880803,93300.0030517578,9.10599376745316,1480673594.05602,9.7646628575765,Europe,3.917136108378902,1.7543859649122862,-11.111111111111116
Moldova,MDA,2002,72000000.0,18000.0,9.53503463071605,93300.0030517578,9.29043255913062,1661818168.4226,5.30124390261597,Europe,4.332603973655102,24.13793103448276,12.5
Moldova,MDA,2003,79000000.0,21000.0,8.43242320090515,93300.0030517578,7.35587472571315,1980907434.76826,11.7460792058232,Europe,3.9880712552952757,9.722222222222232,16.666666666666675
Moldova,MDA,2004,112000000.0,69000.0,9.53832789705419,93300.0030517578,6.92538538487188,2598249555.89984,12.5242768428227,Europe,4.310594405594406,41.77215189873418,228.57142857142856
Moldova,MDA,2005,138000000.0,67000.0,10.3586494723094,93300.0030517578,6.68118186177028,2988342907.03096,11.9591837222127,Europe,4.617943933921178,23.214285714285722,-2.898550724637683
Moldova,MDA,2006,150000000.0,63000.0,11.3460156575016,93300.0030517578,7.65736046682551,3408255450.5509,12.7777557830351,Europe,4.401078562810028,8.695652173913038,-5.970149253731338
Moldova,MDA,2007,229000000.0,70000.0,13.1198258328798,93300.0030517578,7.13365016579587,4401173151.93767,12.3671668414301,Europe,5.203158160209624,52.666666666666664,11.111111111111116
Moldova,MDA,2008,293000000.0,73000.0,13.6296186032665,93300.0030517578,6.68667080159959,6054824248.24221,12.7830472618821,Europe,4.839116512507551,27.947598253275107,4.285714285714293
Moldova,MDA,2009,240000000.0,60000.0,14.0443685008222,93300.0030517578,8.28062414867362,5439434271.78807,-0.0627185967108792,Europe,4.412223551349327,-18.08873720136519,-17.808219178082197
Moldova,MDA,2010,222000000.0,64000.0,11.3692741545825,117199.996948242,7.08153027591828,6974982369.60155,7.48385086350852,Europe,3.1828037439567303,-7.499999999999996,6.666666666666665
Moldova,MDA,2011,253000000.0,75000.0,9.23143366216577,136100.006103516,6.27005429256181,8414352020.49442,7.6872510335618,Europe,3.0067674775642907,13.963963963963955,17.1875
Moldova,MDA,2012,279000000.0,89000.0,10.3039860545336,146800.003051758,6.98702284015421,8709138634.82921,4.54633427355293,Europe,3.203531505219532,10.276679841897241,18.666666666666675
Moldova,MDA,2013,324000000.0,95599.9984741211,10.6555463105171,157600.006103516,7.1013417885758,9496717875.51932,4.59787897363127,Europe,3.411705014794728,16.129032258064523,7.4157286226079755
Moldova,MDA,2014,328000000.0,93900.0015258789,11.0859124415708,180600.006103516,7.52690186248248,9402090137.7423,5.08878554625879,Europe,3.4885859973127404,1.2345679012345734,-1.7782395139915974
Moldova,MDA,2015,300000000.0,94400.0015258789,12.055842663216,189800.003051758,8.25914979865532,7797667196.73087,9.6762403310186,Europe,3.847304487754663,-8.536585365853655,0.5324813544994367
Moldova,MDA,2016,344000000.0,121000.0,13.1132542980216,177000.0,7.45302807158477,7980917075.7748,6.35930898037932,Europe,4.310281597138433,14.666666666666671,28.177964029829973
Moldova,MDA,2017,442000000.0,145000.0,14.1693461263508,229000.0,7.07112246625865,9514404016.20949,6.57022997455605,Europe,4.645587881773508,28.488372093023262,19.834710743801654
Moldova,MDA,2018,500000000.0,160000.0,14.4823011797283,264000.0,6.85392379313043,11252353420.8798,3.04505397337071,Europe,4.443514892379784,13.122171945701355,10.344827586206895
Moldova,MDA,2019,527000000.0,174000.0,14.3910824442448,311000.0,7.24862480421903,11736797054.6965,4.83778351428728,Europe,4.490151764097514,5.400000000000005,8.749999999999991
Moldova,MDA,2020,354000000.0,29000.0,10.9860440000372,75000.0,5.11960962554195,11530746234.4492,3.76597122245351,Europe,3.0700528205398485,-32.82732447817837,-83.33333333333334
Monaco,MCO,1999,,278000.0,,,,2907118641.17756,,Europe,,,
Monaco,MCO,2000,,300000.0,,,,2654462665.26893,,Europe,,,7.913669064748197
Monaco,MCO,2001,,270000.0,,,,2673723033.71239,,Europe,,,-9.999999999999998
Monaco,MCO,2002,,263000.0,,,,2919647981.81473,,Europe,,,-2.592592592592591
Monaco,MCO,2003,,235000.0,,,,3597089750.78276,,Europe,,,-10.646387832699622
Monaco,MCO,2004,,250000.0,,,,4043551488.82603,,Europe,,,6.382978723404253
Monaco,MCO,2005,,286000.0,,,,4204652898.73103,,Europe,,,14.399999999999991
Monaco,MCO,2006,,313000.0,,,,4586826512.71356,,Europe,,,9.440559440559436
Monaco,MCO,2007,,328000.0,,,,5875790766.2621,,Europe,,,4.792332268370614
Monaco,MCO,2008,,324000.0,,,,6502942244.93068,,Europe,,,-1.2195121951219523
Monaco,MCO,2009,,265000.0,,,,5474379252.34114,,Europe,,,-18.20987654320988
Monaco,MCO,2010,,279000.0,,,,5367561569.59548,,Europe,,,5.283018867924527
Monaco,MCO,2011,,295000.0,,,,6088689808.38347,,Europe,,,5.7347670250896154
Monaco,MCO,2012,,292000.0,,,,5742749294.00852,,Europe,,,-1.016949152542368
Monaco,MCO,2013,,328000.0,,,,6555591709.88585,,Europe,,,12.328767123287676
Monaco,MCO,2014,,329000.0,,,,7070017323.65476,,Europe,,,0.304878048780477
Monaco,MCO,2015,,331000.0,,,,6264756528.37691,,Europe,,,0.6079027355623046
Monaco,MCO,2016,,336000.0,,,,6471290793.55029,,Europe,,,1.5105740181268867
Monaco,MCO,2017,,355000.0,,,,6430254652.58934,,Europe,,,5.654761904761907
Monaco,MCO,2018,,347000.0,,,,7184333936.01355,,Europe,,,-2.2535211267605604
Monaco,MCO,2019,,363000.0,,,,7383496254.23721,,Europe,,,4.610951008645525
Monaco,MCO,2020,,159000.0,,,,6730736282.78961,,Europe,,,-56.19834710743802
Mongolia,MNG,1999,43000000.0,160000.0,8.18679869609581,,6.89856879164497,1057408588.68269,7.56494150307371,Asia,4.066545369521634,,
Mongolia,MNG,2000,43000000.0,158000.0,7.01077309528994,,7.00335796724534,1136896123.61298,11.5955387593327,Asia,3.7822276905429915,0.0,-1.2499999999999956
Mongolia,MNG,2001,49000000.0,192000.0,7.69592210164092,,7.11871120469611,1267997934.3125,6.27736020484006,Asia,3.864359607696638,13.953488372093027,21.518987341772156
Mongolia,MNG,2002,143000000.0,235000.0,20.1839488992061,,13.2041897075247,1396555719.97409,0.917074687184271,Asia,10.239476875484284,191.83673469387753,22.395833333333325
Mongolia,MNG,2003,154000000.0,205000.0,18.4382483550493,,13.2845205993678,1595297355.78349,5.12899499422417,Asia,9.653372735916484,7.692307692307687,-12.765957446808507
Mongolia,MNG,2004,205000000.0,305000.0,16.9380680405583,,14.7259126662532,1992066808.09598,8.24115449417618,Asia,10.290819523063048,33.11688311688312,48.78048780487805
Mongolia,MNG,2005,203000000.0,345000.0,13.7111896769505,,9.06515401718743,2523471601.10421,12.7165674066053,Asia,8.044473332339946,-0.9756097560975618,13.114754098360649
Mongolia,MNG,2006,261000000.0,408000.0,12.8591300647083,,10.7320772908273,3414055661.61598,5.09516661663163,Asia,7.64486657128667,28.57142857142858,18.260869565217398
Mongolia,MNG,2007,349000000.0,455000.0,13.8246665050576,,8.83500251828749,4234999703.90059,9.63096309630969,Asia,8.240850635209211,33.716475095785434,11.519607843137258
Mongolia,MNG,2008,272000000.0,469000.0,8.98294046451856,,6.61066691482546,5623216608.04288,27.9556650246306,Asia,4.837089142377313,-22.063037249283667,3.076923076923066
Mongolia,MNG,2009,253000000.0,465000.0,11.0073453631404,,9.19987209008338,4583850367.88972,7.61950593519404,Asia,5.5193773726186075,-6.985294117647056,-0.8528784648187626
Mongolia,MNG,2010,288000000.0,557000.0,8.48634289053482,,8.2458630265106,7189481998.90094,10.0462065881651,Asia,4.005851882569936,13.833992094861669,19.78494623655913
Mongolia,MNG,2011,197000000.0,627000.0,4.30418728067747,,5.68301400558715,10409797377.8571,8.411214953271,Asia,1.8924479780849806,-31.59722222222222,12.5673249551167
Mongolia,MNG,2012,215000000.0,624000.0,4.82930863044815,,6.26422173713564,12292770631.565,14.3303348325837,Asia,1.7489954579314249,9.137055837563457,-0.4784688995215336
Mongolia,MNG,2013,236000000.0,515000.0,5.27005365223267,,7.65835679391382,12582122604.2577,10.4906567588242,Asia,1.8756771605463396,9.76744186046512,-17.467948717948723
Mongolia,MNG,2014,257000000.0,506000.0,4.22846630932572,,7.3581047744223,12226514668.0622,12.253980812976,Asia,2.101989053931527,8.898305084745761,-1.747572815533982
Mongolia,MNG,2015,279000000.0,467000.0,5.43303698267237,,8.9445887556762,11619892590.6941,5.7356828193832,Asia,2.4010548963545477,8.560311284046684,-7.707509881422925
Mongolia,MNG,2016,379000000.0,471000.0,6.76198889468564,,9.56228126487515,11181350649.3573,0.733272227314397,Asia,3.3895726185976,35.84229390681004,0.8565310492505418
Mongolia,MNG,2017,462000000.0,543000.0,6.79346852207479,,9.47410191948952,11480847740.736,4.30143105302342,Asia,4.024093084700927,21.899736147757267,15.286624203821653
Mongolia,MNG,2018,526000000.0,598000.0,6.81877429502399,,9.69597228683613,13178094720.4986,6.82424790145522,Asia,3.9914722966879577,13.85281385281385,10.128913443830578
Mongolia,MNG,2019,605000000.0,637000.0,7.18904942972643,,11.2009910356324,14206359017.5143,7.30106953550723,Asia,4.25865627677103,15.019011406844097,6.521739130434789
Mongolia,MNG,2020,49000000.0,66900.0015258789,0.640892938603591,,7.8062634158588,13312981429.0891,3.79604026111247,Asia,0.36806180689874723,-91.90082644628099,-89.4976449723895
Montenegro,MNE,1999,660000000.0,136000.0,41.7351421120594,,1.82965161439175,828950327.353261,2.92451258123648,Europe,79.618763419432,,
Montenegro,MNE,2000,660000000.0,136000.0,41.7351421120594,,1.82965161439175,984293043.811565,2.92451258123648,Europe,67.05320170141847,0.0,0.0
Montenegro,MNE,2001,660000000.0,136000.0,41.7351421120594,,1.82965161439175,1159869245.92513,2.92451258123648,Europe,56.902965771247224,0.0,0.0
Montenegro,MNE,2002,660000000.0,136000.0,41.7351421120594,,1.82965161439175,1284685050.52413,2.92451258123648,Europe,51.37445942339961,0.0,0.0
Montenegro,MNE,2003,660000000.0,142000.0,41.7351421120594,,1.82965161439175,1707710053.14938,2.92451258123648,Europe,38.648247036012926,0.0,4.4117647058823595
Montenegro,MNE,2004,660000000.0,188000.0,41.7351421120594,,1.82965161439175,2073234417.68066,2.92451258123648,Europe,31.83431619557744,0.0,32.3943661971831
Montenegro,MNE,2005,660000000.0,272000.0,41.7351421120594,,1.82965161439175,2257174480.78597,2.92451258123648,Europe,29.24009666147659,0.0,44.6808510638298
Montenegro,MNE,2006,660000000.0,378000.0,41.7351421120594,,1.82965161439175,2721903148.91482,2.92451258123648,Europe,24.247740051409675,0.0,38.970588235294116
Montenegro,MNE,2007,660000000.0,984000.0,41.7351421120594,,1.82965161439175,3680711743.77224,4.34712215656112,Europe,17.93131453764939,0.0,160.31746031746033
Montenegro,MNE,2008,859000000.0,1031000.0,47.2614456900565,,1.88262655916003,4545674527.61096,8.75872769588798,Europe,18.897085455246156,30.151515151515152,4.77642276422765
Montenegro,MNE,2009,792000000.0,1044000.0,55.1053143560369,,2.79848605161446,4159330369.5471,3.46672373207793,Europe,19.04152663127452,-7.799767171129224,1.2609117361784605
Montenegro,MNE,2010,765000000.0,1088000.0,51.0939234325934,,2.81080596306066,4142983843.4912,0.654946570148479,Europe,18.46495252936713,-3.409090909090906,4.214559386973171
Montenegro,MNE,2011,926000000.0,1201000.0,48.0688758592736,,2.41065582664515,4544428421.49513,3.4501431124869,Europe,20.376599961835097,21.04575163398692,10.386029411764696
Montenegro,MNE,2012,860000000.0,1264000.0,50.5704048021386,,2.47565519115633,4087526241.81268,4.14524724981119,Europe,21.039620276997148,-7.127429805615549,5.245628642797673
Montenegro,MNE,2013,929000000.0,1324000.0,50.4244888505443,,2.95342338192527,4465772400.37453,2.20589268141178,Europe,20.80267234223777,8.02325581395349,4.746835443037978
Montenegro,MNE,2014,959000000.0,1350000.0,52.0514145685457,,2.87047071047184,4593853290.963,-0.710514051710227,Europe,20.87572108335586,3.229278794402579,1.9637462235649439
Montenegro,MNE,2015,947000000.0,1560000.0,55.2680995492177,,2.80491057800996,4054730077.57718,1.54869158222486,Europe,23.35543875625527,-1.2513034410844615,15.555555555555545
Montenegro,MNE,2016,978000000.0,1662000.0,54.811079828975,,3.29333170932338,4376930578.32395,-0.271385023385176,Europe,22.344425676829076,3.2734952481520585,6.538461538461537
Montenegro,MNE,2017,1110000000.0,1877000.0,54.8056583832202,,2.89243172552071,4856599480.79882,2.3802359905313,Europe,22.855498057612643,13.496932515337434,12.936221419975924
Montenegro,MNE,2018,1224000000.0,2077000.0,52.1634671601858,,1.99140726234691,5506942238.35668,2.611223782638,Europe,22.22649061896194,10.270270270270277,10.655301012253604
Montenegro,MNE,2019,1276000000.0,2510000.0,52.6262954095167,,1.99989456949972,5542054181.12616,0.361563704540767,Europe,23.02395390405067,4.2483660130719025,20.847376023110264
Montenegro,MNE,2020,180000000.0,351000.0,14.4298170246928,,1.30293023685118,4769996866.00758,-0.255655699848551,Europe,3.7735873849883146,-85.8934169278997,-86.01593625498008
Morocco,MAR,1999,2177000000.0,4088000.0,24.6893853464198,1545000.0,5.69297115651861,46266428648.1433,0.684782608695643,Africa,4.705355618770813,,
Morocco,MAR,2000,2280000000.0,4458000.0,25.760131403362,1508000.0,4.62349277383786,43017455401.8445,1.89463456763464,Africa,5.300174030987055,4.731281580156188,9.050880626223101
Morocco,MAR,2001,2966000000.0,4596000.0,31.0651925553898,1701000.0,5.52580590607681,43831480207.6444,0.619801875297975,Africa,6.766826002564971,30.08771929824561,3.0955585464333746
Morocco,MAR,2002,3157000000.0,4709000.0,30.0020105836074,1533000.0,5.74863667374901,47077192187.6418,2.79561966936936,Africa,6.706007417385316,6.439649359406618,2.4586597040905156
Morocco,MAR,2003,3802000000.0,5021000.0,30.8257480029889,1612000.0,6.00899154408846,58029363354.2757,1.16773367477592,Africa,6.551855440474795,20.43078872347166,6.625610533021864
Morocco,MAR,2004,4540000000.0,5732000.0,31.3139794913045,1603000.0,5.14500008968015,66114145451.0067,1.49344403381774,Africa,6.866911716138457,19.41083640189374,14.16052579167497
Morocco,MAR,2005,5426000000.0,6077000.0,32.7022972875271,2247000.0,4.86290513581999,68852658068.6673,0.982641660015951,Africa,7.880596264836439,19.515418502202643,6.018841591067692
Morocco,MAR,2006,6900000000.0,6777000.0,35.5394189542667,2135000.0,4.66553099931046,75883823300.8545,3.28476166954811,Africa,9.092847065235182,27.165499447106534,11.51884153365148
Morocco,MAR,2007,8307000000.0,7701000.0,34.6854749766219,2669000.0,4.52022787554326,86947913286.728,2.04208512673344,Africa,9.553995818859986,20.39130434782608,13.634351482957063
Morocco,MAR,2008,8885000000.0,8209000.0,29.0797222179883,3421000.0,4.40816722312755,101822906949.063,3.71484311494064,Africa,8.72593433660731,6.957987239677377,6.596545903129458
Morocco,MAR,2009,7980000000.0,8661000.0,33.2516448934438,2293000.0,4.90469457160769,101154952240.881,0.971862998667636,Africa,7.888887121410695,-10.18570624648284,5.506151784626634
Morocco,MAR,2010,8176000000.0,9752000.0,30.2305822986918,2175000.0,5.07855159222507,100865329473.44,0.993557401226392,Africa,8.105857624896686,2.4561403508772006,12.596697840895965
Morocco,MAR,2011,9101000000.0,9784000.0,28.5792243041453,2378000.0,4.92294988768602,110080631332.375,0.9069249096918,Africa,8.267576130191918,11.313600782778854,0.3281378178835004
Morocco,MAR,2012,8491000000.0,9830000.0,26.2565292141768,2323000.0,4.45617594574163,106937392311.129,1.28712240079219,Africa,7.940159953868951,-6.702560158224369,0.47015535568275535
Morocco,MAR,2013,8201000000.0,10349000.0,25.1453315874736,2195000.0,4.22141802821922,115739287305.08,1.88065466724086,Africa,7.085752980647604,-3.415380991638206,5.279755849440493
Morocco,MAR,2014,9070000000.0,10507000.0,25.0459343659529,1850000.0,4.55476439304312,119130841411.664,0.442310053557048,Africa,7.613477662478731,10.596268747713689,1.526717557251911
Morocco,MAR,2015,7765000000.0,10542000.0,23.3236963151608,1910000.0,5.22802387831421,110413823841.592,1.5579071134626,Africa,7.032633894774132,-14.388092613009917,0.3331112591605567
Morocco,MAR,2016,7922000000.0,10677000.0,23.0328509444214,1864000.0,5.12256917182939,111572947004.917,1.63531114327064,Africa,7.100287491421087,2.021893110109474,1.2805919180421066
Morocco,MAR,2017,9086000000.0,11540000.0,23.3956903946414,1849000.0,5.72815313778767,118540573367.844,0.754663249323619,Africa,7.664886158265134,14.693259277960102,8.082794792544723
Morocco,MAR,2018,9520000000.0,12489000.0,22.0098212261765,1923000.0,5.39316668161603,127341147581.818,1.80391671141896,Africa,7.4759810012575105,4.776579352850541,8.223570190641238
Morocco,MAR,2019,9949000000.0,13109000.0,22.5867332268595,2009000.0,5.73410607580343,128920266409.458,0.303386036590383,Africa,7.717173007075101,4.50630252100841,4.96436864440708
Morocco,MAR,2020,4514000000.0,2802000.0,12.0227919278399,646000.0,3.25508292176637,121353645057.144,0.705968661338261,Africa,3.7197069753235765,-54.628605890039196,-78.62537188191318
Mozambique,MOZ,1999,65000000.0,404000.0,6.61164841899537,,6.46857435495172,6285219691.22462,6.42755278070092,Africa,1.0341722834406657,,
Mozambique,MOZ,2000,65000000.0,404000.0,6.61164841899537,,6.46857435495172,5930685214.61595,6.42755278070092,Africa,1.095994773754135,0.0,0.0
Mozambique,MOZ,2001,65000000.0,404000.0,6.61164841899537,,6.46857435495172,5650154067.10346,6.42755278070092,Africa,1.1504111078748356,0.0,0.0
Mozambique,MOZ,2002,65000000.0,943000.0,6.61164841899537,,6.46857435495172,5950769426.60213,6.42755278070092,Africa,1.0922957241365474,0.0,133.41584158415841
Mozambique,MOZ,2003,106000000.0,726000.0,6.61164841899537,,6.46857435495172,6583526860.58062,6.42755278070092,Africa,1.610079251513095,63.07692307692307,-23.01166489925769
Mozambique,MOZ,2004,96000000.0,711000.0,6.61164841899537,,6.46857435495172,7937255565.35765,6.42755278070092,Africa,1.209486064918892,-9.433962264150942,-2.066115702479343
Mozambique,MOZ,2005,138000000.0,954000.0,6.61164841899537,,6.46857435495172,8868504899.94673,6.42755278070092,Africa,1.5560683740596335,43.75,34.17721518987342
Mozambique,MOZ,2006,145000000.0,1095000.0,5.22189294428279,,5.7673043378129,9509835536.93373,13.2450879070998,Africa,1.5247371990488974,5.072463768115942,14.779874213836486
Mozambique,MOZ,2007,182000000.0,1259000.0,6.33958896819362,,5.69845507138935,10811456005.9405,8.48948675497455,Africa,1.6833995337908014,25.517241379310352,14.97716894977168
Mozambique,MOZ,2008,213000000.0,1439000.0,6.63849125289591,,5.22917645130104,12920340964.6544,14.5028053002268,Africa,1.6485633048128883,17.03296703296704,14.297061159650525
Mozambique,MOZ,2009,217000000.0,1711000.0,7.86558535327128,,5.53031221312163,12263894790.0125,3.78861330914628,Africa,1.7694215721478705,1.8779342723004744,18.902015288394725
Mozambique,MOZ,2010,135000000.0,1836000.0,5.23631450152083,,5.22621416224497,11411894723.864,12.4255421735155,Africa,1.1829762126853005,-37.78801843317973,7.305669199298648
Mozambique,MOZ,2011,171000000.0,2013000.0,4.90777474041301,,3.46537907861535,14619279988.716,11.1666056127875,Africa,1.1696882482036572,26.66666666666666,9.640522875817004
Mozambique,MOZ,2012,224000000.0,2206000.0,4.81964164395901,,1.9917988604442,16688114144.0745,2.60245456956609,Africa,1.342272698197815,30.99415204678362,9.587680079483363
Mozambique,MOZ,2013,228000000.0,1970000.0,4.7817718609597,,2.52749633779479,17198073057.1981,4.26135250941972,Africa,1.3257299189374743,1.7857142857142794,-10.698096101541255
Mozambique,MOZ,2014,225000000.0,1751000.0,4.84784929563623,,2.85129142985992,17978246586.0662,2.55974875844295,Africa,1.2515124816142151,-1.3157894736842146,-11.116751269035529
Mozambique,MOZ,2015,202000000.0,1634000.0,4.8840738691601,,3.04187559881144,16208985769.615,3.55075967356746,Africa,1.2462223292136185,-10.222222222222221,-6.6818960593946315
Mozambique,MOZ,2016,114000000.0,1715000.0,3.02492700040369,,3.69513409686847,12069051237.1711,17.4180418197597,Africa,0.9445647197925128,-43.56435643564357,4.957160342717248
Mozambique,MOZ,2017,164000000.0,1514000.0,3.03010932563729,,2.94418745280321,13264640645.7768,15.1132073899384,Africa,1.2363697169000532,43.85964912280702,-11.720116618075805
Mozambique,MOZ,2018,331000000.0,2870000.0,4.85639949737129,,1.18278748105744,15017358952.8452,3.91133439990723,Africa,2.2041159237076666,101.82926829268291,89.56406869220608
Mozambique,MOZ,2019,324000000.0,2033000.0,5.66652398610687,,1.01152994956997,15512759046.672,2.80270307928106,Africa,2.088603316954818,-2.114803625377648,-29.163763066202087
Mozambique,MOZ,2020,113000000.0,2033000.0,2.51037793162729,,1.09052635257041,14235420174.1884,3.48393567493209,Africa,0.7937946236732168,-65.12345679012346,0.0
Myanmar,MMR,1999,222000000.0,435000.0,12.414948991979,,1.06216801789363,8486832800.88498,18.4010433741609,Asia,2.615816821286388,,
Myanmar,MMR,2000,195000000.0,416000.0,9.2428363620813,,1.21923332955228,8905066163.58643,-0.109165514668565,Asia,2.189764752084286,-12.16216216216216,-4.367816091954024
Myanmar,MMR,2001,132000000.0,475000.0,5.34248770507595,,1.3632225868743,6477790688.22844,21.101305376923,Asia,2.0377317877817944,-32.30769230769231,14.182692307692314
Myanmar,MMR,2002,136000000.0,487000.0,5.61426529820376,,1.77801837832048,6777632512.0781,57.0745112621703,Asia,2.0066003838012874,3.0303030303030276,2.5263157894736876
Myanmar,MMR,2003,70000000.0,597000.0,2.68261458939989,,1.81038388060903,10467109977.6717,36.5897175323924,Asia,0.6687614838224024,-48.529411764705884,22.587268993839828
Myanmar,MMR,2004,97000000.0,657000.0,3.32159731164855,,1.45135732346784,10567354056.4049,4.53421374129692,Asia,0.9179213593322167,38.57142857142857,10.050251256281406
Myanmar,MMR,2005,83000000.0,660000.0,2.19397190483303,,1.68697422025122,11986972418.5103,9.36861814196704,Asia,0.6924183780704399,-14.432989690721653,0.45662100456620447
Myanmar,MMR,2006,59000000.0,630000.0,1.30089995380253,,1.52279658965959,14502553709.8303,19.9964873359214,Asia,0.40682490256876547,-28.915662650602414,-4.545454545454541
Myanmar,MMR,2007,97000000.0,716000.0,1.69068006596403,,1.17939858197184,20182477480.5512,35.0245970717698,Asia,0.4806149299236124,64.40677966101696,13.650793650793647
Myanmar,MMR,2008,80000000.0,731000.0,1.27753149851912,,1.38722733693884,31862554101.9378,26.7995371934022,Asia,0.25107842812618275,-17.525773195876294,2.0949720670391025
Myanmar,MMR,2009,75000000.0,763000.0,1.199493248419,,1.4375668160105366,36906181380.8127,1.47234311385647,Asia,0.2032179900329435,-6.25,4.377564979480164
Myanmar,MMR,2010,91000000.0,792000.0,1.18120918059983,,1.4879062950822333,49540813342.4834,7.71838195873614,Asia,0.1836869317645287,21.333333333333336,3.8007863695937116
Myanmar,MMR,2011,334000000.0,816000.0,3.94915779876243,,1.53824577415393,59977326085.9908,5.0214601462073,Asia,0.5568771097283278,267.032967032967,3.0303030303030276
Myanmar,MMR,2012,550000000.0,1059000.0,5.8191109278028,,2.91594485023438,59937796648.2158,1.46758322674679,Asia,0.9176179819021962,64.67065868263472,29.779411764705888
Myanmar,MMR,2013,964000000.0,2044000.0,7.93443321931033,,1.11917119711292,60269732854.827,5.64303883425501,Asia,1.5994761455505495,75.27272727272727,93.01227573182247
Myanmar,MMR,2014,1687000000.0,3081000.0,12.8379914508916,,0.844265205444211,65531374199.6742,4.953299184844,Asia,2.574339422304358,75.0,50.73385518590998
Myanmar,MMR,2015,2199000000.0,4681000.0,16.0439767697153,,0.903214509525419,59607290407.5944,9.45417189526018,Asia,3.6891460506982408,30.349733254297572,51.93119117169751
Myanmar,MMR,2016,2289000000.0,2907000.0,17.5849296887211,,1.31172391071001,63298361996.2153,6.92882525816076,Asia,3.6162073200833573,4.092769440654842,-37.897885067293316
Myanmar,MMR,2017,1988000000.0,3443000.0,14.5868947258196,,0.736781682658492,66053040483.0016,4.5725365531752,Asia,3.009702483735932,-13.149847094801226,18.438252493980055
Myanmar,MMR,2018,1670000000.0,3551000.0,10.6181329827517,,0.632232994778904,67860515989.517,6.87232865662935,Asia,2.4609303004091205,-15.995975855130784,3.1367993029334906
Myanmar,MMR,2019,2501000000.0,4364000.0,14.2723589404508,,1.23299325501045,75065106227.6892,8.82506696804558,Asia,3.331774409822201,49.76047904191616,22.89495916643198
Myanmar,MMR,2020,2501000000.0,903000.0,14.2723589404508,,1.23299325501045,79006113643.1906,8.82506696804558,Asia,3.1655778074277636,0.0,-79.30797433547204
Namibia,NAM,1999,145000000.0,694000.0,9.77559818853132,,0.798355510012012,3868551730.39163,7.1361531145863,Africa,3.7481727040346704,,
Namibia,NAM,2000,145000000.0,759000.0,9.77559818853132,,0.798355510012012,3922232164.83175,7.1361531145863,Africa,3.6968744813253553,0.0,9.365994236311238
Namibia,NAM,2001,250000000.0,700000.0,17.5192608977258,,0.798355510012012,3557341215.15159,7.1361531145863,Africa,7.027720560939968,72.41379310344827,-7.773386034255603
Namibia,NAM,2002,244000000.0,799000.0,18.244217258746,,0.798355510012012,3349169826.38896,7.1361531145863,Africa,7.285387503418369,-2.400000000000002,14.142857142857146
Namibia,NAM,2003,383000000.0,739000.0,22.8453669564848,,0.798355510012012,4926439383.51425,7.1361531145863,Africa,7.774377601836825,56.9672131147541,-7.509386733416767
Namibia,NAM,2004,426000000.0,986000.0,18.4990751403333,,0.798355510012012,6609205994.77406,4.13663213144748,Africa,6.445554887180712,11.22715404699739,33.42354533152909
Namibia,NAM,2005,362000000.0,856000.0,14.6307945732362,,0.798355510012012,7248374837.72056,2.28194607024307,Africa,4.994222954863636,-15.02347417840375,-13.184584178498982
Namibia,NAM,2006,474000000.0,961000.0,14.9324747579497,,0.798355510012012,8001779551.06323,4.96116689298916,Africa,5.923682313105185,30.939226519337026,12.266355140186924
Namibia,NAM,2007,541000000.0,1048000.0,15.386302225956,,0.798355510012012,8839536475.99963,6.54788141101717,Africa,6.120230415575273,14.135021097046408,9.053069719042671
Namibia,NAM,2008,485000000.0,1079000.0,13.1105919213719,,0.798355510012012,8607431497.49471,9.0946430719281,Africa,5.634665813386545,-10.351201478743066,2.958015267175562
Namibia,NAM,2009,507000000.0,1100000.0,13.9402154066992,,0.798355510012012,8938847189.07592,9.45172651521705,Africa,5.671872326216739,4.53608247422681,1.9462465245597693
Namibia,NAM,2010,471000000.0,1114000.0,10.2457399066847,,0.70933862378528,11431412421.1316,4.8749198764395,Africa,4.120225766059585,-7.100591715976334,1.2727272727272698
Namibia,NAM,2011,516000000.0,1163000.0,11.0439023883179,,0.883640773506324,12523359440.5499,5.005595180812,Africa,4.120300167455246,9.554140127388532,4.398563734290839
Namibia,NAM,2012,416000000.0,1245000.0,8.5376948107565,,0.752132020468249,13042053591.6857,6.72199777334886,Africa,3.1896817251632807,-19.379844961240313,7.050730868443678
Namibia,NAM,2013,357000000.0,1327000.0,8.19742717159773,,0.686331309354747,12043307277.1235,5.60092502290401,Africa,2.9643020126051964,-14.182692307692314,6.586345381526115
Namibia,NAM,2014,552000000.0,1429000.0,11.4369814911631,,0.876666406265809,12435430969.6301,5.35016966859602,Africa,4.438929389323928,54.6218487394958,7.686510926902779
Namibia,NAM,2015,540000000.0,1488000.0,13.2076795639651,,1.00972029068849,11335161083.5061,3.39401538410559,Africa,4.763937592256709,-2.1739130434782594,4.12876137158853
Namibia,NAM,2016,295000000.0,1551000.0,7.90274536616909,,1.3019365111524,10722018732.0936,6.72858234593338,Africa,2.751347552835303,-45.370370370370374,4.233870967741926
Namibia,NAM,2017,449000000.0,1581000.0,10.0147395148651,,1.4911658230161,12895153370.9132,6.14579981111164,Africa,3.481928342262152,52.20338983050847,1.934235976789167
Namibia,NAM,2018,488000000.0,1639000.0,9.85484746099805,,1.08677826361624,13682019076.4022,4.29159105337875,Africa,3.5667250372546886,8.685968819599111,3.668564199873492
Namibia,NAM,2019,451000000.0,1651000.0,9.84112220384802,,2.03161583672827,12541928303.48,3.72239414422695,Africa,3.595938272704536,-7.581967213114749,0.7321537522879895
Namibia,NAM,2020,155000000.0,187100.006103516,3.99163629632835,,1.57604140005093,10583748541.5258,2.20938236933469,Africa,1.4645094731025659,-65.63192904656319,-88.66747388833943
Nauru,NRU,1999,600000.0,,1.86518450762655,,5.74784925852208,27328612.6080962,0.3003003003003,Oceania,2.195501135034743,,
Nauru,NRU,2000,600000.0,,1.86518450762655,,5.74784925852208,26930980.3429002,0.3003003003003,Oceania,2.2279174109537294,0.0,
Nauru,NRU,2001,600000.0,,1.86518450762655,,5.74784925852208,22613287.5389074,0.3003003003003,Oceania,2.653307260024298,0.0,
Nauru,NRU,2002,600000.0,,1.86518450762655,,5.74784925852208,21017423.6082043,0.3003003003003,Oceania,2.8547742634153583,0.0,
Nauru,NRU,2003,600000.0,,1.86518450762655,,5.74784925852208,24778159.5806639,0.3003003003003,Oceania,2.421487350772497,0.0,
Nauru,NRU,2004,600000.0,,1.86518450762655,,5.74784925852208,30587565.7988334,0.3003003003003,Oceania,1.9615813953488375,0.0,
Nauru,NRU,2005,600000.0,,1.86518450762655,,5.74784925852208,30070666.0652533,0.3003003003003,Oceania,1.995300000000003,0.0,
Nauru,NRU,2006,600000.0,,1.86518450762655,,5.74784925852208,29200359.3890386,0.3003003003003,Oceania,2.0547692307692333,0.0,
Nauru,NRU,2007,600000.0,,1.86518450762655,,5.74784925852208,22766972.1889659,0.3003003003003,Oceania,2.635396551724134,0.0,
Nauru,NRU,2008,600000.0,,1.86518450762655,,5.74784925852208,37602264.7306872,0.3003003003003,Oceania,1.5956485714285717,0.0,
Nauru,NRU,2009,500000.0,,1.28061336130218,,8.56708234557859,44176245.5492433,0.3003003003003,Oceania,1.131829999999999,-16.666666666666664,
Nauru,NRU,2010,600000.0,,2.30591019231258,,12.2685139520681,47562844.6104251,0.3003003003003,Oceania,1.2614888888888882,19.999999999999996,
Nauru,NRU,2011,1000000.0,,2.34492241684585,,6.26065565103971,65444173.7762725,0.3003003003003,Oceania,1.5280199019986114,66.66666666666667,
Nauru,NRU,2012,1000000.0,,1.44681222867005,,3.60178474768263,100794924.670417,-0.124750499001971,Oceania,0.9921134454634866,0.0,
Nauru,NRU,2013,1500000.0,,1.79991796574581,,6.15172327765466,94385014.9425842,-0.124750499001971,Oceania,1.5892353260869556,50.0,
Nauru,NRU,2014,6800000.0,,8.32464740424062,,11.1607329193487,98752257.0453222,-0.124750499001971,Oceania,6.885918563743966,353.3333333333333,
Nauru,NRU,2015,1700000.0,,4.13408630788622,,6.48700337983364,84383388.6448573,-0.124750499001971,Oceania,2.014614519872811,-75.0,
Nauru,NRU,2016,3400000.0,,6.334529440184,,10.2891514455305,97276023.0784346,-0.124750499001971,Oceania,3.49520867774225,100.0,
Nauru,NRU,2017,3900000.0,,9.77854200755806,,9.82845833623804,108862278.516511,-0.124750499001971,Oceania,3.5825081498808538,14.705882352941169,
Nauru,NRU,2018,1600000.0,,2.31602895911421,,6.5437169727444,130937589.753517,-0.124750499001971,Oceania,1.2219562029604443,-58.97435897435898,
Nauru,NRU,2019,1600000.0,,2.31602895911421,,6.5437169727444,124871111.377973,-0.124750499001971,Oceania,1.2813211817719408,0.0,
Nauru,NRU,2020,1600000.0,,2.31602895911421,,6.5437169727444,124530027.301054,-0.124750499001971,Oceania,1.2848306827492824,0.0,
Nepal,NPL,1999,229000000.0,492000.0,18.068554825959,125000.0,6.79705556739603,5033642384.10596,7.4511126095755,Asia,4.549389537943375,,
Nepal,NPL,2000,219000000.0,464000.0,17.0816628836972,155000.0,6.0892003688018,5494252207.90502,2.47882020709132,Asia,3.985983746521632,-4.366812227074234,-5.691056910569103
Nepal,NPL,2001,191000000.0,361000.0,16.8459545379877,200000.0,7.52743302800125,6007055042.17687,2.68830373545629,Asia,3.179594637621039,-12.785388127853881,-22.19827586206896
Nepal,NPL,2002,134000000.0,275000.0,14.2972698555039,238000.0,6.49753552332066,6050875806.66403,3.02939948714896,Asia,2.214555450839387,-29.84293193717278,-23.822714681440438
Nepal,NPL,2003,232000000.0,338000.0,21.57523593751,258000.0,6.15902624646142,6330473096.54071,5.70700931874737,Asia,3.6648129841476855,73.13432835820895,22.9090909090909
Nepal,NPL,2004,260000000.0,385000.0,21.0709393202306,286000.0,8.94021476424276,7273938314.71988,2.84181131248978,Asia,3.574404796282805,12.06896551724137,13.905325443786975
Nepal,NPL,2005,160000000.0,375000.0,12.4685602767347,373000.0,8.15139473875173,8130258377.90964,6.83633265892875,Asia,1.967957136943259,-38.46153846153846,-2.5974025974025983
Nepal,NPL,2006,157000000.0,384000.0,12.7179603604367,415000.0,8.89611573649046,9043715355.8881,6.92033580707587,Asia,1.7360121788638767,-1.8750000000000044,2.400000000000002
Nepal,NPL,2007,234000000.0,527000.0,16.2922561842215,469000.0,10.9981413791875,10325618017.379,2.26921924439073,Asia,2.2662081785918837,49.04458598726114,37.23958333333333
Nepal,NPL,2008,353000000.0,500000.0,20.6404215689646,561000.0,12.4682878745233,12545438605.3959,9.90783005306479,Asia,2.813771691076402,50.85470085470085,-5.123339658444026
Nepal,NPL,2009,439000000.0,510000.0,28.4723503879719,589000.0,11.2133692495575,12854985464.0764,11.0948237386987,Asia,3.415017474946177,24.362606232294624,2.0000000000000018
Nepal,NPL,2010,378000000.0,603000.0,24.0529678870287,765000.0,8.98134940266035,16002656434.4746,9.32650410745394,Asia,2.3621078259586503,-13.89521640091116,18.23529411764706
Nepal,NPL,2011,415000000.0,736000.0,22.2826552317075,774000.0,6.51441990223937,21573872420.7008,9.22707546125951,Asia,1.9236231303648326,9.788359788359791,22.056384742951906
Nepal,NPL,2012,379000000.0,803000.0,19.6517218857967,862000.0,8.2100200362553,21703100877.1309,9.45980980357135,Asia,1.7462942376098973,-8.674698795180724,9.103260869565212
Nepal,NPL,2013,460000000.0,798000.0,21.0484136978655,983000.0,7.95201540498489,22162204924.5726,9.04016311917636,Asia,2.0756057511676995,21.37203166226913,-0.6226650062266526
Nepal,NPL,2014,511000000.0,790000.0,21.1963298100727,1036500.0,7.74704414076486,22731612922.1906,8.36415469659563,Asia,2.24797070823409,11.086956521739122,-1.0025062656641603
Nepal,NPL,2015,509000000.0,539000.0,22.6861552657591,1090000.0,8.67528448007122,24360801286.7638,7.86890895590899,Asia,2.0894222402961766,-0.3913894324853229,-31.77215189873418
Nepal,NPL,2016,498000000.0,753000.0,23.5284959918273,1143500.0,6.33045342291167,24524109483.5293,8.79034332004633,Asia,2.0306547739662597,-2.16110019646365,39.70315398886828
Nepal,NPL,2017,712000000.0,940000.0,29.2949020019005,1197000.0,7.49339114502705,28971588940.364,3.62709610696607,Asia,2.4575800846325775,42.971887550200805,24.833997343957503
Nepal,NPL,2018,740000000.0,1173000.0,27.6366451416176,1197000.0,6.25074209158927,33111525237.149,4.0611633875107,Asia,2.234871376960212,3.93258426966292,24.787234042553187
Nepal,NPL,2019,801000000.0,1197000.0,29.3812719880356,1197000.0,5.15310843006844,34186180699.0255,5.56868547784929,Asia,2.343052027519509,8.243243243243237,2.0460358056265893
Nepal,NPL,2020,238000000.0,230000.0,13.4362036771379,1197000.0,2.4966263369761,33433659301.2466,5.05236655289212,Asia,0.711857466320254,-70.28714107365792,-80.78529657477026
Netherlands,NLD,1999,12451000000.0,9874000.0,5.14595501853017,14184000.0,6.02734851865968,447778514140.155,2.15717918055059,Europe,2.780615774722685,,
Netherlands,NLD,2000,11285000000.0,10003000.0,4.56637612243135,13896000.0,5.89960692936136,417649282153.726,2.36052233801948,Europe,2.7020278693658284,-9.36470966187455,1.306461413814053
Netherlands,NLD,2001,11147000000.0,9500000.0,4.49991585351546,14214000.0,5.65438577602866,432536219668.898,4.15584127195613,Europe,2.5771252193707417,-1.2228622064687666,-5.028491452564232
Netherlands,NLD,2002,11745000000.0,9595000.0,4.5113153611945,16719000.0,5.84823188649811,475529972122.746,3.28753104712771,Europe,2.4698758624132164,5.364672109087643,1.0000000000000009
Netherlands,NLD,2003,14603000000.0,9181000.0,4.53113826273956,16425000.0,5.54707631350635,582435617081.96,2.09199838997655,Europe,2.5072299103481983,24.333759046402715,-4.314747264200102
Netherlands,NLD,2004,16495000000.0,9646000.0,4.01987648523449,17130000.0,4.66448959945695,661224886143.245,1.2636473918318,Europe,2.4946127022246696,12.956241868109286,5.064807755146505
Netherlands,NLD,2005,16642500000.0,10012000.0,3.845627114204319,17039000.0,4.506828335025721,688133699635.797,1.68813017869623,Europe,2.418498034438401,0.8942103667778145,3.79431888865851
Netherlands,NLD,2006,16790000000.0,10739000.0,3.6713777431741477,16695000.0,4.3491670705944925,737593995289.411,1.10150106517702,Europe,2.276320049678832,0.8862851134144423,7.261286456252503
Netherlands,NLD,2007,16937500000.0,11008000.0,3.497128372143976,17523000.0,4.191505806163264,853499460872.552,1.61385859802103,Europe,1.9844769418699348,0.8784991066110859,2.5048887233448225
Netherlands,NLD,2008,17085000000.0,10104000.0,3.322879001113805,18399000.0,4.033844541732035,957901566041.406,2.48650198289454,Europe,1.783586185228294,0.870848708487082,-8.21220930232558
Netherlands,NLD,2009,17232500000.0,9921000.0,3.148629630083634,18340000.0,3.8761832773008065,878954223140.234,1.1897768702155,Europe,1.9605685422880794,0.8633304067895864,-1.8111638954869336
Netherlands,NLD,2010,17380000000.0,10883000.0,2.9743802590534623,18368000.0,3.7185220128695775,852464982433.335,1.27530569556683,Europe,2.038793423559678,0.8559408095168974,9.696603165003538
Netherlands,NLD,2011,17527500000.0,11300000.0,2.800130888023291,18560000.0,3.5608607484383485,913140741332.687,2.34107017751373,Europe,1.9194740971057123,0.8486766398158707,3.8316640632178656
Netherlands,NLD,2012,17675000000.0,11680000.0,2.62588151699312,18628000.0,3.40319948400712,845689017065.625,2.45554765291604,Europe,2.0900117706776875,0.8415347311367949,3.3628318584070893
Netherlands,NLD,2013,19429000000.0,12783000.0,2.73420040007601,18094000.0,3.38089836355838,883951539006.669,2.50689852657885,Europe,2.197971171794455,9.923620933521926,9.443493150684933
Netherlands,NLD,2014,19669000000.0,13925000.0,2.68171950565352,17928000.0,3.73095777671476,901556501756.467,0.976035079699679,Europe,2.181671360772138,1.2352668691131719,8.933740123601662
Netherlands,NLD,2015,17558000000.0,15007000.0,2.69468597424486,17535000.0,3.41855451967706,775743675302.734,0.600248147278776,Europe,2.263376493936349,-10.732624942803392,7.770197486535002
Netherlands,NLD,2016,19421800781.25,15828000.0,3.01279946168159,18152000.0,3.61654994487755,797163949289.885,0.316666666666743,Europe,2.4363621559342934,10.615108675532525,5.47078030252548
Netherlands,NLD,2017,21844699218.75,17924000.0,3.02143962511216,20763000.0,3.52736130317057,848233537845.884,1.38145871407206,Europe,2.5753166131847727,12.47514823568312,13.242355319686627
Netherlands,NLD,2018,23919099609.375,18780000.0,2.95638671423773,20981000.0,3.28562768347078,929733599796.862,1.7034979474447,Europe,2.5726831443545866,9.496127045981373,4.775719705422898
Netherlands,NLD,2019,23723900390.625,20129000.0,2.9935019175237,22045000.0,3.22134573135017,928903005576.469,2.63369910249601,Europe,2.5539696015841997,-0.8160809643248168,7.183173588924396
Netherlands,NLD,2020,10926200195.3125,7265000.0,1.44152948830112,22045000.0,1.12286551083945,932560861701.17,1.27246037789161,Europe,1.171634007391326,-53.94433455120129,-63.90779472403001
New Caledonia,NCL,1999,267000000.0,100000.0,14.900645059514,69000.0,8.12960697026125,3647802049.80911,2.42899693753383,Oceania,7.319476121627052,,
New Caledonia,NCL,2000,267000000.0,110000.0,14.900645059514,69000.0,8.12960697026125,3420032041.07385,2.42899693753383,Oceania,7.806944402666039,0.0,10.000000000000009
New Caledonia,NCL,2001,267000000.0,101000.0,14.900645059514,68000.0,8.12960697026125,3297734891.14661,2.42899693753383,Oceania,8.096466478151768,0.0,-8.18181818181818
New Caledonia,NCL,2002,267000000.0,104000.0,14.900645059514,72000.0,8.12960697026125,3740056747.71979,2.42899693753383,Oceania,7.1389291128478884,0.0,2.970297029702973
New Caledonia,NCL,2003,267000000.0,102000.0,14.900645059514,78000.0,8.12960697026125,4915353827.10576,2.42899693753383,Oceania,5.431958906551677,0.0,-1.9230769230769273
New Caledonia,NCL,2004,267000000.0,100000.0,14.900645059514,89000.0,8.12960697026125,5895008977.9531,2.42899693753383,Oceania,4.529255188559684,0.0,-1.9607843137254943
New Caledonia,NCL,2005,267000000.0,101000.0,14.900645059514,96000.0,8.12960697026125,6238629487.01331,2.42899693753383,Oceania,4.279786138218379,0.0,1.0000000000000009
New Caledonia,NCL,2006,267000000.0,100000.0,14.900645059514,100000.0,8.12960697026125,6979155387.86792,2.42899693753383,Oceania,3.8256778243415286,0.0,-0.990099009900991
New Caledonia,NCL,2007,267000000.0,103000.0,14.900645059514,106000.0,8.12960697026125,8819917180.34265,2.42899693753383,Oceania,3.0272393100819026,0.0,3.0000000000000027
New Caledonia,NCL,2008,267000000.0,104000.0,14.900645059514,112000.0,8.12960697026125,9067619760.07073,2.42899693753383,Oceania,2.944543409018259,0.0,0.9708737864077666
New Caledonia,NCL,2009,236000000.0,99000.0,16.2221918638991,119000.0,9.7412765619784,8704438102.20142,2.42899693753383,Oceania,2.711260591770005,-11.610486891385763,-4.807692307692313
New Caledonia,NCL,2010,226000000.0,99000.0,11.6467443277442,132000.0,7.91567714976275,9364350076.91225,2.42899693753383,Oceania,2.4134082786717004,-4.23728813559322,0.0
New Caledonia,NCL,2011,285000000.0,112000.0,12.4082910585274,124000.0,7.44550910808358,10351448004.7674,2.42899693753383,Oceania,2.753237999830962,26.106194690265493,13.131313131313128
New Caledonia,NCL,2012,288000000.0,112000.0,14.7852793779902,121000.0,7.45306152936575,9659151917.40484,1.74967234600262,Oceania,2.9816282263979343,1.0526315789473717,0.0
New Caledonia,NCL,2013,287000000.0,108000.0,14.9797083984422,121000.0,7.47883332644394,10151382933.1594,1.27761318992718,Oceania,2.8272010019690725,-0.347222222222221,-3.57142857142857
New Caledonia,NCL,2014,287000000.0,107000.0,12.9777700794588,124000.0,7.5678518310266,10635035594.7528,0.178851060785511,Oceania,2.698627545182852,0.0,-0.92592592592593
New Caledonia,NCL,2015,246000000.0,114000.0,13.888829214586,127000.0,6.77607916548542,8738203074.3957,0.570508141048402,Oceania,2.8152241130767313,-14.28571428571429,6.542056074766345
New Caledonia,NCL,2016,248000000.0,116000.0,13.2255604858842,134000.0,7.46403951813906,8724568954.89799,0.578317435520754,Oceania,2.842547308434904,0.8130081300812941,1.7543859649122862
New Caledonia,NCL,2017,248000000.0,121000.0,13.2255604858842,135000.0,7.46403951813906,9174048681.98577,0.578317435520754,Oceania,2.703277566936991,0.0,4.31034482758621
New Caledonia,NCL,2018,248000000.0,120000.0,13.2255604858842,139000.0,7.46403951813906,9896402283.68587,0.578317435520754,Oceania,2.5059611856000013,0.0,-0.8264462809917328
New Caledonia,NCL,2019,248000000.0,130000.0,13.2255604858842,144000.0,7.46403951813906,9475655324.59495,0.578317435520754,Oceania,2.61723323089109,0.0,8.333333333333325
New Caledonia,NCL,2020,248000000.0,31000.0,13.2255604858842,48000.0,7.46403951813906,9454629467.91408,0.578317435520754,Oceania,2.623053614545455,0.0,-76.15384615384615
New Zealand,NZL,1999,2234000000.0,1607000.0,12.2027637723757,1185000.0,7.10942616903238,58762260625.8758,-0.114267129777524,Oceania,3.801759796518557,,
New Zealand,NZL,2000,2272000000.0,1787000.0,12.2027637723757,1283000.0,7.10942616903238,52623281956.7031,2.6152344624632,Oceania,4.317480619831608,1.7009847806624956,11.200995644057254
New Zealand,NZL,2001,2340000000.0,1909000.0,12.2629821537429,1287000.0,7.45698215320651,53872425916.6248,2.62581630392903,Oceania,4.343595002796943,2.992957746478875,6.827084499160607
New Zealand,NZL,2002,3159000000.0,2045000.0,15.1227265679825,1293000.0,7.20871971370365,66627729311.4495,2.67709257711605,Oceania,4.741269187237855,35.00000000000001,7.1241487689889915
New Zealand,NZL,2003,4232000000.0,2104000.0,17.0097957082972,1374000.0,7.09694035306472,88250885550.2626,1.75357444759557,Oceania,4.795419302154988,33.966445077556195,2.8850855745721216
New Zealand,NZL,2004,5098000000.0,2334000.0,16.9243498310544,1733000.0,7.55425335770869,103905210084.034,2.29024902847571,Oceania,4.90639496891153,20.46313799621928,10.931558935361219
New Zealand,NZL,2005,6486000000.0,2366000.0,20.1637405389033,1872000.0,7.98510169716655,114720129550.095,3.03702332617012,Oceania,5.65375930574394,27.226363279717546,1.371036846615259
New Zealand,NZL,2006,6148000000.0,2409000.0,19.0155968059703,1861000.0,7.66118585969761,111538810712.665,3.36540196171993,Oceania,5.511982744587313,-5.211224175146468,1.8174133558748862
New Zealand,NZL,2007,7190000000.0,2455000.0,18.5090972382153,1978000.0,7.86833718137685,137188946865.584,2.37614310290659,Oceania,5.240947003583803,16.948601171112564,1.909506019095053
New Zealand,NZL,2008,6961000000.0,2483000.0,16.2249432518791,1967000.0,6.87766967741206,133131369930.414,3.9589493731206,Oceania,5.228669999894406,-3.184979137691235,1.140529531568224
New Zealand,NZL,2009,5979000000.0,2473000.0,16.8813158899896,1918000.0,7.82397433614911,121373602348.679,2.1156511055456,Oceania,4.926112337692409,-14.107168510271517,-0.4027386226339136
New Zealand,NZL,2010,6523000000.0,2530000.0,15.0663106899651,2026000.0,7.60261738810679,146517541181.254,2.30202385958572,Oceania,4.45202666343583,9.098511456765346,2.3048928427011672
New Zealand,NZL,2011,7295000000.0,2617000.0,14.203822133452,2096000.0,7.2020848409189,168295307149.46,4.0279066739204,Oceania,4.334642553949198,11.835045224589912,3.438735177865615
New Zealand,NZL,2012,7142000000.0,2574000.0,14.0620279143667,2172000.0,7.42957637152315,176210710655.208,1.05991318445632,Oceania,4.053102092059984,-2.097326936257715,-1.6431027894535766
New Zealand,NZL,2013,7434000000.0,2710000.0,13.9652112449647,2197000.0,7.52266975821293,190909855416.34,1.13442266445817,Oceania,3.893984406298871,4.088490618874263,5.283605283605275
New Zealand,NZL,2014,8582000000.0,2854000.0,15.1691080765194,2276000.0,7.56600140059909,201337554959.49,1.227507505974,Oceania,4.262493404038177,15.442561205273076,5.31365313653136
New Zealand,NZL,2015,9464000000.0,3129000.0,19.0748528348265,2412000.0,7.78288833105986,178104220784.881,0.292704628136101,Oceania,5.3137426829602585,10.2773246329527,9.635599159074992
New Zealand,NZL,2016,9773000000.0,3494000.0,19.6295209522259,2611000.0,8.33710079416693,188898209220.167,0.646240284454524,Oceania,5.173685891648264,3.265004226542678,11.665068712048576
New Zealand,NZL,2017,10594000000.0,3723000.0,18.9828383579008,2853000.0,8.32528535122736,206566916732.292,1.85078767452536,Oceania,5.128604409451338,8.400695794535974,6.554092730394956
New Zealand,NZL,2018,10961000000.0,3858000.0,18.8304192093837,3038000.0,7.8858480252394,211846555690.736,1.59829703801696,Oceania,5.174027948795828,3.46422503303756,3.6261079774375427
New Zealand,NZL,2019,10961000000.0,3888000.0,18.8304192093837,3225000.0,7.8858480252394,212846907683.439,1.61963190184048,Oceania,5.149710709587558,0.0,0.7776049766718529
New Zealand,NZL,2020,10961000000.0,996000.0,18.8304192093837,511000.0,7.8858480252394,212697530897.56,1.71456170007245,Oceania,5.153327334711313,0.0,-74.38271604938271
Nicaragua,NIC,1999,128000000.0,530000.0,15.2177686471166,452000.0,5.60802833530106,4856026259.07657,7.06991352252517,North America,2.635900079015238,,
Nicaragua,NIC,2000,128000000.0,581000.0,15.2177686471166,486000.0,6.2877389091272,5109587049.97449,7.06991352252517,North America,2.505094809973715,0.0,9.622641509433972
Nicaragua,NIC,2001,128000000.0,584000.0,15.2177686471166,499000.0,6.46138313982837,5351752034.2221,5.98604186279518,North America,2.3917401101825404,0.0,0.5163511187607606
Nicaragua,NIC,2002,128000000.0,579000.0,15.2177686471166,532000.0,6.33585077804248,5223727302.54906,3.75017465778466,North America,2.4503576198845396,0.0,-0.8561643835616417
Nicaragua,NIC,2003,128000000.0,646000.0,15.2177686471166,562000.0,6.60991963479005,5322228350.58068,5.30238773219936,North America,2.4050076691285636,0.0,11.571675302245254
Nicaragua,NIC,2004,128000000.0,735000.0,15.2177686471166,701000.0,6.32002298190175,5792932838.40051,8.47021063584077,North America,2.209588883052581,0.0,13.777089783281738
Nicaragua,NIC,2005,128000000.0,804000.0,15.2177686471166,740000.0,5.67863151991026,6321324455.16941,9.59909986064425,North America,2.0248921077817013,0.0,9.387755102040817
Nicaragua,NIC,2006,128000000.0,891000.0,15.2177686471166,773000.0,5.91794140181237,6763688874.63732,9.1401996677772,North America,1.8924584257560721,0.0,10.820895522388053
Nicaragua,NIC,2007,128000000.0,978000.0,15.2177686471166,949000.0,5.33668183958562,7423419479.8255,11.1269347446118,North America,1.7242727606578534,0.0,9.764309764309775
Nicaragua,NIC,2008,128000000.0,1011000.0,15.2177686471166,942000.0,5.00339853485386,8496948184.42042,19.8262031287429,North America,1.50642321480428,0.0,3.3742331288343586
Nicaragua,NIC,2009,128000000.0,1010000.0,15.2177686471166,858000.0,5.82201905801551,8298687305.66354,3.68700160498797,North America,1.5424126164224172,0.0,-0.09891196834816984
Nicaragua,NIC,2010,128000000.0,1071000.0,15.2177686471166,908000.0,4.29495867295321,8758572306.31602,5.45513425887423,North America,1.4614253958684122,0.0,6.039603960396045
Nicaragua,NIC,2011,128000000.0,1122000.0,15.2177686471166,912000.0,3.67680853019579,9774320144.00049,8.082387980991,North America,1.3095539957177156,0.0,4.761904761904767
Nicaragua,NIC,2012,128000000.0,1233000.0,15.2177686471166,979000.0,3.38074797295402,10531980451.1847,7.1935505333896,North America,1.2153459702405904,0.0,9.89304812834224
Nicaragua,NIC,2013,128000000.0,1273000.0,15.2177686471166,994000.0,3.84396552920442,10982954744.4415,7.13546785289407,North America,1.165442296525724,0.0,3.244120032441211
Nicaragua,NIC,2014,128000000.0,1390000.0,15.2177686471166,959000.0,3.90417036379769,11880433902.9361,6.03596861798425,North America,1.077401726618473,0.0,9.190887666928504
Nicaragua,NIC,2015,128000000.0,1456000.0,15.2177686471166,925000.0,3.68331579373432,12756685550.3389,3.99737996694396,North America,1.0033954313203204,0.0,4.748201438848931
Nicaragua,NIC,2016,128000000.0,1596000.0,15.2177686471166,981000.0,4.25024336070856,13286101094.3863,3.52317317628473,North America,0.9634128108063479,0.0,9.615384615384626
Nicaragua,NIC,2017,128000000.0,1958000.0,15.2177686471166,982000.0,4.81555754921104,13785924216.2724,3.85067166284727,North America,0.9284832702686229,0.0,22.681704260651635
Nicaragua,NIC,2018,128000000.0,1412000.0,15.2177686471166,974000.0,5.16715525154719,13025234820.8225,4.94723728039886,North America,0.9827078111127461,0.0,-27.88559754851889
Nicaragua,NIC,2019,128000000.0,1455000.0,15.2177686471166,949000.0,4.99080220747021,12699028889.666,5.37628990844126,North America,1.0079510891117167,0.0,3.0453257790368227
Nicaragua,NIC,2020,128000000.0,474000.0,15.2177686471166,325000.0,1.71385365034025,12681569254.2815,3.68181341625572,North America,1.0093388084190382,0.0,-67.42268041237114
Niger,NER,1999,25100000.3814697,39000.0,7.81903555260076,,7.36526787799666,2537789820.69295,-2.30212503849648,Africa,0.9890496122573336,,
Niger,NER,2000,23100000.3814697,50000.0,7.18701736555282,,7.00711151210122,2241753192.81158,2.90014973599108,Africa,1.0304435142790165,-7.968127368940269,28.205128205128215
Niger,NER,2001,30100000.3814697,52000.0,9.13520615550259,,6.8912483042374,2448714703.96617,4.00551428352678,Africa,1.2292163040764568,30.303029802610926,4.0000000000000036
Niger,NER,2002,20200000.7629395,39000.0,6.09245311187011,,5.51439844975888,2782192878.67204,2.62886597938136,Africa,0.7260460235446042,-32.890363764330324,-25.0
Niger,NER,2003,27500000.0,55000.0,6.60951740734379,,5.71405461922965,3394084732.49543,-1.61440769175596,Africa,0.8102331605546335,36.138608719528605,41.025641025641036
Niger,NER,2004,32299999.2370605,57000.0,6.08272107672973,,4.92127482640733,3760443737.53797,0.262543757292838,Africa,0.8589411646990333,17.454542680219998,3.6363636363636376
Niger,NER,2005,43900001.5258789,58000.0,7.7655578340684,,4.00303166497667,4383315964.58718,7.7974978178644,Africa,1.001524915852453,35.91332062791117,1.7543859649122862
Niger,NER,2006,39000000.0,60000.0,6.51041347000257,,3.89693994636347,4756361252.37923,0.0404858299595074,Africa,0.819954539417951,-11.161734295135195,3.4482758620689724
Niger,NER,2007,44000000.0,48000.0,5.88120339496436,,3.73556846903106,5731485051.79069,0.0539592607581562,Africa,0.7676893440776411,12.82051282051282,-19.999999999999996
Niger,NER,2008,86000000.0,73000.0,8.21116705840465,,5.00376118461107,7297600226.00536,11.3051098827019,Africa,1.178469597355234,95.45454545454545,52.08333333333333
Niger,NER,2009,69000000.0,66000.0,6.26594157571432,,3.30831155776992,7352131309.73341,0.582906590801132,Africa,0.9385033685218819,-19.76744186046512,-9.589041095890416
Niger,NER,2010,105500000.0,74000.0,8.29864404518096,,3.38079477657194,7851192502.30917,0.804073080882638,Africa,1.3437449147880485,52.89855072463767,12.12121212121211
Niger,NER,2011,54000000.0,82000.0,4.02557420284342,,1.85864350309122,8772950777.79176,2.94238514013311,Africa,0.6155283594739642,-48.81516587677726,10.81081081081081
Niger,NER,2012,51000000.0,94000.0,3.36032341406015,,4.83046714614185,9426912647.59111,0.45508982035929,Africa,0.5410042705024131,-5.555555555555558,14.634146341463406
Niger,NER,2013,59000000.0,123000.0,3.39827961763998,,2.70221194472837,10224897437.8648,2.29723114955327,Africa,0.5770229027580408,15.686274509803933,30.85106382978724
Niger,NER,2014,100000000.0,135000.0,5.77342426005751,,3.9857594260526,10862943543.5419,-0.930287259984466,Africa,0.9205608001106728,69.4915254237288,9.756097560975618
Niger,NER,2015,80000000.0,135000.0,6.06361573685465,,4.74657272193936,9683867926.44282,-0.576090369833189,Africa,0.8261161821667516,-19.999999999999996,0.0
Niger,NER,2016,84000000.0,152000.0,6.82560901297177,,4.35226545013939,10398861981.7583,1.65388922387806,Africa,0.807780698958722,5.000000000000004,12.592592592592599
Niger,NER,2017,91000000.0,164000.0,6.35238523782937,,4.08475171845022,11185104251.6943,2.79637318871275,Africa,0.8135820458375744,8.333333333333325,7.8947368421052655
Niger,NER,2018,114000000.0,157000.0,7.86216057724103,,4.18580242532711,12837307496.8821,2.96760366004456,Africa,0.8880366854785406,25.274725274725274,-4.268292682926833
Niger,NER,2019,130000000.0,192000.0,9.37508056137373,,4.25623682283508,12889555561.2299,-2.48979265070846,Africa,1.008568521873811,14.035087719298245,22.292993630573243
Niger,NER,2020,130000000.0,85000.0,9.37508056137373,,4.25623682283508,13744653103.058,2.8981937602627,Africa,0.9458223428794775,0.0,-55.72916666666667
Nigeria,NGA,1999,99000000.0,1425000.0,0.714497899839461,,5.30511045359227,59145077039.1437,6.61837339479756,Africa,0.16738502163836783,,
Nigeria,NGA,2000,186000000.0,1492000.0,0.887174471030359,,5.07592920351858,69171451627.2465,6.93329215565161,Africa,0.2688970603108392,87.87878787878789,4.701754385964918
Nigeria,NGA,2001,168000000.0,1753000.0,0.855184094647172,,5.45244746051739,73557840064.489,18.8736462093862,Africa,0.2283916980878075,-9.677419354838712,17.493297587131362
Nigeria,NGA,2002,256000000.0,2046000.0,1.41144470792553,,5.76042162774449,95054059302.6995,12.8765792031099,Africa,0.26932042868865647,52.38095238095237,16.71420422133485
Nigeria,NGA,2003,58000000.0,2253000.0,0.211303063719167,,9.49397939223769,104738954264.226,14.0317836131437,Africa,0.05537576769544865,-77.34375,10.117302052785915
Nigeria,NGA,2004,49000000.0,2646000.0,0.12859961546038,,5.514768733199405,135764731645.611,14.9980338183251,Africa,0.03609184757047621,-15.517241379310342,17.443408788282298
Nigeria,NGA,2005,139000000.0,2778000.0,0.243885123708351,,1.53555807416112,175670569969.346,17.8634933661605,Africa,0.0791253765637893,183.6734693877551,4.9886621315192725
Nigeria,NGA,2006,209000000.0,3056000.0,0.35284480830479,,9.84646034994354,238454997161.48,8.22522152017048,Africa,0.08764756557333403,50.35971223021583,10.007199424046087
Nigeria,NGA,2007,337000000.0,5239000.0,0.4993022249112,,14.2889512079566,278260846800.103,5.3880079685863,Africa,0.12110938490821671,61.24401913875599,71.43324607329843
Nigeria,NGA,2008,958000000.0,5820000.0,1.08853100198315,,17.1446002226758,339476276257.793,11.5810751748252,Africa,0.2821993956574773,184.27299703264092,11.089902653178086
Nigeria,NGA,2009,791000000.0,6053000.0,1.35461160957935,,12.6023776252923,295008835380.997,12.5378277304689,Africa,0.2681275626807726,-17.432150313152405,4.0034364261168465
Nigeria,NGA,2010,736000000.0,6113000.0,0.889971587636562,,11.7821401358276,366990417129.04,13.7400521363694,Africa,0.20055019576743063,-6.953223767383054,0.9912440112340937
Nigeria,NGA,2011,688000000.0,3765000.0,0.671629135305806,,10.4996348363898,414466676831.16,10.8261371880017,Africa,0.16599645724480486,-6.521739130434778,-38.40994601668575
Nigeria,NGA,2012,638000000.0,4673000.0,0.647559375640576,,11.4251468580388,463971018239.281,12.2242413020583,Africa,0.13750858888150813,-7.267441860465118,24.11686586985391
Nigeria,NGA,2013,616000000.0,4038000.0,0.619599965045805,,11.9393747022494,520117180313.906,8.49551838265678,Africa,0.1184348495522155,-3.4482758620689613,-13.588701048576935
Nigeria,NGA,2014,605000000.0,4803000.0,0.715238617964801,,10.6469157698618,574183763411.508,8.04741087967907,Africa,0.10536696412406328,-1.7857142857142905,18.945022288261516
Nigeria,NGA,2015,461000000.0,6017000.0,0.939900057942091,,12.5327592021445,493026682800.63,9.00943498007699,Africa,0.09350406703777106,-23.801652892561986,25.275869248386428
Nigeria,NGA,2016,1088000000.0,5265000.0,2.82982991873963,,9.62588835556488,404649125252.16,15.6968126387972,Africa,0.26887491708328914,136.00867678958784,-12.497922552767161
Nigeria,NGA,2017,2615000000.0,5265000.0,5.14277981724982,,16.0874482560529,375745731053.427,16.5022662139641,Africa,0.6959493572072479,140.34926470588235,0.0
Nigeria,NGA,2018,1977000000.0,5265000.0,2.99369467648763,,18.4512656559857,421739251509.08,12.0951065173432,Africa,0.46877306129933116,-24.39770554493308,0.0
Nigeria,NGA,2019,1471000000.0,5265000.0,2.1036307525815,,16.2725326545525,474517490844.461,11.3964223378115,Africa,0.3099991103346219,-25.594334850784016,0.0
Nigeria,NGA,2020,321000000.0,5265000.0,0.803762406232205,,9.16201578875311,432198898467.795,13.2460234276597,Africa,0.07427136004695743,-78.17811012916384,0.0
North Macedonia,MKD,1999,80000000.0,181000.0,7.36066591664086,,2.7203266215404,3863619284.77939,-1.27928657572626,Europe,2.0705973881836015,,
North Macedonia,MKD,2000,88000000.0,224000.0,7.74733991484239,,3.26209325718104,3772859034.20508,6.60742291038536,Europe,2.332448660344425,10.000000000000009,23.756906077348063
North Macedonia,MKD,2001,49000000.0,99000.0,4.81980542006097,,3.83992108702644,3709636030.66578,5.19888525744048,Europe,1.3208843022587802,-44.31818181818182,-55.80357142857143
North Macedonia,MKD,2002,55000000.0,123000.0,5.58298423492291,,3.30974723909706,4018365747.00972,2.31459794083219,Europe,1.368715628758493,12.244897959183664,24.242424242424242
North Macedonia,MKD,2003,86000000.0,158000.0,6.61773120457625,,3.2950361580012,4946296599.08467,0.855562122724231,Europe,1.7386745472544978,56.363636363636374,28.45528455284554
North Macedonia,MKD,2004,103000000.0,165000.0,6.17208793816276,,2.97354973248296,5682784471.69722,-0.448650206552038,Europe,1.8124917549308013,19.767441860465105,4.430379746835444
North Macedonia,MKD,2005,116000000.0,197000.0,5.54125488870098,,3.04333557377683,6258602872.67898,0.525515950714282,Europe,1.8534488025495455,12.621359223300965,19.393939393939384
North Macedonia,MKD,2006,156000000.0,202000.0,6.12783003003566,,2.91601457648849,6861226971.55617,3.21362929606346,Europe,2.2736458165093785,34.48275862068966,2.538071065989844
North Macedonia,MKD,2007,219000000.0,230000.0,6.06345846240526,,2.82687522724294,8336474973.72949,2.25175798305457,Europe,2.6270096256526747,40.38461538461537,13.861386138613852
North Macedonia,MKD,2008,262000000.0,255000.0,6.15436308753072,,2.78609990287217,9909552434.51136,8.33189666968095,Europe,2.643913554436116,19.634703196347036,10.869565217391308
North Macedonia,MKD,2009,232000000.0,259000.0,7.74454376112788,,2.92273264496354,9401736825.42688,-0.739633963061153,Europe,2.467629165842623,-11.45038167938931,1.5686274509803866
North Macedonia,MKD,2010,199000000.0,262000.0,5.51790519107927,,2.39777419393303,9407170321.37752,1.50997522027621,Europe,2.115407643335407,-14.224137931034486,1.158301158301156
North Macedonia,MKD,2011,242000000.0,327000.0,5.04777513801062,,2.29286251061477,10494626767.6445,3.9047542206973,Europe,2.3059419392226412,21.608040201005018,24.809160305343504
North Macedonia,MKD,2012,237000000.0,351000.0,5.47062120363874,,2.34571688529088,9745261300.57788,3.31605566687647,Europe,2.4319512087987443,-2.066115702479343,7.339449541284404
North Macedonia,MKD,2013,270000000.0,400000.0,5.75787481024836,,2.52037934910508,10817702346.0674,2.78500056726118,Europe,2.4959089403874577,13.924050632911399,13.960113960113961
North Macedonia,MKD,2014,298000000.0,425000.0,5.50128313439062,,2.5203324366946,11362265252.778,-0.281705032928494,Europe,2.622716451080395,10.370370370370363,6.25
North Macedonia,MKD,2015,268000000.0,486000.0,5.46330224674883,,2.89137347573536,10064519962.5655,-0.299920475631552,Europe,2.6628194985634006,-10.067114093959727,14.35294117647059
North Macedonia,MKD,2016,283000000.0,510000.0,5.20245823712068,,2.88514772868894,10672467073.2873,-0.23929078768441,Europe,2.651683046259624,5.597014925373145,4.938271604938271
North Macedonia,MKD,2017,331000000.0,631000.0,5.30329498676757,,2.97581964700313,11307067069.6658,1.35161889677442,Europe,2.9273727480399856,16.96113074204948,23.725490196078436
North Macedonia,MKD,2018,387000000.0,707000.0,5.0828316525023,,3.05653899686033,12683068114.2388,1.45831298507117,Europe,3.051312162910564,16.91842900302114,12.044374009508708
North Macedonia,MKD,2019,401000000.0,758000.0,5.14079107712538,,3.14405275571274,12606338448.547,0.766439573459716,Europe,3.1809395062387766,3.6175710594315236,7.213578500707207
North Macedonia,MKD,2020,253000000.0,118000.0,3.51868355959879,,1.74404281808964,12361036913.8409,1.20007348888487,Europe,2.0467538586241973,-36.907730673316706,-84.43271767810026
Northern Mariana Islands,MNP,1999,,502000.0,,,,1284000000.0,,Oceania,,,
Northern Mariana Islands,MNP,2000,,529000.0,,,,1284000000.0,,Oceania,,,5.378486055776888
Northern Mariana Islands,MNP,2001,,444000.0,,,,1284000000.0,,Oceania,,,-16.06805293005671
Northern Mariana Islands,MNP,2002,,476000.0,,,,1284000000.0,,Oceania,,,7.2072072072072
Northern Mariana Islands,MNP,2003,,459000.0,,,,1239000000.0,,Oceania,,,-3.57142857142857
Northern Mariana Islands,MNP,2004,,536000.0,,,,1210000000.0,,Oceania,,,16.775599128540296
Northern Mariana Islands,MNP,2005,,507000.0,,,,1061000000.0,,Oceania,,,-5.4104477611940265
Northern Mariana Islands,MNP,2006,,436000.0,,,,990000000.0,,Oceania,,,-14.003944773175547
Northern Mariana Islands,MNP,2007,,389000.0,,,,938000000.0,,Oceania,,,-10.779816513761464
Northern Mariana Islands,MNP,2008,,397000.0,,,,939000000.0,,Oceania,,,2.0565552699228773
Northern Mariana Islands,MNP,2009,,354000.0,,,,795000000.0,,Oceania,,,-10.831234256926948
Northern Mariana Islands,MNP,2010,,379000.0,,,,799000000.0,,Oceania,,,7.062146892655363
Northern Mariana Islands,MNP,2011,,341000.0,,,,729000000.0,,Oceania,,,-10.026385224274403
Northern Mariana Islands,MNP,2012,,401000.0,,,,746000000.0,,Oceania,,,17.59530791788857
Northern Mariana Islands,MNP,2013,,439000.0,,,,772000000.0,,Oceania,,,9.476309226932678
Northern Mariana Islands,MNP,2014,,460000.0,,,,832000000.0,,Oceania,,,4.783599088838275
Northern Mariana Islands,MNP,2015,,479000.0,,,,910000000.0,,Oceania,,,4.130434782608705
Northern Mariana Islands,MNP,2016,,531000.0,,,,1230000000.0,,Oceania,,,10.855949895615868
Northern Mariana Islands,MNP,2017,,660000.0,,,,1560000000.0,,Oceania,,,24.29378531073447
Northern Mariana Islands,MNP,2018,,518000.0,,,,1301000000.0,,Oceania,,,-21.51515151515152
Northern Mariana Islands,MNP,2019,,487000.0,,,,1179000000.0,,Oceania,,,-5.984555984555984
Northern Mariana Islands,MNP,2020,,487000.0,,,,866000000.0,,Oceania,,,0.0
Norway,NOR,1999,2750000000.0,3223000.0,4.40086068027495,2271000.0,10.1947382427878,162383706021.13,2.36596736596734,Europe,1.6935196685572376,,
Norway,NOR,2000,2521000000.0,3104000.0,3.22747415952152,2394000.0,9.88967033468476,171457201935.968,3.08550609131276,Europe,1.4703377703209497,-8.327272727272728,-3.6922122246354383
Norway,NOR,2001,2380000000.0,3073000.0,3.05901815218359,2348000.0,9.65940398670778,174239354070.977,3.00419703998237,Europe,1.365937111446418,-5.593018643395475,-0.998711340206182
Norway,NOR,2002,2581000000.0,3111000.0,3.26532430507445,2629000.0,10.538067197909,195914852576.467,1.28672528415184,Europe,1.317409050951161,8.445378151260496,1.236576635209885
Norway,NOR,2003,2989000000.0,3269000.0,3.30901705446126,2588000.0,11.60751368699,229385469337.024,2.48782553461783,Europe,1.3030467922135118,15.807826423866711,5.07875281260044
Norway,NOR,2004,3531000000.0,3628000.0,3.25657918809582,2960000.0,12.1273075505027,265268662473.297,0.45449850222084,Europe,1.3311033301400403,18.13315490130478,10.981951667176503
Norway,NOR,2005,4243000000.0,3824000.0,3.18499787248662,3166000.0,12.3998916300536,309978579743.888,1.53213367609254,Europe,1.3688042585089821,20.164259416595876,5.402425578831305
Norway,NOR,2006,4289000000.0,4070000.0,2.79110920128956,3236000.0,11.8347022527423,346915160681.708,2.32934980757544,Europe,1.236325328524666,1.084138581192562,6.433054393305437
Norway,NOR,2007,5322000000.0,4377000.0,3.06417899741142,3395000.0,11.0805443495441,402643260487.572,0.712589073634201,Europe,1.3217655732162115,24.084868267661452,7.542997542997543
Norway,NOR,2008,5702000000.0,4347000.0,2.66056018533975,5017500.0,11.2363671405127,464917553191.489,3.75393081761005,Europe,1.2264540155255175,7.1401728673430975,-0.6854009595613442
Norway,NOR,2009,4949000000.0,4346000.0,3.25146302858325,6640000.0,12.567660158412,387976400617.019,2.19738586853574,Europe,1.2755930495074825,-13.20589266923886,-0.023004370830459475
Norway,NOR,2010,5299000000.0,4767000.0,3.10661168252439,7590000.0,12.2037363109059,431052143940.438,2.41890639481001,Europe,1.2293176300109545,7.072135785007072,9.687068568798885
Norway,NOR,2011,6565000000.0,4963000.0,3.1913044082417,8130000.0,12.2204032312077,501360549669.404,1.28495158809152,Europe,1.3094368921385908,23.891300245329305,4.111600587371522
Norway,NOR,2012,6784000000.0,4538000.0,3.2876337986314,9250000.0,12.9271601753139,512777309840.997,0.696864111498362,Europe,1.3229914564869487,3.335872048743327,-8.563368930082616
Norway,NOR,2013,7175000000.0,4778000.0,3.51827615037674,9280000.0,13.5965070660681,526014468085.106,2.12048620353112,Europe,1.3640309222139357,5.7635613207547065,5.288673424416035
Norway,NOR,2014,7503000000.0,4855000.0,3.88343270040643,9190000.0,13.5550813981928,501736471832.848,2.04170286707211,Europe,1.4954065373385097,4.571428571428582,1.61155295102553
Norway,NOR,2015,6370000000.0,5361000.0,4.37863728795006,8750000.0,13.3357171528196,388159512245.53,2.17113665389527,Europe,1.641077907159637,-15.100626416100226,10.422245108135941
Norway,NOR,2016,6285000000.0,5960000.0,4.82088305144799,8030000.0,13.1773801536831,370956547619.048,3.54999999999998,Europe,1.6942685175230687,-1.3343799058084804,11.17328856556612
Norway,NOR,2017,6565000000.0,6252000.0,4.54882378353528,8170000.0,13.4104791010887,401745275035.261,1.87510059552554,Europe,1.634120027777251,4.4550517104216425,4.899328859060392
Norway,NOR,2018,7280000000.0,5688000.0,4.40232890303674,8110000.0,13.0483249515884,439788625883.8,2.76483134528788,Europe,1.655340673117705,10.8910891089109,-9.021113243761992
Norway,NOR,2019,7040000000.0,5879000.0,4.81268217883198,8890000.0,12.6117218759687,408742840909.091,2.16773003305402,Europe,1.7223543253607163,-3.296703296703296,3.357946554149094
Norway,NOR,2020,2196000000.0,1397000.0,1.85607481686364,1690000.0,3.47683408368943,367633418886.627,1.28658490708005,Europe,0.5973341614727402,-68.80681818181817,-76.23745534954924
Oman,OMN,1999,350000000.0,1095000.0,4.57498401730236,2496000.0,9.69646575951164,17832769830.9493,-0.816666666666656,Asia,1.9626788396750607,,
Oman,OMN,2000,377000000.0,1095000.0,3.20311305204846,2496000.0,9.903174506493,22259557867.3602,-0.816666666666656,Asia,1.693654484273497,7.714285714285718,0.0
Oman,OMN,2001,538000000.0,1095000.0,4.60612335782675,2496000.0,9.75402352771362,22205721716.515,-0.816666666666656,Asia,2.4227989833803725,42.70557029177719,0.0
Oman,OMN,2002,539000000.0,1112000.0,4.57697659010599,2496000.0,9.34331406417668,23065539661.8986,-0.279578822571373,Asia,2.3368193760077545,0.18587360594795044,1.552511415525104
Oman,OMN,2003,546000000.0,1210000.0,4.42998522895125,2496000.0,9.28509641376825,24733680104.0312,0.231328682267143,Asia,2.207516219598112,1.298701298701288,8.812949640287759
Oman,OMN,2004,601000000.0,1407000.0,4.25726787030213,2496000.0,7.46494505857431,28378933680.104,0.624969062631367,Asia,2.11776808379996,10.073260073260082,16.280991735537185
Oman,OMN,2005,627000000.0,1101000.0,3.19397853736089,2496000.0,7.72321968885866,35506892067.6203,1.90983553531865,Asia,1.765854355278192,4.3261231281197965,-21.74840085287847
Oman,OMN,2006,749000000.0,1385000.0,3.270981968685,2664000.0,6.48745023198652,42577633289.987,3.54498591605033,Asia,1.7591395813354018,19.45773524720893,25.794732061762037
Oman,OMN,2007,905000000.0,1360000.0,3.43144457483211,2945000.0,4.89769660650493,48300390117.0351,5.8304841809271,Asia,1.8736908704197295,20.827770360480645,-1.8050541516245522
Oman,OMN,2008,1105000000.0,1540000.0,2.79429353727319,3100000.0,4.50210013196806,69804681404.4213,12.3754091529912,Asia,1.5829883866929466,22.099447513812166,13.235294117647056
Oman,OMN,2009,1092000000.0,1584000.0,3.73048702973539,2470000.0,6.01337821238747,55454096228.8687,3.46881023754893,Asia,1.9691962799161422,-1.17647058823529,2.857142857142847
Oman,OMN,2010,1072000000.0,1500000.0,2.79120728802897,2829000.0,5.1284198738684,64993498049.4148,3.25657959078624,Asia,1.6493957583033219,-1.831501831501836,-5.303030303030298
Oman,OMN,2011,1515000000.0,1393000.0,3.06562467950334,3341000.0,5.10658656044706,77497529258.7776,4.0421886711639,Asia,1.9549010329621659,41.32462686567165,-7.133333333333336
Oman,OMN,2012,1723000000.0,1714000.0,3.14270712570966,3972000.0,4.7770798801246,87408842652.7958,2.94773495257209,Asia,1.9711964461582872,13.729372937293727,23.043790380473794
Oman,OMN,2013,1888000000.0,1923000.0,3.17747030539148,4301000.0,4.35935023370255,89936020806.2419,1.05354820265932,Asia,2.099270106765682,9.576320371445156,12.19369894982496
Oman,OMN,2014,1971000000.0,2225000.0,3.47418048967658,4727000.0,5.49037015197101,92699089726.9181,1.01401483924156,Asia,2.126234470916987,4.396186440677963,15.704628185127412
Oman,OMN,2015,2247000000.0,2634000.0,5.74485025008289,5424000.0,6.00371472865083,78710793237.9714,0.0652901330286599,Asia,2.8547546118694296,14.00304414003044,18.38202247191012
Oman,OMN,2016,2324000000.0,3207000.0,7.47620632562284,5902000.0,8.46852483532658,75128738621.5865,1.10920805807027,Asia,3.0933568733340246,3.4267912772585563,21.753986332574037
Oman,OMN,2017,2629000000.0,3178000.0,7.13441641494533,6368000.0,8.33800359535174,80856697009.1027,1.58909413567799,Asia,3.2514313560248844,13.123924268502574,-0.9042719052073545
Oman,OMN,2018,2874000000.0,3242000.0,6.20448011482535,5975000.0,9.01674951490824,91505851755.5267,0.889312370970404,Asia,3.1407827421555234,9.319132750095083,2.013845185651353
Oman,OMN,2019,3077000000.0,3506000.0,7.06599422347447,6633000.0,10.4579401014183,88060858257.4772,0.490815362820671,Asia,3.494174439003646,7.063326374391088,8.143121529919807
Oman,OMN,2020,669000000.0,869000.0,1.87440359059699,1657000.0,3.65387565068908,75909492847.8544,-0.40640291946585,Asia,0.8813126987172454,-78.25804354891129,-75.21391899600684
Pakistan,PAK,1999,492000000.0,432000.0,5.50027948574623,,3.8651102464332,62973857068.5113,4.14263718082171,Asia,0.7812765850831358,,
Pakistan,PAK,2000,551000000.0,557000.0,5.51165349604882,,4.77299185098952,99484802344.5277,4.36666451291681,Asia,0.5538534399373097,11.991869918699184,28.935185185185187
Pakistan,PAK,2001,533000000.0,500000.0,5.09024925986057,,4.64357429718876,97145618479.9038,3.14826144590618,Asia,0.5486608746129502,-3.2667876588021727,-10.23339317773788
Pakistan,PAK,2002,562000000.0,498000.0,4.62247080111861,,3.90736909119847,97923302809.3537,3.29034472613153,Asia,0.5739185504130253,5.44090056285178,-0.40000000000000036
Pakistan,PAK,2003,620000000.0,501000.0,4.19627749576988,,7.64628533859303,112371913740.823,2.91413470059479,Asia,0.5517392908605092,10.320284697508896,0.6024096385542244
Pakistan,PAK,2004,765000000.0,648000.0,4.77319225482482,,7.32494206388876,132216048339.413,7.44462469342739,Asia,0.5785984452024778,23.38709677419355,29.34131736526946
Pakistan,PAK,2005,828000000.0,798000.0,4.33394399371892,,5.98800349784118,145208562960.767,9.06332737030417,Asia,0.5702143063172604,8.23529411764705,23.148148148148138
Pakistan,PAK,2006,919000000.0,898000.0,4.47419668938656,,5.78095617983931,161871385506.36,7.92108440058789,Asia,0.5677346846233624,10.990338164251213,12.531328320802015
Pakistan,PAK,2007,912000000.0,840000.0,4.15565478902761,,5.5206725908583,184140869997.46,7.59868441050774,Asia,0.4952729939923603,-0.7616974972796564,-6.458797327394206
Pakistan,PAK,2008,986000000.0,823000.0,3.87084110315046,,4.51292536877465,202203748583.854,20.2861210929554,Asia,0.487626963844889,8.114035087719307,-2.0238095238095277
Pakistan,PAK,2009,950000000.0,855000.0,4.25760767265719,,3.12362825637535,187337783856.466,13.6477650639761,Asia,0.5071053902974899,-3.6511156186612603,3.888213851761857
Pakistan,PAK,2010,998000000.0,907000.0,3.55717137154263,,3.42363054778089,196709621849.586,12.9388705634889,Asia,0.5073468143633161,5.052631578947375,6.081871345029244
Pakistan,PAK,2011,1127000000.0,1161000.0,3.58540387490854,,3.9384106381625,230586581059.665,11.9160927116277,Asia,0.4887535063058961,12.92585170340681,28.00441014332966
Pakistan,PAK,2012,1014000000.0,966000.0,3.23197552113215,,3.78512126293403,250106966104.704,9.68235186055684,Asia,0.4054265324123367,-10.02661934338953,-16.795865633074936
Pakistan,PAK,2013,938000000.0,966000.0,3.12219152548015,,3.3315028372689,258657231672.412,7.69215611899565,Asia,0.36264209352861704,-7.4950690335305765,0.0
Pakistan,PAK,2014,971000000.0,966000.0,3.1738249329934,,4.31943059384838,271390474857.632,7.18938402847028,Asia,0.3577870595898306,3.518123667377404,0.0
Pakistan,PAK,2015,915000000.0,966000.0,3.19885330722976,,5.43375426761548,299963590534.773,2.52932817254229,Asia,0.3050370207826704,-5.767250257466527,0.0
Pakistan,PAK,2016,790000000.0,966000.0,2.94016820962849,,5.64673418306119,313630000130.435,3.7651191635658,Asia,0.2518891686609854,-13.661202185792353,0.0
Pakistan,PAK,2017,865000000.0,966000.0,2.93305447275548,,5.14123982734923,339205534861.1,4.08537368032608,Asia,0.25500763139204247,9.493670886075956,0.0
Pakistan,PAK,2018,845000000.0,966000.0,2.74574498885293,,4.32457699783656,356128166704.921,5.07805725868917,Asia,0.2372741274070989,-2.3121387283236983,0.0
Pakistan,PAK,2019,992000000.0,966000.0,3.23441522131454,,5.17109832783101,320909472770.669,10.5783618004555,Asia,0.30912144519613827,17.396449704142004,0.0
Pakistan,PAK,2020,765000000.0,966000.0,2.79880745192545,,2.38972962157585,300425609817.981,9.73999313898155,Asia,0.2546387441681456,-22.883064516129036,0.0
Palau,PLW,1999,63000000.0,55000.0,76.172962435191,,12.9493331311133,144206500.0,-1.30123617436562,Oceania,43.687351124949295,,
Palau,PLW,2000,63000000.0,58000.0,76.172962435191,,12.9493331311133,149535800.0,-1.30123617436562,Oceania,42.13037948103398,0.0,5.454545454545445
Palau,PLW,2001,63000000.0,54000.0,76.172962435191,,12.9493331311133,159453500.0,-1.30123617436562,Oceania,39.5099511769889,0.0,-6.896551724137934
Palau,PLW,2002,63000000.0,59000.0,76.172962435191,,12.9493331311133,162665500.0,-1.30123617436562,Oceania,38.72978597182562,0.0,9.259259259259256
Palau,PLW,2003,63000000.0,63000.0,76.172962435191,,12.9493331311133,154559900.0,0.922874093605824,Oceania,40.76089593743267,0.0,6.779661016949157
Palau,PLW,2004,63000000.0,89000.0,76.172962435191,,12.9493331311133,166391600.0,4.96407576747217,Oceania,37.862488250608806,0.0,41.26984126984128
Palau,PLW,2005,63000000.0,81000.0,76.172962435191,,12.9493331311133,191048400.0,3.9514623522091,Oceania,32.97593698769526,0.0,-8.98876404494382
Palau,PLW,2006,60000000.0,82000.0,74.8492482501903,,11.7112035178902,193679700.0,4.42981143370254,Oceania,30.978982309452153,-4.761904761904767,1.2345679012345734
Palau,PLW,2007,68000000.0,88000.0,77.5437707514928,,11.8376205452955,200903600.0,3.23875035826881,Oceania,33.84707889754091,13.33333333333333,7.317073170731714
Palau,PLW,2008,78000000.0,81000.0,78.3349930410442,,11.8984458938172,201167300.0,11.9655746807329,Oceania,38.7736973156174,14.705882352941169,-7.954545454545459
Palau,PLW,2009,76000000.0,71000.0,82.1326503276194,,12.341096533425,189998000.0,1.43813538308953,Oceania,40.000421057063754,-2.564102564102566,-12.345679012345679
Palau,PLW,2010,76000000.0,85000.0,79.4446109575975,,10.431330542199,188174300.0,1.44219017355169,Oceania,40.38808700231647,0.0,19.718309859154925
Palau,PLW,2011,94000000.0,111000.0,81.9275218417072,,10.3608690266123,198873900.0,4.6746987951807,Oceania,47.26613195597814,23.684210526315795,30.58823529411765
Palau,PLW,2012,109000000.0,120000.0,82.8066018277248,,10.540148632436,215762400.0,3.61418047882138,Oceania,50.518533349647576,15.957446808510634,8.108108108108114
Palau,PLW,2013,117000000.0,108000.0,84.03469664441,,9.76303652490057,225345718.75,3.35481004221287,Oceania,51.92022313492477,7.339449541284404,-9.999999999999998
Palau,PLW,2014,131000000.0,140000.0,82.7380809449175,,7.75561548243964,243156484.375,4.19174548581256,Oceania,53.874771358336304,11.965811965811968,29.629629629629626
Palau,PLW,2015,156000000.0,162000.0,87.1299466577757,,10.4546786266269,278824781.25,0.949040643697081,Oceania,55.94911589301211,19.083969465648853,15.714285714285726
Palau,PLW,2016,148000000.0,138000.0,101.966998518723,,11.2906435842863,298323500.0,-1.04230533415074,Oceania,49.610573756341694,-5.128205128205132,-14.814814814814813
Palau,PLW,2017,123000000.0,123000.0,93.5226089006151,,10.5031122737934,285600000.0,1.4179881966692,Oceania,43.0672268907563,-16.8918918918919,-10.869565217391308
Palau,PLW,2018,123000000.0,106000.0,93.5226089006151,,10.5031122737934,288546281.25,2.10970464135017,Oceania,42.62747711291116,0.0,-13.821138211382111
Palau,PLW,2019,123000000.0,94000.0,93.5226089006151,,10.5031122737934,281941562.5,0.26737967914444,Oceania,43.6260616949656,0.0,-11.32075471698113
Palau,PLW,2020,123000000.0,18399.9996185303,93.5226089006151,,10.5031122737934,258990843.75,0.218181818181833,Oceania,47.492026443502404,0.0,-80.42553232071245
Panama,PAN,1999,506000000.0,555000.0,7.11833886669293,221000.0,3.34314332920281,11660704800.0,1.24718256949636,North America,4.339360344668017,,
Panama,PAN,2000,628000000.0,600000.0,8.01746479592488,216000.0,2.96717638078353,11966497000.0,1.49896111605777,North America,5.247985270877518,24.110671936758887,8.108108108108114
Panama,PAN,2001,665000000.0,737000.0,8.32790662726043,200000.0,2.91305742701315,12252906300.0,0.307062436028722,North America,5.427283811025307,5.891719745222934,22.83333333333333
Panama,PAN,2002,710000000.0,800000.0,9.35121038906303,200000.0,3.29102021626704,12800851300.0,1.00583090379039,North America,5.546506114011339,6.766917293233088,8.548168249660781
Panama,PAN,2003,804000000.0,897000.0,10.5622700998424,227000.0,3.52284572046813,13603456000.0,0.391666666666657,North America,5.910262803805151,13.239436619718315,12.125000000000007
Panama,PAN,2004,903000000.0,1004000.0,10.1762531554273,256000.0,3.2390983407884,15100203400.0,0.474723078204336,North America,5.980051897843972,12.313432835820892,11.928651059085848
Panama,PAN,2005,1108000000.0,1070000.0,10.4464243624193,285000.0,3.61084743238967,16623906700.0,2.85588324760959,North America,6.665099967145509,22.702104097452924,6.573705179282863
Panama,PAN,2006,1425000000.0,1215000.0,11.4223878802453,284000.0,3.38161008273617,18659721500.0,2.45789346442096,North America,7.6367699271395875,28.610108303249106,13.551401869158886
Panama,PAN,2007,1806000000.0,1428000.0,11.7284912718204,314000.0,2.91110615663917,21717433800.0,4.16863300298887,North America,8.3158996437231,26.736842105263147,17.53086419753087
Panama,PAN,2008,2208000000.0,1575000.0,11.160590176861,369000.0,2.696443102643,25721328000.0,8.75868317728784,North America,8.5843157087379,22.259136212624586,10.294117647058831
Panama,PAN,2009,2280000000.0,1562000.0,11.9501865906327,336000.0,2.85865296634973,27791215500.0,2.409053040822,North America,8.204031234258178,3.2608695652173836,-0.8253968253968291
Panama,PAN,2010,2621000000.0,1726000.0,12.5021464959646,392000.0,2.66988600747568,30231009500.0,3.491288726188,North America,8.669905647709184,14.9561403508772,10.499359795134433
Panama,PAN,2011,3630000000.0,2004000.0,13.0992548220053,414000.0,2.26343141536133,35687738300.0,5.8758024367877,North America,10.171560801879115,38.49675696299122,16.10660486674391
Panama,PAN,2012,4585000000.0,2086000.0,14.746606029223,447000.0,1.83697256974124,41595439700.0,5.69819959165992,North America,11.022842968047769,26.308539944903586,4.091816367265477
Panama,PAN,2013,5419000000.0,2202000.0,17.8236058348545,619000.0,3.40753197327079,46949496500.0,4.0271599157106,North America,11.542189808148422,18.189749182115598,5.56088207094918
Panama,PAN,2014,5749000000.0,2305000.0,20.330004526423,853000.0,3.73327431266416,51427104900.0,2.62652699929151,North America,11.178929887612632,6.089684443624277,4.677565849227983
Panama,PAN,2015,5754000000.0,2553000.0,22.0678757847826,965000.0,4.64817142690093,55767806100.0,0.137492058461504,North America,10.317780817273354,0.08697164724300599,10.759219088937089
Panama,PAN,2016,6283000000.0,2379000.0,24.9246885700145,1051000.0,5.30336359020266,59760858700.0,0.739734025300033,North America,10.513570481877965,9.193604449078908,-6.815511163337251
Panama,PAN,2017,6827000000.0,2517000.0,25.1443277109657,869000.0,4.198888268561,64327688800.0,0.875585918759878,North America,10.612848257654175,8.65828425911188,5.80075662042876
Panama,PAN,2018,7139000000.0,2487000.0,25.227445595528,1020000.0,4.78241629517293,67316471200.0,0.761578359399944,North America,10.605131066347399,4.570089351105899,-1.1918951132300348
Panama,PAN,2019,7052000000.0,2494000.0,24.8480021953217,1226000.0,5.92816065385514,69778991200.0,-0.355083821021245,North America,10.106193681974583,-1.2186580753606902,0.28146361077603377
Panama,PAN,2020,1841000000.0,647000.0,9.30043185511453,401000.0,3.41011217423881,57059846500.0,-1.5502754080376,North America,3.2264370006673606,-73.89393079977312,-74.05773857257418
Papua New Guinea,PNG,1999,4900000.09536743,120000.0,0.200931161679139,58000.0,2.52833354895389,3477038204.01733,14.9321817407701,Oceania,0.1409245400210451,,
Papua New Guinea,PNG,2000,4900000.09536743,120000.0,0.200931161679139,52000.0,2.52833354895389,3521339699.07407,15.5958933107535,Oceania,0.13915158758059826,0.0,0.0
Papua New Guinea,PNG,2001,4900000.09536743,120000.0,0.200931161679139,38000.0,2.52833354895389,3081024212.42924,9.29817332783968,Oceania,0.15903802623816493,0.0,0.0
Papua New Guinea,PNG,2002,4900000.09536743,120000.0,0.200931161679139,92000.0,2.52833354895389,2999511040.19764,11.7994470972606,Oceania,0.16335996199715822,0.0,0.0
Papua New Guinea,PNG,2003,4900000.09536743,120000.0,0.200931161679139,92000.0,2.52833354895389,3536411824.2958,14.7090779663557,Oceania,0.1385585259528748,0.0,0.0
Papua New Guinea,PNG,2004,7099999.90463257,120000.0,0.25142304071058,92000.0,2.92563568166371,3927157866.96465,2.15893131266946,Oceania,0.18079232221240574,44.89795441728808,0.0
Papua New Guinea,PNG,2005,9399999.61853027,120000.0,0.259527409757929,92000.0,2.08752584856114,4865892972.27595,1.78080439925826,Oceania,0.19318138874175766,32.39436260269537,0.0
Papua New Guinea,PNG,2006,3930000.0667572,120000.0,0.0869407604141869,92000.0,1.23876205882429,8354911040.70193,2.3684623841683,Oceania,0.04703820360996955,-58.19148695485084,0.0
Papua New Guinea,PNG,2007,4500000.0,120000.0,0.088063464571724,92000.0,1.81815308663224,9545028944.34579,0.91135045567524,Oceania,0.04714495918491347,14.503814848866647,0.0
Papua New Guinea,PNG,2008,3700000.04768372,120000.0,0.0599629815739041,92000.0,1.53295614688275,11670892800.5309,10.7614182326827,Oceania,0.031702802098528486,-17.77777671813956,0.0
Papua New Guinea,PNG,2009,3050000.0715255747,126000.0,0.049788924984776,92000.0,2.79594955657112,11619456449.266,6.91832532601224,Oceania,0.026249077010123332,-17.567566696791246,5.000000000000004
Papua New Guinea,PNG,2010,2400000.09536743,146000.0,0.0396148683956479,92000.0,2.19385424467352,14250786674.7766,6.01360893567856,Oceania,0.016841176211102416,-21.31147412836034,15.873015873015884
Papua New Guinea,PNG,2011,5099999.90463257,165000.0,0.0694862486334036,92000.0,2.57237190526872,17985138065.8549,4.44083401028971,Oceania,0.02835674591964912,112.49998758236642,13.013698630136993
Papua New Guinea,PNG,2012,4399999.976158145,175000.0,0.0637501918095876,92000.0,2.38882251134041,21295168665.7247,4.53720508166972,Oceania,0.020661963496161898,-13.725489050275907,6.060606060606055
Papua New Guinea,PNG,2013,3700000.04768372,182000.0,0.0580141349857716,92000.0,2.29282910346313,21261338064.8783,4.9603174603175,Oceania,0.01740247973289963,-15.909089369714701,4.0000000000000036
Papua New Guinea,PNG,2014,2799999.95231628,191000.0,0.0308133381629662,92000.0,2.80812820682372,23210823987.308,5.22211720226841,Oceania,0.012063337147562529,-24.324326588343137,4.94505494505495
Papua New Guinea,PNG,2015,2199999.98807907,199000.0,0.02627131479694575,92000.0,2.80084187874757,21723437010.0982,5.99595778127107,Oceania,0.010127310825890001,-21.42857051625534,4.188481675392675
Papua New Guinea,PNG,2016,1600000.02384186,198000.0,0.0217292914309253,92000.0,3.32191967614065,20758876952.6232,6.6737288135593,Oceania,0.0077075461620272085,-27.272725794926032,-0.5025125628140725
Papua New Guinea,PNG,2017,15260000.2288818,182000.0,0.155701643642839,92000.0,3.18586920472437,22742699138.356,5.42204568023834,Oceania,0.0670984571182473,853.7500000931288,-8.080808080808078
Papua New Guinea,PNG,2018,4230000.01907349,195000.0,0.0418462815408545,92000.0,2.23665731230594,24109780708.0268,4.37448921453162,Oceania,0.017544746965140204,-72.28047211252597,7.14285714285714
Papua New Guinea,PNG,2019,4230000.01907349,211000.0,0.0418462815408545,92000.0,2.23665731230594,24750626040.5917,3.92867290939597,Oceania,0.017090476871721043,0.0,8.205128205128197
Papua New Guinea,PNG,2020,4230000.01907349,39000.0,0.0418462815408545,92000.0,2.23665731230594,23848447849.7467,4.87167398565555,Oceania,0.017737003455000188,0.0,-81.51658767772511
Paraguay,PRY,1999,95000000.0,6569000.0,2.48969909197599,281000.0,5.80686557587424,8837070235.51892,6.75226586102725,South America,1.0750169170113142,,
Paraguay,PRY,2000,88000000.0,3924000.0,2.28574902363212,175000.0,4.87301677710062,8855705139.55857,8.98215976750022,South America,0.9937096889879796,-7.36842105263158,-40.264880499314955
Paraguay,PRY,2001,91000000.0,3550000.0,2.62674762137274,157000.0,4.74540881696958,8495806432.18467,7.26806028584825,South America,1.071116682405388,3.409090909090917,-9.531090723751278
Paraguay,PRY,2002,76000000.0,3194000.0,2.21455552721973,141000.0,5.02175018724261,7196260656.84556,10.5102420856612,South America,1.0561040465884706,-16.483516483516482,-10.02816901408451
Paraguay,PRY,2003,81000000.0,2859000.0,2.22018519037177,153000.0,4.34307005579712,7691367471.17992,14.2367970499143,South America,1.0531287226037833,6.578947368421062,-10.488415779586724
Paraguay,PRY,2004,87000000.0,2589000.0,1.97878276854972,170000.0,3.64617076735321,9624440836.29309,4.32326492967491,South America,0.903948618728364,7.407407407407418,-9.44386149003148
Paraguay,PRY,2005,96000000.0,2648000.0,1.87901463069755,188000.0,3.22887203564517,10737500188.1123,6.80738203116377,South America,0.8940628481318538,10.344827586206895,2.2788721514098054
Paraguay,PRY,2006,112000000.0,2830000.0,1.77804356777358,210000.0,2.74956399652448,13429430050.261,9.58934941129229,South America,0.8339892279927642,16.666666666666675,6.873111782477337
Paraguay,PRY,2007,121000000.0,3005000.0,1.55096813837511,242000.0,2.87433426714616,17856393235.4338,8.13047417698577,South America,0.6776284460396542,8.03571428571428,6.183745583038869
Paraguay,PRY,2008,128000000.0,3118000.0,1.22905203501233,278000.0,2.26065592851068,24615267663.5456,10.1547846489023,South America,0.5200024706193375,5.785123966942152,3.760399334442588
Paraguay,PRY,2009,225000000.0,3183000.0,2.64764345941658,288000.0,3.13946177545813,22355151161.994,2.59194673430567,South America,1.0064794389872997,75.78125,2.084669660038485
Paraguay,PRY,2010,243000000.0,3171000.0,2.13708802862784,302000.0,2.43771438546259,27260886405.2263,4.65116279069765,South America,0.8913870091671466,8.000000000000007,-0.37700282752121117
Paraguay,PRY,2011,261000000.0,3365000.0,1.91752453717793,347000.0,2.36810775215021,33756238766.5,8.2539682539683,South America,0.77319040727671,7.407407407407418,6.1179438662882335
Paraguay,PRY,2012,291000000.0,3655000.0,2.29231037633154,400000.0,2.93753212457898,33271921136.315,3.67591897974496,South America,0.8746113541438547,11.494252873563227,8.61812778603268
Paraguay,PRY,2013,299000000.0,3538000.0,2.02490282161071,440000.0,3.17252744843564,38501122141.4241,2.68385738718582,South America,0.7766007414061838,2.7491408934707806,-3.201094391244874
Paraguay,PRY,2014,314000000.0,3455000.0,2.18127577099684,426000.0,3.29390396480817,40377929295.6419,5.02882767456766,South America,0.7776525579133422,5.0167224080267525,-2.345958168456752
Paraguay,PRY,2015,348000000.0,4102000.0,2.72492447595275,1008000.0,4.17134130100612,36211447840.0971,3.12900274473925,South America,0.9610220545080168,10.828025477707005,18.72648335745297
Paraguay,PRY,2016,356000000.0,4318000.0,2.60347386859324,1503000.0,4.53112163642863,36089700222.9461,4.08682280577241,South America,0.9864310254748323,2.298850574712641,5.265724037055097
Paraguay,PRY,2017,399000000.0,4744000.0,2.61412211122524,1548000.0,4.13124673798176,38997129473.5558,3.60247741348943,South America,1.0231522303983027,12.078651685393261,9.865678554886514
Paraguay,PRY,2018,393000000.0,4183000.0,2.56738272535982,1266000.0,3.74968274816793,40225448340.6322,3.97561015740694,South America,0.976993461134468,-1.5037593984962405,-11.825463743676224
Paraguay,PRY,2019,409000000.0,4368000.0,2.85636233475144,1192000.0,3.95582387789508,37925338329.1494,2.75709727562775,South America,1.0784346772343565,4.071246819338414,4.422663160411178
Paraguay,PRY,2020,104000000.0,1077000.0,0.842867466880348,214000.0,2.0579825756504,35432178068.1814,1.76751592356698,South America,0.29351850682132774,-74.5721271393643,-75.3434065934066
Peru,PER,1999,911000000.0,1650000.0,12.2177539464049,513000.0,7.52280070960632,50187324567.883,3.46965996293019,South America,1.8151993712432073,,
Peru,PER,2000,861000000.0,1650000.0,10.4936514952032,730000.0,6.86113893736922,51744749133.213,3.75733833344474,South America,1.6639369490098785,-5.488474204171245,0.0
Peru,PER,2001,763000000.0,1650000.0,9.3544033758826,1060000.0,8.31354618328892,52030158775.4055,1.97709878502053,South America,1.466457181677231,-11.382113821138207,0.0
Peru,PER,2002,836000000.0,1650000.0,9.38905200370283,1232000.0,8.41629144384195,54777553515.0809,0.193135003853722,South America,1.526172576819882,9.567496723460023,0.0
Peru,PER,2003,1023000000.0,1650000.0,9.63388509320252,1433000.0,7.96589177984149,58731030121.8671,2.25937753363072,South America,1.7418390208332313,22.36842105263157,0.0
Peru,PER,2004,1232000000.0,1650000.0,8.44484230262939,1635000.0,6.91770370476409,66768703497.5687,3.66247320092233,South America,1.8451758615394738,20.430107526881724,0.0
Peru,PER,2005,1438000000.0,1938000.0,7.41948891707458,1841000.0,6.49716874036488,76060606060.6061,1.61630193862544,South America,1.8905976095617523,16.720779220779214,17.454545454545457
Peru,PER,2006,1775000000.0,2227000.0,6.79416183843218,1857000.0,5.85684827034737,88643193061.748,2.00225801248819,South America,2.0024098170330484,23.435326842837267,14.912280701754387
Peru,PER,2007,2007000000.0,2451000.0,6.49010767162845,1915000.0,5.26416687646869,102170981144.136,1.77998644680372,South America,1.9643542398488454,13.070422535211268,10.058374494836109
Peru,PER,2008,2396000000.0,2581000.0,6.98406262701645,1913000.0,4.23756470862762,120550599815.441,5.78587598206755,South America,1.987547140925219,19.382162431489782,5.303957568339457
Peru,PER,2009,2440000000.0,2681000.0,8.02615690865447,1891000.0,5.47886031535551,120822986521.479,2.936231535967,South America,2.0194832707319605,1.8363939899832982,3.874467260751646
Peru,PER,2010,2475000000.0,2948000.0,6.33379121618176,2058000.0,4.7849471239775,147527631520.729,1.52832059732901,South America,1.6776518232465756,1.434426229508201,9.95897053338306
Peru,PER,2011,2814000000.0,3299000.0,5.63462024559142,2132000.0,4.11534068400235,171761737046.585,3.36931095333853,South America,1.6383159884071217,13.696969696969695,11.906377204884677
Peru,PER,2012,3074000000.0,3642000.0,5.9134600693305,2296000.0,3.91980849160107,192650021648.583,3.61121294940163,South America,1.5956395819188376,9.239516702203264,10.397090027280997
Peru,PER,2013,3916000000.0,4010000.0,8.10810307261344,2364000.0,4.19626780019658,201175543571.392,2.76789666082002,South America,1.9465586773027967,27.391021470396872,10.104338275672697
Peru,PER,2014,3907000000.0,4062000.0,8.67786327865287,2442000.0,4.32344277024751,200786250582.943,3.41194579807465,South America,1.945850370061098,-0.2298263534218581,1.2967581047381493
Peru,PER,2015,4140000000.0,4381000.0,10.3045296775666,2595000.0,5.56604239814927,189802976285.619,3.39809194746308,South America,2.181209210212833,5.963654978244182,7.853274249138353
Peru,PER,2016,4288000000.0,4718000.0,9.98262682662538,2751000.0,6.2094171159433,191898104390.379,3.55717663556279,South America,2.234519206754073,3.5748792270531293,7.692307692307687
Peru,PER,2017,4439000000.0,4992000.0,8.60798529377611,2875000.0,6.09181903892852,211007984080.911,2.99490045809443,South America,2.1037118663234398,3.5214552238805874,5.807545570156836
Peru,PER,2018,4505000000.0,5384000.0,8.12450032618862,3078000.0,6.49918235870447,222597009739.235,1.50915423024742,South America,2.023836710689626,1.4868213561612942,7.852564102564097
Peru,PER,2019,4703000000.0,5275000.0,8.60156944403926,3275000.0,7.01721187375364,228346006003.648,2.25212191358027,South America,2.05959372020935,4.395116537180921,-2.024517087667166
Peru,PER,2020,1002000000.0,1119000.0,2.19970196129002,791000.0,2.21590299617798,201409694755.934,2.00241205759292,South America,0.49749343059886586,-78.69445035083989,-78.7867298578199
Philippines,PHL,1999,2652000000.0,2171000.0,11.2472963229993,1755000.0,5.5715935334873,85640171045.1254,5.93904901780808,Asia,3.096677607757943,,
Philippines,PHL,2000,2334000000.0,1992000.0,8.49932631732275,1670000.0,5.21500198289049,83669788254.7279,3.9771250324928,Asia,2.7895373571333417,-11.990950226244346,-8.245048364808849
Philippines,PHL,2001,2011000000.0,1797000.0,8.23471602309488,1787000.0,5.81670406987323,78921234457.5487,5.34550195567142,Asia,2.548110168096402,-13.838903170522709,-9.789156626506024
Philippines,PHL,2002,2018000000.0,1933000.0,7.46191391805946,1969000.0,5.41994447015271,84307345887.543,2.72277227722765,Asia,2.393622974078435,0.348085529587272,7.568169170840289
Philippines,PHL,2003,1821000000.0,1907000.0,6.23459326211997,1803000.0,4.45410836799741,87039092974.2272,2.28915662650607,Asia,2.0921633461175992,-9.762140733399406,-1.345059493016032
Philippines,PHL,2004,2390000000.0,2291000.0,7.33984398992691,1920000.0,3.81280763560952,95001999685.3314,4.82921083627795,Asia,2.5157365191429997,31.24656781987918,20.136339800734127
Philippines,PHL,2005,2863000000.0,2623000.0,8.47727394533899,2144000.0,7.50730058972449,107419977318.166,6.51685393258433,Asia,2.6652398105802173,19.790794979079497,14.4914884329987
Philippines,PHL,2006,4051000000.0,2843000.0,9.69169608411783,2745000.0,6.30367449572801,127652926368.069,5.4852320675105,Asia,3.1734485963287042,41.49493538246594,8.387342737323667
Philippines,PHL,2007,5523000000.0,3092000.0,11.9276210893795,3066000.0,6.16985901890715,155980408673.403,2.90000000000003,Asia,3.5408292919428375,36.33670698592939,8.758353851565248
Philippines,PHL,2008,3293000000.0,3139000.0,6.89871317486773,3355000.0,6.6528363614527,181624626327.361,8.26044703595725,Asia,1.8130801238730054,-40.37660691653087,1.5200517464424301
Philippines,PHL,2009,2916000000.0,3017000.0,6.74578446784007,3188000.0,7.77172032683211,175974755881.372,4.21903052064628,Asia,1.6570558574695409,-11.448527178864254,-3.886588085377507
Philippines,PHL,2010,3441000000.0,3520000.0,6.30751708423693,3248000.0,9.08480650217546,208368893151.144,3.78983634797591,Asia,1.6513981276005583,18.004115226337447,16.672190918130593
Philippines,PHL,2011,4053000000.0,3917000.0,7.09128366508658,3308000.0,8.52568059387036,234216730295.938,4.7184170471842,Asia,1.7304485443370956,17.785527462946817,11.278409090909092
Philippines,PHL,2012,4963000000.0,4273000.0,7.42702899133613,3368000.0,8.97312844216164,261920540972.102,3.02696391124796,Asia,1.8948494767077568,22.45250431778929,9.088588205259128
Philippines,PHL,2013,5599000000.0,4681000.0,8.25232364638118,3428000.0,10.7013509703167,283902828581.65,2.58268766141795,Asia,1.9721536512940154,12.814829740076572,9.548326702550902
Philippines,PHL,2014,6059000000.0,4833000.0,8.04415254812574,3488000.0,12.6368536880724,297483555344.802,3.59782343864211,Asia,2.03675123923312,8.21575281300233,3.247169408246098
Philippines,PHL,2015,6414000000.0,5361000.0,8.87601544684405,5115000.0,13.1696135420308,306445871246.718,0.674192536845408,Asia,2.093028688526895,5.859052648951968,10.924891371818756
Philippines,PHL,2016,6289000000.0,5967000.0,8.50577184120883,5703000.0,11.4023608204035,318627003012.52,1.25369880080982,Asia,1.9737812365365914,-1.9488618646710365,11.303861219921663
Philippines,PHL,2017,8349000000.0,6621000.0,9.63576940245425,4648000.0,10.5291162494124,328480736798.792,2.85318772590947,Asia,2.541701556494653,32.75560502464621,10.960281548516848
Philippines,PHL,2018,9715000000.0,7168000.0,10.7497931353176,3593000.0,9.614746315749,346841896583.515,5.30934661627707,Asia,2.8009880281751816,16.361240867169723,8.26159190454614
Philippines,PHL,2019,11455000000.0,8261000.0,12.0908647793174,2538000.0,9.86618672767895,376823402244.928,2.39206534422404,Asia,3.0398855091686876,17.910447761194035,15.248325892857139
Philippines,PHL,2020,2769000000.0,1483000.0,3.45979194990587,1483000.0,4.87479719946477,361751145451.597,2.3931623931624,Asia,0.7654433261139453,-75.8271497162811,-82.04817818666021
Poland,POL,1999,6498000000.0,89118000.0,16.9117455690602,55097000.0,7.31089534482097,170704452714.673,7.15407291179862,Europe,3.8065790883974175,,
Poland,POL,2000,6128000000.0,84515000.0,13.2351353102525,56677000.0,5.97325408618128,172953527033.013,9.90017538843064,Europe,3.543148327255737,-5.694059710680211,-5.1650620525595325
Poland,POL,2001,5121000000.0,61431000.0,9.95993465069239,53122000.0,6.16722706374803,191823200371.284,5.40833545566148,Europe,2.6696457936725237,-16.432767624020883,-27.313494645920844
Poland,POL,2002,4971000000.0,50735000.0,8.75499744623893,45043000.0,5.43847722637661,199694463255.567,1.90528215048055,Europe,2.489302867470173,-2.9291154071470427,-17.411404665396944
Poland,POL,2003,4733000000.0,52130000.0,6.55712722184508,38730000.0,4.23110103910485,218561225998.47,0.682701375787681,Europe,2.1655259199695065,-4.787769060551195,2.74958115699222
Poland,POL,2004,6521000000.0,61918000.0,7.4188263669253,37226000.0,5.34619953118266,256268656145.134,3.38264681884691,Europe,2.544595229900814,37.77730826114516,18.776136581622872
Poland,POL,2005,7161000000.0,64606000.0,6.76127351008384,40841000.0,5.36337381449122,306999913150.525,2.18379872390258,Europe,2.332573949781182,9.81444563717222,4.3412254917794435
Poland,POL,2006,8153000000.0,65115000.0,6.24535600750699,44696000.0,5.50641755139083,345897630736.173,1.28469394366408,Europe,2.3570557516245465,13.85281385281385,0.7878525214376264
Poland,POL,2007,11729000000.0,66208000.0,7.05325571885599,47561000.0,4.56166646608973,429715132137.503,2.45874312385402,Europe,2.729482655557701,43.861155402919174,1.6785686861706228
Poland,POL,2008,12897000000.0,59935000.0,6.30826721970594,50243000.0,4.58939065883081,535612030671.888,4.16497193524764,Europe,2.407899610436609,9.958223207434557,-9.474685838569352
Poland,POL,2009,9888000000.0,53840000.0,6.01079609006468,39270000.0,4.66781146376125,440891472247.096,3.79539242483406,Europe,2.2427287943683125,-23.331007210979294,-10.169350129306753
Poland,POL,2010,9875000000.0,58340000.0,5.17557651991614,42760000.0,4.38922250316056,478111630683.514,2.58069370250543,Europe,2.065417230256998,-0.13147249190939014,8.35809806835066
Poland,POL,2011,11471000000.0,60745000.0,5.12805611312033,43270000.0,3.67890990234259,527848543023.469,4.2394014962594,Europe,2.173161250819249,16.162025316455697,4.1223860130270795
Poland,POL,2012,11704000000.0,67390000.0,5.3355944875249,48290000.0,3.99077432934749,498148649702.66,3.56037151702783,Europe,2.3494994931705633,2.0312091360823015,10.939171948308513
Poland,POL,2013,12242000000.0,72310000.0,5.15984910750037,52580000.0,3.85155362411498,518179836405.36,0.991982606332428,Europe,2.362500263407272,4.596719070403288,7.300786466834852
Poland,POL,2014,12691000000.0,73750000.0,5.06032839701109,35400000.0,3.69257140098018,542134167178.627,0.0538213132399802,Europe,2.340933438312229,3.6677013559875737,1.9914258055593992
Poland,POL,2015,11164000000.0,77743000.0,4.93259871603978,44300000.0,3.82823979521112,480054118583.367,-0.87412587412577,Europe,2.3255711320516963,-12.032148766842642,5.414237288135593
Poland,POL,2016,11922000000.0,80476000.0,5.04765251557016,44500000.0,3.82926060933351,473259583969.643,-0.664767331433961,Europe,2.5191248954748544,6.7896811178788985,3.515429041842988
Poland,POL,2017,13925000000.0,83804000.0,5.08228372464789,46700000.0,3.63535323129646,528356676667.211,2.0759355367385,Europe,2.63553024215321,16.80087233685623,4.135394403300352
Poland,POL,2018,15569000000.0,85946000.0,5.01287912937085,48600000.0,3.47329945020889,594616687350.017,1.81295156542679,Europe,2.6183254407785257,11.806104129263906,2.5559639158035496
Poland,POL,2019,15712000000.0,88515000.0,4.95491944156241,50600000.0,3.44286624290148,602683770144.88,2.227478809383,Europe,2.607005660069952,0.918491874879579,2.989086170386046
Poland,POL,2020,8379000000.0,88515000.0,2.62686810482392,50600000.0,1.94710146199344,605914237903.742,3.37446972618589,Europe,1.3828689731715997,-46.67133401221996,0.0
Portugal,PRT,1999,6047000000.0,11632000.0,17.8897420509742,1361000.0,5.88918231100461,127470385557.184,2.34009490312169,Europe,4.743846952033638,,
Portugal,PRT,2000,6029000000.0,12097000.0,17.9673449290026,1361000.0,5.92503138697233,118605192877.388,2.85303039287157,Europe,5.083251292574244,-0.29766826525550183,3.9975928473177547
Portugal,PRT,2001,6264000000.0,12167000.0,18.6580794724752,1361000.0,5.6916647297443,121604107164.997,4.36990330551793,Europe,5.151141804364199,3.8978271686846977,0.578655865090516
Portugal,PRT,2002,6643000000.0,11644000.0,18.1126371866346,1361000.0,5.54758281740145,134795565549.419,3.60034658290914,Europe,4.928203663765579,6.050446998722858,-4.298512369524121
Portugal,PRT,2003,7687000000.0,11707000.0,16.9247633601698,1361000.0,5.33034033867873,165226175536.793,3.21899090682895,Europe,4.6524105366635675,15.715791058256823,0.5410511851597466
Portugal,PRT,2004,8902000000.0,10639000.0,16.8826980918648,1361000.0,4.99703119876346,189382122532.169,2.36536204097302,Europe,4.700549281513032,15.805906075191878,-9.122747074399928
Portugal,PRT,2005,9038000000.0,10612000.0,16.8171976251344,1361000.0,5.30172402484276,197253876704.921,2.27716394887834,Europe,4.581912483028287,1.5277465738036344,-0.25378325030548377
Portugal,PRT,2006,10487000000.0,11282000.0,16.4816828860175,1361000.0,5.19188197215795,208756449275.848,3.1076654587105,Europe,5.0235573733784955,16.03230803275062,6.313607237090091
Portugal,PRT,2007,12945000000.0,6788000.0,17.0901839137135,1361000.0,5.21213521307142,240496147317.381,2.45396528138743,Europe,5.382622609299673,23.438542957947938,-39.83336287892217
Portugal,PRT,2008,14081000000.0,6962000.0,16.8880408951516,1361000.0,4.90474754164521,263416394624.084,2.58850657657959,Europe,5.345529089066266,8.77558903051372,2.563347083087808
Portugal,PRT,2009,12357000000.0,6439000.0,18.4447079994495,1361000.0,5.52067452958862,244667762835.543,-0.835530021504157,Europe,5.05052233150386,-12.243448618706054,-7.512209135305947
Portugal,PRT,2010,12984000000.0,6756000.0,18.0326100567499,1361000.0,5.24246358105826,238443864993.217,1.40257289895369,Europe,5.4453068022401645,5.074047098810386,4.923124708805715
Portugal,PRT,2011,14911000000.0,7264000.0,17.3727909157861,1361000.0,5.21604998186504,245426767676.002,3.65301100430724,Europe,6.075539412915475,14.84134319162045,7.519242155121364
Portugal,PRT,2012,14578000000.0,7503000.0,17.6713343546241,1361000.0,5.42817703553505,216536676771.973,2.77333854051586,Europe,6.732346786383707,-2.2332506203473934,3.2901982378854555
Portugal,PRT,2013,16080000000.0,9177000.0,17.6760079749527,1490000.0,5.60792234638135,226677408291.745,0.274416666666663,Europe,7.093781476142628,10.303196597612851,22.3110755697721
Portugal,PRT,2014,17577000000.0,10497000.0,18.8118794021884,1502000.0,5.69293052871183,230078616299.675,-0.278153367467428,Europe,7.639562634150295,9.309701492537314,14.383785550833617
Portugal,PRT,2015,16007000000.0,11723000.0,19.5412514045024,1893000.0,5.78455434712205,199038523119.639,0.48793862390472,Europe,8.042161763016317,-8.932127211697106,11.679527484043062
Portugal,PRT,2016,17347000000.0,13359000.0,20.7049051395775,1941000.0,5.86770359810232,206305431241.638,0.607397074641719,Europe,8.408406843968201,8.371337539826328,13.955472148767377
Portugal,PRT,2017,21586000000.0,15432000.0,22.6599762949349,2195000.0,5.99384656122454,220862990767.229,1.36861411643472,Europe,9.773479895846302,24.436501988816506,15.517628565012354
Portugal,PRT,2018,24366000000.0,16186000.0,23.0386305147798,2486000.0,6.20408449889061,242092894542.888,0.993715683468326,Europe,10.064731575871773,12.878717687389972,4.885951270088129
Portugal,PRT,2019,24592000000.0,17283000.0,23.4554217784929,3100000.0,6.6236680370026,240115970063.019,0.338178410046034,Europe,10.24171778059817,0.9275219568250836,6.777462004201151
Portugal,PRT,2020,10522000000.0,4208000.0,12.3602186175021,680000.0,3.95018899565421,229618773422.577,-0.0124383299575305,Europe,4.582377931544789,-57.213728041639555,-75.65237516634843
Puerto Rico,PRI,1999,2139000000.0,4221000.0,,1134000.0,,57841000000.0,,North America,3.698068843899656,,
Puerto Rico,PRI,2000,2388000000.0,4566000.0,,1259000.0,,61701800000.0,,North America,3.8702274487940382,11.64095371669005,8.173418621179817
Puerto Rico,PRI,2001,2728000000.0,4908000.0,,1331000.0,,69208400000.0,,North America,3.9417180573456405,14.237855946398659,7.490144546649136
Puerto Rico,PRI,2002,2486000000.0,4364000.0,,1227000.0,,71623500000.0,,North America,3.4709278379302884,-8.870967741935488,-11.083944580277095
Puerto Rico,PRI,2003,2677000000.0,4402000.0,,1272000.0,,74827400000.0,,North America,3.577566506386698,7.683024939662109,0.8707607699358411
Puerto Rico,PRI,2004,3024000000.0,4889000.0,,1361000.0,,80322313000.0,,North America,3.7648318220118986,12.96227119910347,11.063153112221723
Puerto Rico,PRI,2005,3239000000.0,5073000.0,,1410000.0,,83914521300.0,,North America,3.859880208838181,7.109788359788349,3.763550828390261
Puerto Rico,PRI,2006,3369000000.0,5022000.0,,1468000.0,,87276164400.0,,North America,3.860160472404995,4.01358443964186,-1.0053222945002993
Puerto Rico,PRI,2007,3414000000.0,5062000.0,,1441000.0,,89524131600.0,,North America,3.813496918634171,1.3357079252003468,0.7964954201513441
Puerto Rico,PRI,2008,3535000000.0,5213000.0,,1438000.0,,93639300000.0,,North America,3.7751243334796394,3.5442296426479114,2.983010667720265
Puerto Rico,PRI,2009,3176000000.0,4415000.0,,1116000.0,,96385600000.0,,North America,3.295098022941186,-10.15558698727016,-15.307884135814309
Puerto Rico,PRI,2010,3211000000.0,4379000.0,,980000.0,,98381300000.0,,North America,3.263831642802036,1.10201511335013,-0.8154020385050975
Puerto Rico,PRI,2011,3143000000.0,4214000.0,,924000.0,,100351700000.0,,North America,3.1319848094252514,-2.11772033634382,-3.7679835578899312
Puerto Rico,PRI,2012,3193000000.0,4197000.0,,876000.0,,101564800000.0,,North America,3.1438057279687452,1.590836780146354,-0.4034171808258158
Puerto Rico,PRI,2013,3311000000.0,4210000.0,,839000.0,,102450000000.0,,North America,3.231820400195217,3.6955840901973014,0.309745055992372
Puerto Rico,PRI,2014,3439000000.0,4456000.0,,793000.0,,102445800000.0,,North America,3.3568970128594824,3.865901540320138,5.843230403800481
Puerto Rico,PRI,2015,3825000000.0,5051000.0,,746000.0,,103375500000.0,,North America,3.7001030224763123,11.224193079383538,13.352782764811488
Puerto Rico,PRI,2016,3974000000.0,5003000.0,,789000.0,,104336700000.0,,North America,3.80882278239584,3.8954248366013022,-0.9503068699267425
Puerto Rico,PRI,2017,3868000000.0,4927000.0,,792000.0,,103445500000.0,,North America,3.739167000981193,-2.667337695017613,-1.5190885468718718
Puerto Rico,PRI,2018,3303000000.0,4260000.0,,792000.0,,100958100000.0,,North America,3.2716542803400617,-14.607032057911063,-13.537649685406938
Puerto Rico,PRI,2019,3612000000.0,4931000.0,,792000.0,,105126400000.0,,North America,3.4358638743455496,9.355131698455942,15.751173708920184
Puerto Rico,PRI,2020,2921000000.0,3882000.0,,792000.0,,103130900000.0,,North America,2.8323228052892007,-19.130675526024365,-21.27357533968769
Qatar,QAT,1999,4463000000.0,1482000.0,3.66306342871316,,17.8408985403236,12393131868.1319,2.18170320404723,Asia,36.01188180266444,,
Qatar,QAT,2000,4463000000.0,1482000.0,3.66306342871316,,17.8408985403236,17759890109.8901,1.65033522434232,Asia,25.129659994431226,0.0,0.0
Qatar,QAT,2001,4463000000.0,1482000.0,3.66306342871316,,17.8408985403236,17538461538.4615,1.47133434804683,Asia,25.446929824561458,0.0,0.0
Qatar,QAT,2002,4463000000.0,1482000.0,3.66306342871316,,17.8408985403236,19363736263.7363,0.239999999999952,Asia,23.048237897962615,0.0,0.0
Qatar,QAT,2003,4463000000.0,1482000.0,3.66306342871316,,17.8408985403236,23533791208.7912,2.26456504389469,Asia,18.96422025845465,0.0,0.0
Qatar,QAT,2004,4463000000.0,1482000.0,3.66306342871316,,17.8408985403236,31734065934.0659,6.79933665008279,Asia,14.063750952282032,0.0,0.0
Qatar,QAT,2005,4463000000.0,1482000.0,3.66306342871316,,17.8408985403236,44530494505.4945,8.81439532334683,Asia,10.022345472604895,0.0,0.0
Qatar,QAT,2006,4463000000.0,1482000.0,3.66306342871316,,17.8408985403236,60882142857.1429,11.8358096197431,Asia,7.330556696192874,0.0,0.0
Qatar,QAT,2007,4463000000.0,1482000.0,3.66306342871316,,17.8408985403236,79712087912.0879,13.7581625759964,Asia,5.598899886955802,0.0,0.0
Qatar,QAT,2008,4463000000.0,1482000.0,3.66306342871316,,17.8408985403236,115270054945.055,15.0501451570333,Asia,3.8717774552353155,0.0,0.0
Qatar,QAT,2009,4463000000.0,1482000.0,3.66306342871316,,17.8408985403236,97798351648.3516,-4.86327801622565,Asia,4.563471597197645,0.0,0.0
Qatar,QAT,2010,4463000000.0,1700000.0,3.66306342871316,,17.8408985403236,125122306346.154,-2.42525675161714,Asia,3.5669099542115204,0.0,14.70985155195681
Qatar,QAT,2011,4463000000.0,2057000.0,3.66306342871316,,17.8408985403236,167775268626.374,1.13836623529202,Asia,2.6601060076016614,0.0,20.999999999999996
Qatar,QAT,2012,7220000000.0,2324000.0,5.05332946205215,,19.5672252797391,186833502362.637,2.31534853431661,Asia,3.864403283510815,61.77459108223169,12.980068060281958
Qatar,QAT,2013,8452000000.0,2612000.0,5.84871240147674,,19.8954098513444,198727642967.033,3.22197756829293,Asia,4.253057035151424,17.063711911357338,12.392426850258165
Qatar,QAT,2014,10576000000.0,2839000.0,7.5419575145024,,20.1095563491518,206224598571.429,3.34972085659523,Asia,5.128389180176701,25.130146710837664,8.690658499234294
Qatar,QAT,2015,12131000000.0,2941000.0,13.1442638566411,,19.6401542540371,161739955576.923,1.8140772393776,Asia,7.500311198138382,14.703101361573378,3.592814371257491
Qatar,QAT,2016,12593000000.0,2938000.0,17.3734076704707,,20.7198788141095,151732181868.132,2.6765917009819,Asia,8.299491805202127,3.8084246970571334,-0.10200612036722623
Qatar,QAT,2017,15757000000.0,2256000.0,18.4931773627734,,19.7515515878099,161099122225.275,0.394878914083005,Asia,9.78093473281996,25.125069483046136,-23.21307011572499
Qatar,QAT,2018,15239000000.0,1819000.0,14.8584760608804,,17.860239113011,183334953818.681,0.255815382724408,Asia,8.312108347364807,-3.2874278098622867,-19.370567375886527
Qatar,QAT,2019,15647000000.0,2136500.0,16.9990807287314,,18.7629792381564,176371267689.082,-0.666641124861147,Asia,8.87162643043621,2.6773410328761793,17.454645409565693
Qatar,QAT,2020,14318000000.0,582000.0,20.1851764350477,,19.4769924881974,144411363345.27,-2.5403150300476,Asia,9.914732240126703,-8.493640953537419,-72.7591855838989
Romania,ROU,1999,306000000.0,5224000.0,3.15887271601115,6274000.0,3.82176980087508,35953156753.739,45.8037811326363,Europe,0.8511074621234117,,
Romania,ROU,2000,394000000.0,5264000.0,3.30953380932381,6388000.0,3.2309360318034,37253739511.1273,45.6665940440238,Europe,1.057611947606807,28.75816993464053,0.7656967840734996
Romania,ROU,2001,419000000.0,4938000.0,3.2048340217225,6408000.0,2.9386290522148,40395116581.4832,34.4770123493527,Europe,1.0372540927188862,6.345177664974622,-6.193009118541037
Romania,ROU,2002,400000000.0,4794000.0,2.54728395847927,5757000.0,2.44741873804971,46065502702.5817,22.5398862605386,Europe,0.8683287417540378,-4.534606205250602,-2.916160388821387
Romania,ROU,2003,523000000.0,5595000.0,2.62510666064348,6497000.0,2.34522345223452,57806384143.166,15.2734889936255,Europe,0.9047443595584767,30.75000000000001,16.708385481852318
Romania,ROU,2004,607000000.0,6600000.0,2.31502669717773,6972000.0,2.02714932126697,74973656851.8076,11.8743635936399,Europe,0.8096177050557797,16.061185468451235,17.962466487935647
Romania,ROU,2005,1324000000.0,5839000.0,5.48922877966683,7140000.0,3.1322080053219,98454380120.0761,9.01491283343835,Europe,1.344785268451474,118.12191103789127,-11.530303030303035
Romania,ROU,2006,1675000000.0,6037000.0,5.53335631883267,8906000.0,3.21601062117615,122023735992.706,6.55851412276983,Europe,1.3726837540035028,26.51057401812689,3.390991608152083
Romania,ROU,2007,2073000000.0,7722000.0,4.80278840596626,10980000.0,2.53480728191658,174588782938.583,4.83732928313989,Europe,1.1873615046215436,23.761194029850753,27.911214179228082
Romania,ROU,2008,2626000000.0,8862000.0,4.66513956471894,13072000.0,2.85215668188014,214315932061.275,7.85080255714482,Europe,1.225293880274473,26.676314520019307,14.763014763014759
Romania,ROU,2009,1688000000.0,7575000.0,3.70911880837269,11723000.0,3.10920180473678,174110532658.867,5.58742004264393,Europe,0.9694990729293106,-35.71972581873572,-14.522681110358837
Romania,ROU,2010,1631000000.0,7498000.0,3.03567058894314,10905000.0,2.94184926877574,170064350671.827,6.09141668601891,Europe,0.9590487327631286,-3.376777251184837,-1.0165016501650137
Romania,ROU,2011,2016000000.0,7611000.0,2.96999222484711,10936000.0,2.91613742760621,192623977894.173,5.7892532881588,Europe,1.0465986748065104,23.605150214592285,1.507068551613755
Romania,ROU,2012,1904000000.0,7937000.0,2.97686564406179,11149000.0,2.90096179688632,179117323107.087,3.33492267693442,Europe,1.0629904282690041,-5.555555555555558,4.283274208382615
Romania,ROU,2013,2307000000.0,8019000.0,3.01904173538111,11364000.0,2.71950276912908,189798603751.235,3.9847123554813,Europe,1.215498931184834,21.165966386554615,1.033135945571373
Romania,ROU,2014,2388000000.0,8442000.0,2.88206034198765,12299000.0,3.27711237914022,199722319675.741,1.06830987684298,Europe,1.1956600563607689,3.5110533159947943,5.274971941638618
Romania,ROU,2015,2229000000.0,9331000.0,3.03046057360825,13118000.0,3.36810958754635,177885131240.315,-0.594156437495203,Europe,1.2530558256657882,-6.6582914572864365,10.53067993366501
Romania,ROU,2016,2474000000.0,10223000.0,3.1475625381071,16128000.0,3.61281379801197,185290759248.844,-1.54479666813897,Europe,1.3351988032373692,10.99147599820547,9.559532740327947
Romania,ROU,2017,3553000000.0,10926000.0,3.98408211415776,19953000.0,5.24430009863523,210147385855.419,1.3390212110439,Europe,1.690718152660941,43.613581244947454,6.876650689621444
Romania,ROU,2018,3879000000.0,11720000.0,3.83659411423118,21039000.0,5.59109678470357,243468683030.34,4.62548443137779,Europe,1.5932233877967032,9.175344779059946,7.267069375800839
Romania,ROU,2019,4240000000.0,12815000.0,4.20212645845957,23066000.0,6.45055697178807,251677082534.495,3.82785432599438,Europe,1.6846984863704717,9.306522299561749,9.343003412969274
Romania,ROU,2020,1611000000.0,5023000.0,1.73180538052312,9510000.0,3.34170753997067,252033792712.145,2.63107311184743,Europe,0.6391999988033229,-62.00471698113208,-60.803745610612566
Russian Federation,RUS,1999,4726000000.0,18820000.0,4.32494721249099,12631000.0,13.5343967819198,195907128350.934,85.7464940960636,Europe,2.4123675538412175,,
Russian Federation,RUS,2000,4726000000.0,21169000.0,4.32494721249099,18371000.0,13.5343967819198,259710142196.943,20.7987606558704,Europe,1.819721001275409,0.0,12.481402763018057
Russian Federation,RUS,2001,4726000000.0,21595000.0,4.32494721249099,18030000.0,13.5343967819198,306602070620.5,21.4770072117159,Europe,1.5414116383609349,0.0,2.012376588407583
Russian Federation,RUS,2002,5278000000.0,23309000.0,4.50397980974568,20428000.0,13.7925843918735,345470494417.863,15.7887307914463,Europe,1.5277715710262678,11.680067710537445,7.937022458902532
Russian Federation,RUS,2003,5879000000.0,22521000.0,3.98615592249947,20572000.0,13.3202581116225,430347420184.885,13.6632930228666,Europe,1.3661055519919874,11.386888973095877,-3.3806684113432572
Russian Federation,RUS,2004,7262000000.0,22064000.0,3.6159963272392,24507000.0,12.5154205358735,591016690732.385,10.8886157326216,Europe,1.2287301042210779,23.524408913080453,-2.029217175081033
Russian Federation,RUS,2005,7805000000.0,22201000.0,2.90289548668744,28416000.0,10.9323912273327,764015973481.11,12.6853039507349,Europe,1.021575499846925,7.477278986505098,0.6209209572153762
Russian Federation,RUS,2006,9720000000.0,22486000.0,2.91716747959701,29107000.0,8.99931571781335,989932071352.543,9.66865454789265,Europe,0.9818855536945658,24.535554131966684,1.2837259582901606
Russian Federation,RUS,2007,12426000000.0,22909000.0,3.18296630943125,34285000.0,7.91647958918914,1299703478481.65,9.00729868861079,Europe,0.9560642258583782,27.8395061728395,1.8811705060926887
Russian Federation,RUS,2008,15821000000.0,23676000.0,3.02253990212137,36538000.0,7.20889600867831,1660848058303.11,14.1107677840442,Europe,0.9525856336409443,27.32174472879447,3.3480291588458666
Russian Federation,RUS,2009,12369000000.0,21339000.0,3.60663621062755,34276000.0,9.61706143116835,1222645900055.7,11.6473295764118,Europe,1.0116584040756613,-21.819101194614753,-9.870755195134318
Russian Federation,RUS,2010,13239000000.0,22281000.0,2.99637976486963,39323000.0,9.39966022389007,1524916715223.95,6.84939230255025,Europe,0.8681785613488875,7.033713315546941,4.414452411078318
Russian Federation,RUS,2011,16961000000.0,24932000.0,2.95772158376095,43726000.0,9.1069359573379,2045922753398.04,8.4404648593257,Europe,0.8290146816066124,28.11390588413023,11.898029711413315
Russian Federation,RUS,2012,17876000000.0,28177000.0,3.03099163513453,47813000.0,10.8154361207233,2208293553878.42,5.07474300799149,Europe,0.809493826968993,5.39472908437002,13.01540189314936
Russian Federation,RUS,2013,20198000000.0,30792000.0,3.41206639660246,54069000.0,12.6698311293177,2292470078346.22,6.75371026220942,Europe,0.8810583915917788,12.989483105840227,9.280618944529229
Russian Federation,RUS,2014,19451000000.0,32421000.0,3.45764458268544,45889000.0,12.9128718410701,2059241589895.01,7.82341183865513,Europe,0.9445710544818446,-3.6983859788097817,5.290335151987535
Russian Federation,RUS,2015,13186000000.0,33729000.0,3.35491826921939,34550000.0,13.6385730586157,1363482182197.71,15.5344050528403,Europe,0.9670826778789532,-32.20914091820472,4.034422133802162
Russian Federation,RUS,2016,12822000000.0,24571000.0,3.85795074694915,31659000.0,10.39246805746,1276786350881.14,7.04244762954799,Europe,1.0042400587342777,-2.760503564386474,-27.151709211657625
Russian Federation,RUS,2017,14938000000.0,24390000.0,3.63912924879851,39629000.0,10.8737084644597,1574199360089.0,3.68332944412233,Europe,0.948926824564041,16.502885665262834,-0.7366407553620169
Russian Federation,RUS,2018,18735000000.0,24551000.0,3.68392450768582,41964000.0,11.2900783812185,1657328773461.31,2.87829723647884,Europe,1.1304335204940774,25.41839603695273,0.6601066010660128
Russian Federation,RUS,2019,17235000000.0,24419000.0,3.57805477178706,45330000.0,11.5254847991652,1693115002708.32,4.47036660760173,Europe,1.0179462099403027,-8.006405124099281,-0.5376563072787222
Russian Federation,RUS,2020,4961000000.0,6359000.0,1.3004275447173,12361000.0,3.54287980229156,1493075894362.14,3.38165937237898,Europe,0.3322671016746539,-71.21554975340875,-73.95880257176788
Rwanda,RWA,1999,21000000.0,531000.0,31.8757566770688,,7.30001757386248,2157108262.84452,-2.40593209742259,Africa,0.9735255462935305,,
Rwanda,RWA,2000,27000000.0,531000.0,31.8757566770688,,7.30001757386248,2068836754.37431,3.89952980284712,Africa,1.305081222233301,28.57142857142858,0.0
Rwanda,RWA,2001,29000000.0,531000.0,31.8757566770688,,7.30001757386248,1966600715.49841,3.34285506749409,Africa,1.4746257220114107,7.407407407407418,0.0
Rwanda,RWA,2002,38500000.0,531000.0,31.8757566770688,,7.30001757386248,1966003468.49117,1.99258542453993,Africa,1.9582874911989463,32.75862068965518,0.0
Rwanda,RWA,2003,48000000.0,531000.0,31.8757566770688,,7.30001757386248,2138237278.73822,7.44970014007366,Africa,2.2448397321145266,24.675324675324674,0.0
Rwanda,RWA,2004,57500000.0,531000.0,31.8757566770688,,7.30001757386248,2376496067.01198,12.2507102894391,Africa,2.4195285150333112,19.791666666666675,0.0
Rwanda,RWA,2005,67000000.0,531000.0,31.8757566770688,,7.30001757386248,2933819766.17656,9.01408918092339,Africa,2.283712202515984,16.521739130434774,0.0
Rwanda,RWA,2006,148000000.0,531000.0,31.8757566770688,,7.30001757386248,3319784538.73346,8.88282654777923,Africa,4.458120648289539,120.89552238805972,0.0
Rwanda,RWA,2007,177000000.0,610000.0,31.8757566770688,,7.30001757386248,4070507894.61656,9.08072205873158,Africa,4.348351718813539,19.594594594594604,14.87758945386064
Rwanda,RWA,2008,224000000.0,669000.0,31.8757566770688,,7.30001757386248,5179854064.57033,15.4382138709255,Africa,4.324446156352879,26.55367231638419,9.672131147540973
Rwanda,RWA,2009,223000000.0,664000.0,31.8757566770688,,7.30001757386248,5674476969.06444,12.9443978401712,Africa,3.9298776119055496,-0.44642857142856984,-0.7473841554558991
Rwanda,RWA,2010,224000000.0,667000.0,31.8757566770688,,7.30001757386248,6124756654.12346,-0.246128693436934,Africa,3.6572881609784966,0.4484304932735439,0.45180722891566827
Rwanda,RWA,2011,298000000.0,908000.0,31.2602280492918,,6.51971040712297,6884913658.10632,3.0801706924026,Africa,4.328304097889939,33.03571428571428,36.131934032983516
Rwanda,RWA,2012,337000000.0,1061000.0,30.0790574519004,,5.60189607222815,7654761573.54991,10.2710182318876,Africa,4.402488526415534,13.087248322147648,16.850220264317173
Rwanda,RWA,2013,364000000.0,1122000.0,28.0251798349653,,5.13556206991974,7819963715.75353,5.92426867984854,Africa,4.654753055525208,8.01186943620178,5.7492931196984065
Rwanda,RWA,2014,376000000.0,1220000.0,28.3073347116526,,5.01220913901606,8238966063.86692,2.35449052820358,Africa,4.56367943605203,3.296703296703307,8.734402852049916
Rwanda,RWA,2015,427000000.0,1298000.0,29.4680871512675,,11.9098741904007,8543759677.58157,2.52850284192421,Africa,4.9977997522616215,13.563829787234049,6.393442622950829
Rwanda,RWA,2016,443000000.0,1377000.0,29.2091907873238,,11.9100392163906,8695272300.91019,7.17434301982009,Africa,5.094722564969337,3.74707259953162,6.086286594761181
Rwanda,RWA,2017,496500000.0,1570000.0,26.078005947543,,13.6455747808998,9252834336.49492,8.27953672260832,Africa,5.365923369466484,12.076749435665924,14.0159767610748
Rwanda,RWA,2018,547000000.0,1711000.0,26.7709909277257,,11.6718330301602,9637904655.17446,-0.311210160390699,Africa,5.675507483945934,10.171198388721049,8.980891719745232
Rwanda,RWA,2019,635900024.414063,1634000.0,28.2036248379652,,10.2430781524613,10349300380.33,3.34787655037648,Africa,6.144376924479475,16.25228965522174,-4.500292226767977
Rwanda,RWA,2020,212000000.0,1634000.0,10.9903672762396,,3.54990123791179,10174387374.3478,9.85039902274207,Africa,2.0836635386471087,-66.66142603228502,0.0
Samoa,WSM,1999,42500000.0,116000.0,53.4804593860931,58000.0,3.06685780640357,255408060.259486,0.265120132560355,Oceania,16.640038672554592,,
Samoa,WSM,2000,48000000.0,116000.0,55.900088364763164,61000.0,3.65954008970588,258856139.798489,0.966782350024729,Oceania,18.54311821128385,12.941176470588234,0.0
Samoa,WSM,2001,53500000.0,116000.0,58.31971734343322,56000.0,4.252222373008189,266299591.479428,3.83828463867725,Oceania,20.09015473992304,11.458333333333325,0.0
Samoa,WSM,2002,59000000.0,116000.0,60.73934632210328,53000.0,4.8449046563105,281790134.211972,8.0503144654087,Oceania,20.9375676565093,10.280373831775691,0.0
Samoa,WSM,2003,64500000.0,116000.0,63.158975300773335,51000.0,5.43758693961281,333426188.41876,0.115830115830107,Oceania,19.344611263405774,9.322033898305083,0.0
Samoa,WSM,2004,70000000.0,116000.0,65.5786042794434,54000.0,6.03026922291512,407747565.096959,16.3131507905901,Oceania,17.1674844908895,8.52713178294573,0.0
Samoa,WSM,2005,73800003.0517578,116000.0,52.0865863752855,52000.0,7.93568986801736,476801793.159429,1.85676392572949,Oceania,15.478130349036077,5.42857578822542,0.0
Samoa,WSM,2006,88400001.5258789,116000.0,59.3049845477009,51000.0,7.32484655947686,499923757.780736,3.70008680555553,Oceania,17.68269664124478,19.783194946322368,0.0
Samoa,WSM,2007,102400001.525879,122000.0,56.327814721882,52000.0,6.64147016704291,573548459.833372,5.57706393219629,Oceania,17.853766280817556,15.837103799032871,5.1724137931034475
Samoa,WSM,2008,111599998.474121,122000.0,61.954620984098,53000.0,6.69883010094921,641346191.664776,11.565906838454,Oceania,17.40089828621809,8.984371885890008,0.0
Samoa,WSM,2009,115199996.948242,129000.0,66.3575383763356,43000.0,6.95823780600948,628006115.424052,6.32495336235228,Oceania,18.343769928172573,3.2258051284434375,5.737704918032782
Samoa,WSM,2010,123699996.948242,130000.0,60.5685856694146,56000.0,6.472665961303,680260907.153983,0.777007268777692,Oceania,18.184198981206695,7.378472417685011,0.7751937984496138
Samoa,WSM,2011,134899993.896484,128000.0,64.7320037928004,57000.0,5.23363278595729,744097050.169115,5.23541591478434,Oceania,18.129354748258248,9.054161054610411,-1.538461538461533
Samoa,WSM,2012,148199996.948242,135000.0,66.7059531844453,56000.0,5.60741961943468,773141661.165548,2.0490188352116,Oceania,19.168543669581,9.859157637889759,5.46875
Samoa,WSM,2013,137199996.948242,125000.0,59.615508558911,51000.0,3.35475759317078,797736334.281305,0.61008572090503,Oceania,17.198664653008183,-7.42240231208755,-7.4074074074074066
Samoa,WSM,2014,147699996.948242,132000.0,65.3757425567042,57000.0,0.985235694333579,796683519.593842,-0.40681608842489,Oceania,18.53935638376718,7.653061394717864,5.600000000000005
Samoa,WSM,2015,142399993.896484,139000.0,61.5346254851128,54000.0,0.78041242796718,824150498.653536,0.724470134874729,Oceania,17.278396861875517,-3.5883569135179316,5.303030303030298
Samoa,WSM,2016,148699996.948242,146000.0,59.8993680749264,54500.0,0.52492338528358,843924796.697421,1.30471869303179,Oceania,17.620053058063725,4.4241596360866,5.035971223021574
Samoa,WSM,2017,167000000.0,158000.0,59.9873552744121,55000.0,0.950797352654094,884844384.463214,1.74989677484705,Oceania,18.873375130397605,12.306660004927682,8.219178082191792
Samoa,WSM,2018,192300003.051758,172000.0,63.877417530795,64000.0,0.975006551578842,878448433.404342,4.19745888663752,Oceania,21.89086982676011,15.149702426202394,8.860759493670889
Samoa,WSM,2019,206100006.103516,181000.0,61.1969351605922,69000.0,1.13858574266416,912950466.064906,0.982326569888117,Oceania,22.575157553932765,7.176288524573615,5.232558139534893
Samoa,WSM,2020,23059999.4659424,23899.9996185303,19.7907411795208,18500.0,0.477719014209709,868898358.266437,-1.56891247740895,Oceania,2.653935209631428,-88.81125726199141,-86.79558032125398
San Marino,SMR,1999,,3148000.0,,,,1109473367.84318,1.43083868527342,Europe,,,
San Marino,SMR,2000,,3071000.0,,,,1007661366.66959,1.43083868527342,Europe,,,-2.4459974587039413
San Marino,SMR,2001,,3036000.0,,,,1059529812.37456,1.43083868527342,Europe,,,-1.13969391077825
San Marino,SMR,2002,,3102000.0,,,,1148872072.38556,1.43083868527342,Europe,,,2.1739130434782705
San Marino,SMR,2003,,2882000.0,,,,1462590266.59186,1.43083868527342,Europe,,,-7.092198581560282
San Marino,SMR,2004,,2812000.0,,,,1715340542.988,1.43083868527342,Europe,,,-2.4288688410825765
San Marino,SMR,2005,,2107000.0,,,,1786514058.22344,1.68548890528348,Europe,,,-25.07112375533428
San Marino,SMR,2006,,2136000.0,,,,1909765165.43137,2.09525935611432,Europe,,,1.3763644992880852
San Marino,SMR,2007,,2164000.0,,,,2188654628.38097,2.49894575725803,Europe,,,1.3108614232209659
San Marino,SMR,2008,,2112000.0,,,,2403213305.03601,4.29320249287704,Europe,,,-2.402957486136781
San Marino,SMR,2009,,2056000.0,,,,2064277126.41466,2.19959237046011,Europe,,,-2.651515151515149
San Marino,SMR,2010,,1976000.0,,,,1881191925.32503,2.58541815582589,Europe,,,-3.891050583657585
San Marino,SMR,2011,,2038000.0,,,,1813717438.69134,2.89979584300091,Europe,,,3.1376518218623417
San Marino,SMR,2012,,1869000.0,,,,1604701299.43546,2.8273322422262,Europe,,,-8.292443572129537
San Marino,SMR,2013,,1905000.0,,,,1678741475.14095,1.60439298078063,Europe,,,1.9261637239165408
San Marino,SMR,2014,,2004000.0,,,,1673911426.17254,1.11296303373832,Europe,,,5.1968503937007915
San Marino,SMR,2015,,1888000.0,,,,1419401070.56043,0.145686073240975,Europe,,,-5.788423153692612
San Marino,SMR,2016,,2000000.0,,,,1468343139.74326,0.573948019802681,Europe,,,5.932203389830515
San Marino,SMR,2017,,1937000.0,,,,1528620346.31168,1.04597683468917,Europe,,,-3.1499999999999972
San Marino,SMR,2018,,1874000.0,,,,1655353653.05934,1.04597683468917,Europe,,,-3.2524522457408334
San Marino,SMR,2019,,1904000.0,,,,1616232125.12587,1.04597683468917,Europe,,,1.6008537886873064
San Marino,SMR,2020,,1904000.0,,,,1544714493.24409,1.04597683468917,Europe,,,0.0
Sao Tome and Principe,STP,1999,9200000.0,5800.00019073486,56.1820824652209,8600.00038146973,6.5076598058815,77302211.9248351,12.7251770130085,Africa,11.901341204758321,,
Sao Tome and Principe,STP,2000,9900000.0,7099.99990463257,60.8580277434044,8600.00038146973,5.85261181992393,76198394.8202671,12.2089456308977,Africa,12.99239967370916,7.608695652173902,22.41378743356559
Sao Tome and Principe,STP,2001,6200000.0,7500.0,56.0386798158915,8600.00038146973,5.11660728554418,75951133.3777948,9.22203707560889,Africa,8.16314349011761,-37.37373737373737,5.633804235778084
Sao Tome and Principe,STP,2002,6900000.0,9199.99980926514,46.7117072953543,8600.00038146973,4.4555579793301,85171073.8777498,10.128724672229,Africa,8.10134202358879,11.290322580645151,22.666664123535195
Sao Tome and Principe,STP,2003,7400000.0,10000.0,46.8748935051571,8600.00038146973,3.81694334017172,102085769.123419,9.79241974934509,Africa,7.2488066295054265,7.246376811594213,8.695654427396772
Sao Tome and Principe,STP,2004,7700000.0,10600.0003814697,51.0973272537231,8600.00038146973,3.89770028830286,114582283.916382,13.2858860871796,Africa,6.720061546005822,4.054054054054057,6.000003814696986
Sao Tome and Principe,STP,2005,7300000.0,15800.0001907349,45.7846770754975,8600.00038146973,0.94941292389953,136450662.390592,17.1522049354354,Africa,5.349919063861811,-5.1948051948051965,49.05660020876543
Sao Tome and Principe,STP,2006,6700000.0,12300.0001907349,41.5766471253223,8600.00038146973,1.42851502140624,142775104.081626,23.0770373451381,Africa,4.692694880593146,-8.21917808219178,-22.151898466763285
Sao Tome and Principe,STP,2007,5000000.0,11800.0001907349,37.0079675191387,8600.00038146973,0.837970598750918,149146918.888611,18.5485136325779,Africa,3.3523991224613927,-25.373134328358205,-4.065040587370317
Sao Tome and Principe,STP,2008,7700000.0,14500.0,43.9764386642794,10300.0001907349,0.272906340442985,188021165.00338,31.9901039492573,Africa,4.0952836346171875,54.0,22.88135394595232
Sao Tome and Principe,STP,2009,8300000.0,15199.9998092651,42.3192350267815,10300.0001907349,0.399026673020223,200668065.03175,16.9574758025945,Africa,4.136183801187679,7.792207792207795,4.82758489148345
Sao Tome and Principe,STP,2010,11100000.0,8000.0,45.6519656976764,10300.0001907349,0.45636182771915,190021192.489536,13.34005235378,Africa,5.841453710807151,33.734939759036145,-47.36842039219217
Sao Tome and Principe,STP,2011,15900000.0,12199.9998092651,54.1869030716461,10300.0001907349,0.917854194656713,226455001.243083,14.3271667616801,Africa,7.02126246394201,43.24324324324324,52.49999761581377
Sao Tome and Principe,STP,2012,15000000.0,15549.999952316251,45.541620653735,10300.0001907349,2.22589829644833,229371348.202606,10.6379353431628,Africa,6.539613651636364,-5.660377358490565,27.45901799528756
Sao Tome and Principe,STP,2013,30900000.0,18900.000095367403,62.9669460002023,10300.0001907349,2.22589829644833,267041747.584354,8.10583270875476,Africa,11.571224454423259,106.0,21.543409346134123
Sao Tome and Principe,STP,2014,56100000.0,22250.00023841855,64.4101585787403,10300.0001907349,2.22589829644833,293119143.246825,6.99849943966421,Africa,19.138975154809398,81.55339805825244,17.724868392314285
Sao Tome and Principe,STP,2015,62500000.0,25600.0003814697,69.4569250458352,10300.0001907349,2.22589829644833,259999643.047388,5.24587835022454,Africa,24.038494540782366,11.408199643493756,15.056180256873809
Sao Tome and Principe,STP,2016,69100000.0,28899.9996185303,71.5589125293279,10300.0001907349,2.22589829644833,292267272.196925,5.43051966119156,Africa,23.642742986782842,10.559999999999992,12.890621827682747
Sao Tome and Principe,STP,2017,65900000.0,28899.9996185303,71.5107883514984,10300.0001907349,2.22589829644833,322002845.229335,5.6902961992902,Africa,20.46565767239264,-4.630969609261937,0.0
Sao Tome and Principe,STP,2018,71900000.0,33400.0015258789,73.1935597095181,10300.0001907349,2.22589829644833,383717327.830508,7.86859628873909,Africa,18.737751669051285,9.104704097116834,15.570941061408373
Sao Tome and Principe,STP,2019,71900000.0,33400.0015258789,73.1935597095181,10300.0001907349,2.22589829644833,412976082.620705,7.72024525213248,Africa,17.410209216894543,0.0,0.0
Sao Tome and Principe,STP,2020,71900000.0,33400.0015258789,73.1935597095181,10300.0001907349,2.22589829644833,471229484.607144,9.81932791540146,Africa,15.25795866953058,0.0,0.0
Saudi Arabia,SAU,1999,3418000000.0,11083000.0,3.45402874355544,4234000.0,14.8576727683251,161717066666.667,-1.33376350229422,Asia,2.1135678938854485,,
Saudi Arabia,SAU,2000,3418000000.0,11083000.0,3.45402874355544,4234000.0,14.8576727683251,189514933333.333,-1.12499477854774,Asia,1.8035518045367782,0.0,0.0
Saudi Arabia,SAU,2001,3418000000.0,11083000.0,3.45402874355544,4234000.0,14.8576727683251,184137600000.0,-1.12094477457175,Asia,1.8562205654901551,0.0,0.0
Saudi Arabia,SAU,2002,3418000000.0,11083000.0,3.45402874355544,4234000.0,14.8576727683251,189605866666.667,0.24718651429923,Asia,1.8026868366942201,0.0,0.0
Saudi Arabia,SAU,2003,3418000000.0,11083000.0,3.45402874355544,4234000.0,7.61076078127154,215807733333.333,0.612194395125212,Asia,1.5838172002486186,0.0,0.0
Saudi Arabia,SAU,2004,4290250000.0,11083000.0,3.2824173405364823,4234000.0,9.31918763354903,258742133333.333,0.515506766998081,Asia,1.6581180439109025,25.519309537741375,0.0
Saudi Arabia,SAU,2005,5162500000.0,10417000.0,3.110805937517525,5009000.0,11.02761448582652,328459608764.111,0.479230397826084,Asia,1.5717305453248405,20.330983042946205,-6.009203284309306
Saudi Arabia,SAU,2006,6034750000.0,10962000.0,2.9391945344985677,2336000.0,12.736041338104009,376900133511.348,2.20902407871182,Asia,1.6011535851096481,16.895883777239717,5.2318325813573985
Saudi Arabia,SAU,2007,6907000000.0,13479000.0,2.76758313147961,4817000.0,14.4444681903815,415964509673.115,4.16782330119979,Asia,1.6604781993126898,14.453788475081808,22.961138478379862
Saudi Arabia,SAU,2008,6775000000.0,17717000.0,2.09847404121761,4705000.0,9.05851409852941,519796800000.0,9.87024791275994,Asia,1.3033939416325764,-1.9111046764152317,31.441501595073817
Saudi Arabia,SAU,2009,6744000000.0,13319000.0,3.3376795248188,6467000.0,13.1499588032128,429097866666.667,5.05722314693633,Asia,1.5716694311227823,-0.4575645756457525,-24.823615736298464
Saudi Arabia,SAU,2010,7536000000.0,13025000.0,2.87819051636304,18625000.0,12.6725566789492,528207200000.0,5.33941680637454,Asia,1.426712850563188,11.743772241992879,-2.2073729258953345
Saudi Arabia,SAU,2011,9317000000.0,15776000.0,2.47644880968256,15865399.4140625,9.19398314318631,676634666666.667,5.82621608838862,Asia,1.3769616691232682,23.633227176220807,21.12092130518235
Saudi Arabia,SAU,2012,8400000000.0,19847000.0,2.10305229228409,20084259.765625,8.35756777551969,741849866666.667,2.86626887489915,Asia,1.1323045777097034,-9.842223891810665,25.805020283975665
Saudi Arabia,SAU,2013,8690000000.0,19934000.0,2.24115950596501,22535457.03125,8.10798948375028,753864533333.333,3.53252470694918,Asia,1.1527269974587835,3.4523809523809623,0.43835340353706176
Saudi Arabia,SAU,2014,9263000000.0,23010000.0,2.60949304134479,22322601.5625,9.70514613898072,766605866666.667,2.23629031536978,Asia,1.2083132157958956,6.593785960874565,15.430922042741035
Saudi Arabia,SAU,2015,11183000000.0,21834000.0,5.1295719244243,25054000.0,8.23510019391582,669484266666.667,1.20607322150109,Asia,1.6703902625941711,20.727626039080207,-5.110821382007824
Saudi Arabia,SAU,2016,13438000000.0,20887000.0,6.68965397720977,27618000.0,8.90833014823207,666000000000.0,2.06884036053473,Asia,2.0177177177177175,20.164535455602262,-4.337272144362004
Saudi Arabia,SAU,2017,15020000000.0,18607000.0,6.26113901615019,28748000.0,9.46632512169085,714994666666.667,-0.838194579675018,Asia,2.100714970368076,11.772585206131868,-10.915880691339108
Saudi Arabia,SAU,2018,16974000000.0,17570000.0,5.38999879984986,27425000.0,8.58042655133968,846583733333.333,2.45814158007532,Asia,2.004999544837306,13.009320905459386,-5.5731713871123745
Saudi Arabia,SAU,2019,19849000000.0,20292000.0,6.94361064014203,27196000.0,7.49629979765413,838564800000.0,-2.09333333333329,Asia,2.3670204139262703,16.937669376693766,15.492316448491739
Saudi Arabia,SAU,2020,5960000000.0,20292000.0,3.25953824254142,27196000.0,4.97794237693878,734271200000.0,3.44545825956692,Asia,0.8116891960354703,-69.97329840294222,0.0
Senegal,SEN,1999,183000000.0,502000.0,12.6836127702993,,7.54329965677585,6592834932.80876,0.827250608272509,Africa,2.775740661870873,,
Senegal,SEN,2000,152000000.0,502000.0,11.6074132047022,,7.16161860272934,6013185003.97525,0.731981981981609,Africa,2.5277785383206153,-16.93989071038251,0.0
Senegal,SEN,2001,175000000.0,502000.0,12.4882319036541,,6.0785701689881,6507824829.26254,2.9745008391957,Africa,2.6890705357204707,15.131578947368428,0.0
Senegal,SEN,2002,210000000.0,502000.0,13.7437642163682,,5.36895978094547,7006402319.75856,2.33730187454302,Africa,2.9972586559550662,19.999999999999996,0.0
Senegal,SEN,2003,269000000.0,502000.0,14.7433159606545,,4.85460967526858,8768721563.18211,-0.0519970242714378,Africa,3.0677219941555736,28.095238095238084,0.0
Senegal,SEN,2004,286000000.0,677000.0,13.1034214318138,,4.3176395264853,10076816666.6196,0.51478178102298,Africa,2.8381979097367305,6.3197026022304925,34.860557768924295
Senegal,SEN,2005,334000000.0,779000.0,14.1784046765032,,3.89577785641955,11009033437.939,1.71133325855503,Africa,3.0338721549248753,16.783216783216794,15.066469719350085
Senegal,SEN,2006,329000000.0,876000.0,13.6916422185456,,3.44165320791627,11697918243.0035,2.1122858387711,Africa,2.8124662283118127,-1.4970059880239472,12.451861360718874
Senegal,SEN,2007,622000000.0,879000.0,21.6147074376373,,6.50950733728768,13994218412.9619,5.85330428467687,Africa,4.444692669823442,89.05775075987843,0.3424657534246478
Senegal,SEN,2008,640000000.0,877000.0,18.2434090397019,,3.93313121929802,16853989627.548,7.34720236578404,Africa,3.797320481044525,2.893890675241151,-0.22753128555176305
Senegal,SEN,2009,475000000.0,815000.0,15.1895297472709,,4.91209501780682,16145867494.9405,-2.24802147855337,Africa,2.941929259290942,-25.78125,-7.069555302166474
Senegal,SEN,2010,464000000.0,906000.0,14.4295414271656,,4.16800675847532,16121315909.0758,1.22868119673341,Africa,2.878176959107801,-2.3157894736842155,11.165644171779142
Senegal,SEN,2011,525000000.0,977000.0,13.8422633305999,,3.88876238646792,17814283639.3119,3.40322829786971,Africa,2.9470733184097813,13.146551724137922,7.836644591611486
Senegal,SEN,2012,469000000.0,967000.0,11.8221966999991,,3.56742885893243,17660870411.5235,1.41822871177844,Africa,2.6555882528529473,-10.666666666666668,-1.0235414534288667
Senegal,SEN,2013,495000000.0,1069000.0,11.7589746421441,,3.62957065953611,18918667724.8817,0.710245486695272,Africa,2.6164633112562123,5.543710021321968,10.548086866597718
Senegal,SEN,2014,482000000.0,976000.0,11.195729748267,,3.86865848324266,19797253440.2679,-1.09025507446895,Africa,2.434681161476698,-2.626262626262621,-8.69971936389149
Senegal,SEN,2015,417000000.0,1014000.0,10.3810057918881,,4.15049647591838,17774766696.1759,0.13521193363526,Africa,2.346022353641999,-13.485477178423233,3.8934426229508157
Senegal,SEN,2016,439000000.0,1219000.0,10.7251820033116,,4.48241483693911,19040312333.1864,0.837284942557434,Africa,2.305634447155801,5.27577937649879,20.216962524654836
Senegal,SEN,2017,470000000.0,1376000.0,10.2323418144114,,3.93363745423424,20996562943.5979,1.3181531484778,Africa,2.238461605656789,7.061503416856496,12.879409351927817
Senegal,SEN,2018,557000000.0,1376000.0,10.5351999576054,,3.61603304146199,23116701556.1381,0.460985642464282,Africa,2.409513306417635,18.51063829787234,0.0
Senegal,SEN,2019,557000000.0,1376000.0,10.5351999576054,,3.61603304146199,23403995992.1354,1.76011151192938,Africa,2.37993546139374,0.0,0.0
Senegal,SEN,2020,557000000.0,1376000.0,10.5351999576054,,3.61603304146199,24530513037.7518,2.54314685681652,Africa,2.2706414625034217,0.0,0.0
Serbia,SRB,1999,77000000.0,312000.0,9.13413425683836,,5.65472303264093,20878694850.5767,42.4539054642972,Europe,0.3687969988117967,,
Serbia,SRB,2000,77000000.0,312000.0,9.13413425683836,,5.65472303264093,7326373882.11044,71.1206287946541,Europe,1.0509974134410314,0.0,0.0
Serbia,SRB,2001,77000000.0,312000.0,9.13413425683836,,5.65472303264093,13599378661.9952,95.0052258100006,Europe,0.5662023384581832,0.0,0.0
Serbia,SRB,2002,77000000.0,312000.0,9.13413425683836,,5.65472303264093,17930583571.3055,19.4908321579689,Europe,0.4294338758902633,0.0,0.0
Serbia,SRB,2003,159000000.0,339000.0,9.13413425683836,,5.65472303264093,23593044417.5086,9.87617889729578,Europe,0.6739274388938324,106.4935064935065,8.653846153846146
Serbia,SRB,2004,220000000.0,392000.0,9.13413425683836,,5.65472303264093,26845632341.8075,11.0263627183464,Europe,0.8195001600218873,38.36477987421383,15.634218289085556
Serbia,SRB,2005,308000000.0,453000.0,9.13413425683836,,5.65472303264093,28334256180.8801,16.1199806482826,Europe,1.0870234179919562,39.99999999999999,15.561224489795912
Serbia,SRB,2006,416000000.0,469000.0,9.13413425683836,,5.65472303264093,33298057361.7412,11.7240229980834,Europe,1.2493221315606708,35.064935064935064,3.532008830022071
Serbia,SRB,2007,1018000000.0,696000.0,9.13413425683836,,5.65472303264093,44888028946.0854,6.39170644391413,Europe,2.2678652279936604,144.71153846153845,48.40085287846483
Serbia,SRB,2008,1114000000.0,646000.0,7.88813523191164,,5.37939497157271,54220641201.6474,12.410986775178,Europe,2.054568104159847,9.430255402750486,-7.183908045977017
Serbia,SRB,2009,986000000.0,645000.0,8.76805448142573,,6.0465777937496,46955984409.7271,8.11695092238082,Europe,2.0998388435356636,-11.490125673249551,-0.1547987616099089
Serbia,SRB,2010,950000000.0,683000.0,7.54306858395628,,5.84765356307083,43536629233.1424,6.14255360247248,Europe,2.1820706304860398,-3.6511156186612603,5.891472868217051
Serbia,SRB,2011,1149000000.0,764000.0,7.40483618553558,,5.50671868518064,51251098408.0924,11.1373976342129,Europe,2.2419031702520082,20.947368421052627,11.859443631039523
Serbia,SRB,2012,1080000000.0,810000.0,7.33482621244199,,5.44188601341612,45103269969.4112,7.33038589596646,Europe,2.394504878986491,-6.005221932114879,6.020942408376961
Serbia,SRB,2013,1221000000.0,922000.0,6.59180337988396,,5.45860922443749,50455529604.0696,7.69426362896655,Europe,2.4199527972084107,13.055555555555554,13.82716049382715
Serbia,SRB,2014,1352000000.0,1029000.0,7.04880150076778,,5.66219199284146,49114321280.3466,2.08244793880154,Europe,2.752761241029327,10.728910728910733,11.605206073752704
Serbia,SRB,2015,1322000000.0,1132000.0,7.57904132934883,,6.06461779831881,41297410634.9586,1.39235822000187,Europe,3.2011692250770705,-2.2189349112425982,10.009718172983483
Serbia,SRB,2016,1461000000.0,1281000.0,7.59533280256608,,6.23075355968005,42225495909.5633,1.12231397417769,Europe,3.459994888228442,10.514372163388796,13.162544169611312
Serbia,SRB,2017,1706000000.0,1497000.0,7.80465757602015,,6.12400241581045,45972834713.8077,3.13106248590115,Europe,3.7108871154460523,16.769336071184114,16.86182669789227
Serbia,SRB,2018,1941000000.0,1711000.0,7.7742763859184,,6.16852555527405,52787520248.9242,1.95984076293801,Europe,3.6770054566818886,13.774912075029299,14.295257181028731
Serbia,SRB,2019,2000000000.0,1847000.0,7.65485626855996,,6.39255952330521,53864693664.5568,1.84922984511086,Europe,3.7130072853565834,3.0396702730551173,7.948568088836927
Serbia,SRB,2020,1422000000.0,446000.0,5.57653856424375,,3.90695933420643,55874017668.998,1.57553290083415,Europe,2.545011186458862,-28.900000000000002,-75.8527341635084
Seychelles,SYC,1999,202000000.0,130000.0,47.7590347192074,32000.0,5.32589995173453,662838614.880674,6.34730538922156,Africa,30.47498975845947,,
Seychelles,SYC,2000,225000000.0,140000.0,46.7086266416719,36000.0,8.76779761554342,654212394.27164,6.26876876876878,Africa,34.392500351587074,11.386138613861396,7.692307692307687
Seychelles,SYC,2001,221000000.0,138000.0,43.2823528936225,41000.0,6.36445058948616,662064155.920692,5.96962204168156,Africa,33.38045082544438,-1.7777777777777781,-1.4285714285714235
Seychelles,SYC,2002,247000000.0,135000.0,44.9096655740752,53000.0,8.88017619379259,742134837.50919,0.174999999999924,Africa,33.28236157582905,11.764705882352944,-2.1739130434782594
Seychelles,SYC,2003,258000000.0,127000.0,41.8273668208465,50000.0,9.06363480781052,750847230.099263,3.30255386407089,Africa,34.36118422730175,4.453441295546567,-5.925925925925924
Seychelles,SYC,2004,256000000.0,126000.0,40.7837289848844,48000.0,7.88567244564829,893012218.181818,3.85730391367399,Africa,28.66702098670258,-0.7751937984496138,-0.7874015748031482
Seychelles,SYC,2005,269000000.0,135000.0,37.378233772539,52000.0,6.66746542103544,977899381.818182,0.907187718073944,Africa,27.507942534931924,5.078125,7.14285714285714
Seychelles,SYC,2006,323000000.0,151000.0,37.9837352525244,55000.0,5.68811972696724,1081441283.31798,-0.353465498693756,Africa,29.867548519046792,20.07434944237918,11.851851851851848
Seychelles,SYC,2007,396000000.0,171000.0,46.3846467540233,58000.0,7.69510221071584,1077308813.82945,5.32060027285142,Africa,36.75826234005835,22.600619195046434,13.245033112582782
Seychelles,SYC,2008,408000000.0,173000.0,45.2293146790639,54000.0,5.90201837922866,979597394.293453,36.9647582875289,Africa,41.64976370667821,3.0303030303030276,1.1695906432748648
Seychelles,SYC,2009,349000000.0,178000.0,41.0687532188864,49000.0,5.64777091819026,850901620.433301,31.7544407744178,Africa,41.01531735505219,-14.460784313725494,2.8901734104046284
Seychelles,SYC,2010,352000000.0,191000.0,41.867472008783,59000.0,6.01305645677004,981616542.328454,-2.40463875108227,Africa,35.85921638657745,0.8595988538681931,7.303370786516861
Seychelles,SYC,2011,380000000.0,210000.0,40.3201990024528,48000.0,5.50415708232275,1058918707.26124,2.55926772230953,Africa,35.88566311977075,7.954545454545459,9.947643979057585
Seychelles,SYC,2012,429000000.0,216000.0,34.7991659568343,45000.0,4.09869769310475,1089407839.19709,7.11037062326403,Africa,39.379191572201236,12.89473684210527,2.857142857142847
Seychelles,SYC,2013,484000000.0,237000.0,33.2436655294674,47000.0,4.00801587390205,1333160407.38516,4.33893848329099,Africa,36.30470851960793,12.82051282051282,9.722222222222232
Seychelles,SYC,2014,481000000.0,239000.0,35.026631236391,50000.0,4.10206576617381,1387577870.08161,1.38583454581263,Africa,34.664721193031866,-0.6198347107438051,0.8438818565400741
Seychelles,SYC,2015,483000000.0,296000.0,37.2376392946995,56000.0,3.80048106657115,1432403352.12944,4.04194410725617,Africa,33.71955247674912,0.4158004158004047,23.84937238493723
Seychelles,SYC,2016,505000000.0,333000.0,31.5950159416631,68000.0,5.68110605934886,1568513348.14463,-1.01548191697626,Africa,32.196091961688225,4.554865424430643,12.5
Seychelles,SYC,2017,585000000.0,382000.0,31.3750968329153,74000.0,5.08481033088034,1675370641.01416,2.85679575568437,Africa,34.91764661972823,15.841584158415834,14.714714714714706
Seychelles,SYC,2018,611000000.0,405000.0,28.4800561120136,72000.0,4.89851097240139,1784313926.76807,3.70291839111568,Africa,34.24285328012348,4.444444444444451,6.020942408376961
Seychelles,SYC,2019,618000000.0,428000.0,29.6451806641873,76000.0,5.38298119257711,1868690096.73454,1.80709400809982,Africa,33.07129422261775,1.1456628477905184,5.679012345679002
Seychelles,SYC,2020,228000000.0,124500.0,18.3911664604099,19000.0,2.92756048128059,1382551751.56908,1.20266463987123,Africa,16.49124524570159,-63.106796116504846,-70.91121495327103
Sierra Leone,SLE,1999,6000000.0,75000.0,20.95594384476,13000.0,23.5472979072534,669386623.951402,11.6499744518106,Africa,0.8963429780807222,,
Sierra Leone,SLE,2000,10000000.0,75000.0,18.1669417885033,13000.0,13.8129710045219,635866403.776065,11.6499744518106,Africa,1.5726573916494777,66.66666666666667,0.0
Sierra Leone,SLE,2001,14000000.0,75000.0,17.2585353934716,20000.0,15.2882419607033,1681473752.3847,11.6499744518106,Africa,0.8326029460849399,39.99999999999999,0.0
Sierra Leone,SLE,2002,38000000.0,75000.0,38.7061815195179,27000.0,11.6471684937678,1933864034.188,11.6499744518106,Africa,1.964977854089707,171.42857142857144,0.0
Sierra Leone,SLE,2003,60000000.0,75000.0,33.9263449139359,13000.0,9.34518985081972,2142618349.81099,11.6499744518106,Africa,2.800312057688336,57.89473684210527,0.0
Sierra Leone,SLE,2004,58000000.0,75000.0,27.9359186929897,28000.0,8.4464231823456,2237350963.27352,11.6499744518106,Africa,2.5923514438315416,-3.3333333333333326,0.0
Sierra Leone,SLE,2005,64000000.0,75000.0,24.4478047517241,63000.0,7.41665821752888,2545275312.60512,11.6499744518106,Africa,2.5144627649138362,10.344827586206895,0.0
Sierra Leone,SLE,2006,23000000.0,75000.0,7.60284581917601,67000.0,3.44683506111136,2912986118.07453,11.6499744518106,Africa,0.7895677860354133,-64.0625,0.0
Sierra Leone,SLE,2007,22000000.0,75000.0,6.65622583235172,71000.0,3.47111982277591,3326853435.59832,11.6499744518106,Africa,0.6612855187605641,-4.347826086956519,0.0
Sierra Leone,SLE,2008,34000000.0,75000.0,10.2887141199936,73000.0,4.12045958503695,3835603778.61591,8.21112432289608,Africa,0.8864314971623324,54.54545454545454,0.0
Sierra Leone,SLE,2009,25000000.0,75000.0,6.78776940894446,72000.0,3.46848914375048,3784165906.1037,7.46901898540982,Africa,0.6606475672664366,-26.470588235294112,0.0
Sierra Leone,SLE,2010,26000000.0,75000.0,6.23699544072879,76000.0,1.94280522246414,4033122830.14424,7.18566275668163,Africa,0.6446617446330078,4.0000000000000036,0.0
Sierra Leone,SLE,2011,44000000.0,75000.0,8.17443437864548,99000.0,1.04681097808063,4587078913.13315,6.79138291952621,Africa,0.9592161118925752,69.23076923076923,0.0
Sierra Leone,SLE,2012,47000000.0,75000.0,3.81696133195286,104000.0,1.28203043350598,5927684219.15278,6.58776239392585,Africa,0.7928897401136784,6.818181818181812,0.0
Sierra Leone,SLE,2013,66000000.0,95000.0,3.75562908771449,111000.0,3.14133312256058,7697098118.19922,5.52412877994266,Africa,0.857466008442167,40.42553191489362,26.66666666666666
Sierra Leone,SLE,2014,35000000.0,53000.0,2.32827709296857,93000.0,1.56659738127919,7845456215.27807,4.63931171409667,Africa,0.44611809740065544,-46.96969696969697,-44.21052631578948
Sierra Leone,SLE,2015,37000000.0,31000.0,4.73413343026276,61000.0,1.52499905887291,6651626733.64854,6.68943562498681,Africa,0.5562549054779088,5.714285714285716,-41.509433962264154
Sierra Leone,SLE,2016,41000000.0,60000.0,5.20188622118414,92000.0,2.56508898738783,6042615859.61074,10.8860609413903,Africa,0.6785140898008563,10.81081081081081,93.5483870967742
Sierra Leone,SLE,2017,39000000.0,59000.0,4.62162199353139,110000.0,3.88884459358277,5818480351.63706,18.2215094003386,Africa,0.6702781077369652,-4.878048780487809,-1.6666666666666718
Sierra Leone,SLE,2018,39000000.0,66000.0,5.28496038226782,112000.0,3.82734632680849,6390514688.52816,16.0295447693699,Africa,0.6102794829657506,0.0,11.864406779661007
Sierra Leone,SLE,2019,39000000.0,71000.0,5.28496038226782,122000.0,4.56551098962502,6523577590.38319,14.8049990906021,Africa,0.5978314729864226,0.0,7.575757575757569
Sierra Leone,SLE,2020,39000000.0,71000.0,5.28496038226782,122000.0,4.56551098962502,6688594757.62129,13.4468711101052,Africa,0.5830821183412498,0.0,0.0
Singapore,SGP,1999,5089000000.0,6958000.0,3.3368799572395,3971000.0,3.05946630511628,86286849754.8905,0.0167098337370801,Asia,5.89777007093896,,
Singapore,SGP,2000,5142000000.0,7691000.0,2.8414964959783,4444000.0,2.68172179200985,96076539925.7409,1.36162392448454,Asia,5.351982912763443,1.0414619768127409,10.534636389767172
Singapore,SGP,2001,4641000000.0,7522000.0,2.82595507856574,4363000.0,4.417225822092,89793790669.6515,0.997197956155961,Asia,5.168508830498193,-9.743290548424731,-2.1973735535041006
Singapore,SGP,2002,4458000000.0,7567000.0,2.61696097593919,4399000.0,5.3568536121869,92538372869.6942,-0.391676866585059,Asia,4.817460975110759,-3.9431157078215873,0.5982451475671446
Singapore,SGP,2003,3842000000.0,6127000.0,1.9421882855524,4221000.0,4.91548958549675,97646401095.6369,0.507905300237541,Asia,3.934604815836547,-13.817855540601165,-19.029998678472314
Singapore,SGP,2004,5327000000.0,8329000.0,2.1644241189008,5165000.0,4.30595822094702,115033593101.049,1.66272719863071,Asia,4.630821185704077,38.651743883394076,35.93928513138567
Singapore,SGP,2005,6209000000.0,8943000.0,2.15761357738246,5159000.0,4.03491760073763,127807848728.398,0.425106276569129,Asia,4.858074102471302,16.557161629434948,7.371833353343749
Singapore,SGP,2006,7536000000.0,9751000.0,2.22349387936699,5533000.0,3.84206357824061,148627286361.351,0.962901778165114,Asia,5.070401394316016,21.372201642776623,9.03499944090349
Singapore,SGP,2007,9066000000.0,10285000.0,2.35476396924537,6024000.0,4.11143237006459,180941701357.97,2.10488003633211,Asia,5.010453605752319,20.30254777070064,5.476361398830898
Singapore,SGP,2008,10615000000.0,10116000.0,2.39415391099529,6828000.0,4.0508842864784,193617323539.203,6.62778177352131,Asia,5.48246396859768,17.085815133465697,-1.6431696645600402
Singapore,SGP,2009,9225000000.0,9683000.0,2.48970345092668,6961000.0,4.83339139598486,194150283771.566,0.596720257424944,Asia,4.751473869002417,-13.09467734338201,-4.280347963621988
Singapore,SGP,2010,14178000000.0,11642000.0,2.98599128197397,7342000.0,4.54194314259536,239807980591.24,2.82366134885608,Asia,5.912230262330941,53.6910569105691,20.231333264484142
Singapore,SGP,2011,17929000000.0,13171000.0,3.15646282519785,7753000.0,4.36228074322771,279356499090.458,5.2477933984048,Asia,6.417964163487902,26.456481873324876,13.133482219549908
Singapore,SGP,2012,18795000000.0,14496000.0,3.23769546461291,8048000.0,4.54583376342505,295092888076.589,4.57560270376527,Asia,6.36918094587285,4.830163422388312,10.059980259661373
Singapore,SGP,2013,19231000000.0,15568000.0,3.20509622780607,8647000.0,4.6144925580765,307576360584.992,2.35860415399832,Asia,6.252431091721021,2.3197658951849,7.395143487858724
Singapore,SGP,2014,19161000000.0,15095000.0,3.17029462600024,8903000.0,4.81484209309721,314863580758.455,1.02514803039391,Asia,6.085492629488706,-0.36399563205241625,-3.0382836587872553
Singapore,SGP,2015,16617000000.0,15231500.0,3.02445115508637,9125000.0,5.0839686833401,307998545269.398,-0.522618167075298,Asia,5.395155352264914,-13.276968842962267,0.9042729380589698
Singapore,SGP,2016,18944000000.0,16403000.0,3.60474019395056,9474000.0,5.42120102397963,319053943915.005,-0.532268739716253,Asia,5.937553934467779,14.003731118733832,7.691297639759709
Singapore,SGP,2017,19891000000.0,17425000.0,3.37216364152209,9889000.0,4.9336242529459,343257164581.712,0.576260310166349,Asia,5.794780721981105,4.998944256756754,6.230567579101387
Singapore,SGP,2018,20416000000.0,18508000.0,3.03928054267298,10378000.0,4.52883023187095,376892697588.005,0.43862011844684,Asia,5.41692639062948,2.6393846463224513,6.215208034433295
Singapore,SGP,2019,20416000000.0,19116000.0,3.03928054267298,10711000.0,4.52883023187095,376901649222.451,0.565260568780326,Asia,5.4167977354618255,0.0,3.28506591744111
Singapore,SGP,2020,20416000000.0,2742000.0,3.03928054267298,1543000.0,4.52883023187095,349488382610.662,-0.181916666666634,Asia,5.84168201743744,0.0,-85.65599497802887
Sint Maarten (Dutch part),SXM,1999,665000000.0,1061000.0,71.0089406694347,,11.5339032781415,854972067.039106,0.300601202404805,,77.78031887088343,,
Sint Maarten (Dutch part),SXM,2000,665000000.0,1300000.0,71.0089406694347,,11.5339032781415,854972067.039106,0.300601202404805,,77.78031887088343,0.0,22.52591894439209
Sint Maarten (Dutch part),SXM,2001,665000000.0,1271000.0,71.0089406694347,,11.5339032781415,854972067.039106,0.300601202404805,,77.78031887088343,0.0,-2.230769230769236
Sint Maarten (Dutch part),SXM,2002,665000000.0,1436000.0,71.0089406694347,,11.5339032781415,854972067.039106,0.300601202404805,,77.78031887088343,0.0,12.981904012588519
Sint Maarten (Dutch part),SXM,2003,665000000.0,1600000.0,71.0089406694347,,11.5339032781415,854972067.039106,0.300601202404805,,77.78031887088343,0.0,11.420612813370479
Sint Maarten (Dutch part),SXM,2004,665000000.0,1823000.0,71.0089406694347,,11.5339032781415,854972067.039106,0.300601202404805,,77.78031887088343,0.0,13.937500000000004
Sint Maarten (Dutch part),SXM,2005,665000000.0,1956000.0,71.0089406694347,,11.5339032781415,854972067.039106,0.300601202404805,,77.78031887088343,0.0,7.295666483817875
Sint Maarten (Dutch part),SXM,2006,665000000.0,1890000.0,71.0089406694347,,11.5339032781415,854972067.039106,0.300601202404805,,77.78031887088343,0.0,-3.3742331288343586
Sint Maarten (Dutch part),SXM,2007,665000000.0,1891000.0,71.0089406694347,,11.5339032781415,854972067.039106,4.43245754245754,,77.78031887088343,0.0,0.052910052910060124
Sint Maarten (Dutch part),SXM,2008,667000000.0,1821000.0,71.0089406694347,,11.5339032781415,854972067.039106,-0.417929020080758,,78.0142446419237,0.3007518796992459,-3.7017451084082498
Sint Maarten (Dutch part),SXM,2009,619000000.0,1655000.0,71.0089406694347,,11.5339032781415,854972067.039106,5.95763688760801,,72.40002613695768,-7.19640179910045,-9.115870400878634
Sint Maarten (Dutch part),SXM,2010,681000000.0,1956000.0,71.0089406694347,,11.5339032781415,892290502.793296,1.33857621672882,,76.32043576258454,10.016155088852985,18.187311178247747
Sint Maarten (Dutch part),SXM,2011,729000000.0,2080000.0,71.0089406694347,,11.5339032781415,936089385.47486,4.58475435650401,,77.87717832418241,7.048458149779746,6.33946830265848
Sint Maarten (Dutch part),SXM,2012,854000000.0,2210000.0,72.9830893656841,,11.6379870833514,985865921.787709,4.01518421081576,,86.62435541451809,17.146776406035656,6.25
Sint Maarten (Dutch part),SXM,2013,871000000.0,2253000.0,70.9848522789873,,9.60436022704808,1022905027.93296,2.5286478853837,,85.14964500273082,1.990632318501162,1.9457013574660564
Sint Maarten (Dutch part),SXM,2014,922000000.0,2502000.0,73.9076501435269,,8.97669992799093,1361811508.37989,1.88675466275266,,67.70393658200746,5.855338691159595,11.051930758988027
Sint Maarten (Dutch part),SXM,2015,913000000.0,2407000.0,75.1015587662218,,10.4125175004437,1417888715.0838,0.330027165141066,,64.39151326104178,-0.9761388286334105,-3.79696243005595
Sint Maarten (Dutch part),SXM,2016,871000000.0,2197000.0,74.8227920391994,,10.0810196620887,1427017206.70391,0.111682655737579,,61.03640488062613,-4.6002190580503814,-8.724553385957623
Sint Maarten (Dutch part),SXM,2017,646000000.0,1640000.0,67.1460061517141,,9.73667686485011,1353212122.90503,2.19201010962985,,47.73826579481043,-25.83237657864523,-25.352753755120617
Sint Maarten (Dutch part),SXM,2018,468000000.0,1775000.0,58.384944818704,,6.30666438858135,1259200446.92737,2.19201010962985,,37.1664417005241,-27.554179566563462,8.231707317073166
Sint Maarten (Dutch part),SXM,2019,708000000.0,1952000.0,64.9104424174721,,6.22587358855686,1407880446.92737,2.19201010962985,,50.28836088640731,51.28205128205128,9.971830985915497
Sint Maarten (Dutch part),SXM,2020,243000000.0,1952000.0,46.1061995849456,,2.76016439850992,1236428100.55866,2.19201010962985,,19.65338703400581,-65.67796610169492,0.0
Slovak Republic,SVK,1999,465000000.0,12583000.0,3.8427897252621,2987000.0,2.94200591679031,30496272225.1337,10.5704416075225,Europe,1.524776525364196,,
Slovak Republic,SVK,2000,441000000.0,12583000.0,3.11947559459894,2987000.0,2.33625261829104,29215726004.7765,12.0357805974299,Europe,1.5094610345397563,-5.161290322580648,0.0
Slovak Republic,SVK,2001,649000000.0,12583000.0,4.20568245189529,2987000.0,1.9911492900615,30726659550.9717,7.3296201911553,Europe,2.1121723268466264,47.16553287981859,0.0
Slovak Republic,SVK,2002,742000000.0,12583000.0,5.67937399083126,2987000.0,3.4259582741792,35243658398.7546,3.12714222984608,Europe,2.1053432978065065,14.329738058551623,0.0
Slovak Republic,SVK,2003,876000000.0,12583000.0,4.66105038408139,2987000.0,3.44758513875201,46616149116.7411,8.55414305406645,Europe,1.8791771019228294,18.059299191374656,0.0
Slovak Republic,SVK,2004,931000000.0,12583000.0,2.35659059375312,2987000.0,2.18212274197298,57215475076.2986,7.54850088183423,Europe,1.6271821544057492,6.278538812785395,0.0
Slovak Republic,SVK,2005,1282000000.0,12583000.0,2.84512088151828,2987000.0,2.35160464165897,62547753148.4638,2.70908494588384,Europe,2.0496339763908633,37.701396348012885,0.0
Slovak Republic,SVK,2006,1655000000.0,12583000.0,2.88546936549371,3149000.0,2.06065470304098,70751813442.9881,4.48333120449611,Europe,2.3391626581184397,29.09516380655226,0.0
Slovak Republic,SVK,2007,2352000000.0,12583000.0,3.26459831694657,3603000.0,2.5116569498624,86587749517.9724,2.7567237163814,Europe,2.7163195868854544,42.11480362537765,0.0
Slovak Republic,SVK,2008,3096000000.0,12583000.0,3.82945291770455,3683000.0,3.21484473776093,100830060552.902,4.59817976325028,Europe,3.070512883779969,31.63265306122449,0.0
Slovak Republic,SVK,2009,2541000000.0,12583000.0,4.21820917495083,3230000.0,3.683966020277,89342984697.5246,1.61510464058238,Europe,2.8440957156319437,-17.926356589147286,0.0
Slovak Republic,SVK,2010,2334000000.0,12583000.0,3.43087002727221,2692000.0,3.11013234110088,91112160800.7668,0.957018132975143,Europe,2.5616778040241113,-8.146399055489962,0.0
Slovak Republic,SVK,2011,2515000000.0,12583000.0,3.01767733740384,3285000.0,2.92344509732446,99705104723.4341,3.9192859914629,Europe,2.5224385521445516,7.754927163667524,0.0
Slovak Republic,SVK,2012,2365000000.0,12583000.0,2.78063709749346,2689000.0,2.84057265310826,94724394278.052,3.6061026352289,Europe,2.49671694184481,-5.964214711729621,0.0
Slovak Republic,SVK,2013,2702000000.0,12583000.0,2.9482584179772,2129000.0,2.89582960952019,99134277850.3418,1.40047368963025,Europe,2.725596089053151,14.249471458773776,0.0
Slovak Republic,SVK,2014,2642000000.0,11556000.0,2.8975345645766,2406000.0,2.94894788075056,101713075598.862,-0.0761653295419871,Europe,2.597502813128541,-2.2205773501110304,-8.161805610744654
Slovak Republic,SVK,2015,2480000000.0,14936000.0,3.11534608971077,2777000.0,2.8761270968565,89178548717.3324,-0.325219777427673,Europe,2.780937832775021,-6.1317183951551835,29.248875043267564
Slovak Republic,SVK,2016,2812000000.0,17376000.0,3.37579637191515,3095000.0,2.96759884935808,90347173228.6356,-0.520010196278266,Europe,3.1124382750568826,13.387096774193541,16.336368505623987
Slovak Republic,SVK,2017,3024000000.0,15406000.0,3.35135026891795,3870000.0,2.92092499840308,95978130734.9766,1.31194588223228,Europe,3.1507177487652265,7.5391180654338585,-11.337476979742178
Slovak Republic,SVK,2018,3318000000.0,15299000.0,3.28165125715574,4662000.0,2.82380429938544,106611673364.837,2.51403712883812,Europe,3.112229547927116,9.722222222222232,-0.6945345969102901
Slovak Republic,SVK,2019,3350000000.0,15299000.0,3.44717296850025,5214000.0,2.88873160391719,105843498304.094,2.66456133425431,Europe,3.1650503372207823,0.9644364074743894,0.0
Slovak Republic,SVK,2020,1303000000.0,15299000.0,1.4322797816765,5214000.0,1.43654825112987,107732602896.441,1.93694126694223,Europe,1.209476022084532,-61.1044776119403,0.0
Slovenia,SVN,1999,1011000000.0,884000.0,10.1370659661296,6736000.0,5.33463551264097,22609669083.7179,6.15558754451559,Europe,4.471538244352547,,
Slovenia,SVN,2000,1016000000.0,1090000.0,9.53990610328638,6736000.0,4.79747427089856,20159190701.6789,8.91174418658769,Europe,5.0398848596406465,0.4945598417408492,23.303167420814486
Slovenia,SVN,2001,1059000000.0,1219000.0,9.41500711237553,6736000.0,4.92736535534223,20668868706.8115,8.37966587492204,Europe,5.123647622044271,4.232283464566922,11.834862385321099
Slovenia,SVN,2002,1152000000.0,1302000.0,9.04330897187311,6736000.0,5.21660606158336,23214593516.2095,7.48077770703754,Europe,4.962395741263445,8.78186968838528,6.808859721082849
Slovenia,SVN,2003,1427000000.0,1373000.0,9.1232242638127,6736000.0,5.14196288844176,29360575031.8177,5.54416421752901,Europe,4.860259032575409,23.871527777777768,5.453149001536106
Slovenia,SVN,2004,1725000000.0,1499000.0,8.86142275921588,6736000.0,4.7150822245929,34156553313.4031,3.59297594249509,Europe,5.050275372261013,20.882971268395245,9.176984705025482
Slovenia,SVN,2005,1894000000.0,1555000.0,8.58933543758446,6736000.0,4.58014580954864,35947936823.7781,2.45150132316475,Europe,5.268730746036017,9.79710144927537,3.735823882588396
Slovenia,SVN,2006,2075000000.0,1617000.0,7.9403588814175,6814000.0,4.06562525390818,39260368837.0342,2.45792444195865,Europe,5.285227982989956,9.556494192185848,3.9871382636655905
Slovenia,SVN,2007,2464000000.0,1751000.0,7.46131621617964,5569000.0,3.74761172108721,47880266542.577,3.65749563284099,Europe,5.14617018225852,18.746987951807228,8.28695114409399
Slovenia,SVN,2008,2955000000.0,1958000.0,7.98604435829512,5490000.0,4.23789190111984,55509332322.3578,5.64742380573935,Europe,5.323429189959466,19.926948051948056,11.821816105082817
Slovenia,SVN,2009,2817000000.0,1824000.0,9.72699503530773,5575000.0,6.26868423953512,49975540954.8465,0.839262246793887,Europe,5.636757394072419,-4.670050761421319,-6.843718079673133
Slovenia,SVN,2010,2808000000.0,2049000.0,9.07956473301175,5340000.0,5.38334959921597,47793117240.9001,1.80117022137134,Europe,5.875322979763678,-0.31948881789137795,12.335526315789469
Slovenia,SVN,2011,3048000000.0,2236000.0,8.41274232799573,5073000.0,4.80614833222666,51199194599.3094,1.8028517194191,Europe,5.953218647000187,8.547008547008538,9.126403123474859
Slovenia,SVN,2012,2793000000.0,2377000.0,8.23364689843443,4465000.0,4.64494400277725,46167053954.3367,2.59741386039003,Europe,6.049768743664095,-8.366141732283461,6.305903398926649
Slovenia,SVN,2013,2966000000.0,2502000.0,8.26538762029147,4440000.0,4.71595770791207,47867056858.8892,1.76920085881907,Europe,6.196328319795572,6.194056569996409,5.258729490954983
Slovenia,SVN,2014,3052000000.0,2675000.0,8.04589912662072,4672000.0,4.7813669654351,49514466379.6057,0.19934382657075,Europe,6.1638551784071645,2.8995279838165855,6.914468425259801
Slovenia,SVN,2015,2594000000.0,3022000.0,7.82061616940982,4909000.0,4.61207459104692,42709468274.8137,-0.525552285820877,Europe,6.073594696400643,-15.00655307994757,12.971962616822431
Slovenia,SVN,2016,2717899902.34375,3397000.0,7.82108273459792,5408000.0,4.80079780556138,44290685824.0682,-0.054999541670474,Europe,6.136504440549448,4.776403328594836,12.409000661813362
Slovenia,SVN,2017,3055100097.65625,3991000.0,7.54870683612567,5410000.0,4.54782939505995,48153200134.6613,1.42910743319306,Europe,6.344542188499637,12.406645109399328,17.486017073888725
Slovenia,SVN,2018,3377500000.0,4425000.0,7.35091568881243,5409000.0,4.50911459018199,53689067639.9176,1.7386086198818,Europe,6.290852399695693,10.55284252686457,10.874467551991973
Slovenia,SVN,2019,3353100097.65625,4702000.0,7.36661676228142,6049000.0,4.3414919662339,53909922735.545,1.63052260754344,Europe,6.219819891237602,-0.7224249398593674,6.2598870056497224
Slovenia,SVN,2020,1418000000.0,1216000.0,3.38780096966912,1892000.0,2.31291867601388,53384760135.1581,-0.05485681576061,Europe,2.656188763253681,-57.71077633527393,-74.13866439812847
Solomon Islands,SLB,1999,9699999.80926514,5199.99980926514,4.39172499006779,,5.77114294803762,488024514.369359,8.02036839296841,Oceania,1.987605032874177,,
Solomon Islands,SLB,2000,4000000.0,5199.99980926514,3.29167583009918,,7.39723045347668,419842674.227652,7.88956186986721,Oceania,0.9527378338465597,-58.76288578707678,0.0
Solomon Islands,SLB,2001,8800000.19073486,5666.66650772095,9.60171265204174,,6.30481039192449,409508552.979972,6.92583732057426,Oceania,2.14891731239744,120.0000047683715,8.974359914866191
Solomon Islands,SLB,2002,800000.011920929,6133.3332061767605,1.61831892956913,,7.21945821108457,346406738.885237,10.9296341872692,Oceania,0.23094239289206364,-90.90909097066596,8.235294909625757
Solomon Islands,SLB,2003,1600000.02384186,6599.99990463257,1.74129851117692,,4.10636913099711,417668983.408349,8.26946349334406,Oceania,0.38307848736700734,100.00000000000027,7.608696328219033
Solomon Islands,SLB,2004,3519999.98092651,5599.99990463257,3.02297027556718,,7.55929129711248,468005318.551977,6.98584202682567,Oceania,0.7521282005549637,119.99999552965117,-15.151515370448653
Solomon Islands,SLB,2005,6400000.09536743,9399.99961853027,4.37813249526944,,4.60766293340996,552864570.225819,7.33066341633299,Oceania,1.157607204374361,81.81818551268476,67.85713890377339
Solomon Islands,SLB,2006,30899999.6185303,11500.0,19.0068350810689,,10.0608575644095,617258154.260133,11.2199870214146,Oceania,5.006009139817377,382.8124868450693,22.34043049672032
Solomon Islands,SLB,2007,33099998.4741211,13699.9998092651,15.1380507167105,,9.9502713898501,695295347.621537,7.66602013484806,Oceania,4.760566655213417,7.119737484629263,19.130433124044345
Solomon Islands,SLB,2008,31200000.7629395,16299.9992370605,12.0278440364825,,10.3114192754345,776337691.795098,17.3200651968774,Oceania,4.018869764109591,-5.740174618639616,18.978098277323042
Solomon Islands,SLB,2009,39299999.2370605,18299.9992370605,17.5376640389342,,10.98743583291,805557562.580059,7.09271716876286,Oceania,4.878608439996457,25.96153293605836,12.269939224614813
Solomon Islands,SLB,2010,50799999.2370605,20500.0,16.0932925644883,,9.34525003259945,898133684.898793,1.05148163321038,Oceania,5.656173472970781,29.262087082066213,12.021862593765231
Solomon Islands,SLB,2011,65900001.5258789,22899.9996185303,12.2685837506565,,10.8180370241173,1063895360.69907,7.34270706018,Oceania,6.194218337654652,29.724414400782862,11.707315212342916
Solomon Islands,SLB,2012,65400001.5258789,23899.9996185303,10.5687699656838,,10.683658333871,1185215418.25562,5.91200602491155,Oceania,5.517984369637506,-0.7587253238585334,4.36681229981688
Solomon Islands,SLB,2013,70500000.0,24399.9996185303,12.2927233355488,,9.5854087597007,1285911586.132,5.3913638858756,Oceania,5.482492012694496,7.798162622523819,2.0920502425963994
Solomon Islands,SLB,2014,64800003.0517578,20100.0003814697,11.4130411757979,,9.59470871238283,1335571420.72676,5.16590237925171,Oceania,4.851856070452335,-8.085102054244263,-17.622947968388548
Solomon Islands,SLB,2015,60000000.0,21600.0003814697,11.4082332930065,,9.78550918003634,1307909887.55212,-0.57446928635949,Oceania,4.587472009428403,-7.407411768057914,7.462686425532894
Solomon Islands,SLB,2016,71000000.0,23200.0007629395,12.7960240975444,,11.9529332807583,1379490304.2254,0.512485626268792,Oceania,5.146828490387059,18.333333333333336,7.407409042651758
Solomon Islands,SLB,2017,79000000.0,25700.0007629395,13.3022004768921,,10.7054266626949,1469789119.08756,0.488686760261083,Oceania,5.374920726657912,11.267605633802823,10.775861714597813
Solomon Islands,SLB,2018,92000000.0,27899.9996185303,13.5163585923296,,7.08355669045139,1615478393.28614,3.46147484973729,Oceania,5.694907488849625,16.455696202531644,8.560306576968246
Solomon Islands,SLB,2019,82000000.0,28899.9996185303,13.8679232181334,,8.3011386366336,1619155017.3924,1.63485544012247,Oceania,5.064369941060894,-10.869565217391308,3.584229439687281
Solomon Islands,SLB,2020,7000000.0,4400.00009536743,1.6323346614153,,5.556751673744,1536145814.17007,2.96354992076065,Oceania,0.4556859079020356,-91.46341463414635,-84.77508597423576
Somalia,SOM,1999,,,,,,3045751527.66005,,Africa,,,
Somalia,SOM,2000,,,,,,3412797450.20112,,Africa,,,
Somalia,SOM,2001,,,,,,2252847464.68608,,Africa,,,
Somalia,SOM,2002,,,,,,2192684134.59273,,Africa,,,
Somalia,SOM,2003,,,,,,2836724351.5616,,Africa,,,
Somalia,SOM,2004,,,,,,3859592813.10255,,Africa,,,
Somalia,SOM,2005,,,,,,4683246454.10048,,Africa,,,
Somalia,SOM,2006,,,,,,5026743282.04251,,Africa,,,
Somalia,SOM,2007,,,,,,5430713728.89074,,Africa,,,
Somalia,SOM,2008,,,,,,5913620292.90573,,Africa,,,
Somalia,SOM,2009,,,,,,2948594552.44952,,Africa,,,
Somalia,SOM,2010,,,,,,2687807003.73935,,Africa,,,
Somalia,SOM,2011,,,,,,2906000096.93249,,Africa,,,
Somalia,SOM,2012,,,,,,4364670160.00146,,Africa,,,
Somalia,SOM,2013,,,,,,5062881613.12833,,Africa,,,
Somalia,SOM,2014,,,,,,5728399710.56333,,Africa,,,
Somalia,SOM,2015,,,,,,6152149080.00168,,Africa,,,
Somalia,SOM,2016,,,,,,6613743089.99932,,Africa,,,
Somalia,SOM,2017,,,,,,7621501720.00021,,Africa,,,
Somalia,SOM,2018,,,,,,7873440838.36559,,Africa,,,
Somalia,SOM,2019,,,,,,8655023960.002,,Africa,,,
Somalia,SOM,2020,,,,,,8628393719.99922,,Africa,,,
South Africa,ZAF,1999,3407000000.0,6026000.0,10.0966487725814,,8.97169584312184,151516957078.536,5.18149279747878,Africa,2.24859320414813,,
South Africa,ZAF,2000,3338000000.0,6001000.0,9.02275645146451,,8.11489965486596,151752757215.309,5.33895102929212,Africa,2.199630544612773,-2.0252421485177585,-0.4148689014271456
South Africa,ZAF,2001,3256000000.0,5908000.0,9.06738925755559,,7.62215307984038,135429905922.526,5.70190018305717,Africa,2.4041957186787286,-2.456560814859199,-1.5497417097150468
South Africa,ZAF,2002,3695000000.0,6550000.0,10.0183323786677,,6.92188720795371,129087556612.449,9.4947107032486,Africa,2.8623982798692618,13.482800982800992,10.86662153012863
South Africa,ZAF,2003,6674000000.0,6640000.0,14.0923901703003,,8.43870624028332,197018965308.697,5.67941771099112,Africa,3.387491143069865,80.62246278755075,1.3740458015267132
South Africa,ZAF,2004,7571000000.0,6815000.0,12.9560487575319,,7.20010130439345,255806908594.573,-0.692030271024132,Africa,2.959654233576325,13.44021576266108,2.6355421686746983
South Africa,ZAF,2005,8629000000.0,7518000.0,12.6729852578034,,7.00201644817718,288867217196.534,2.06284616504634,Africa,2.9871856293506522,13.974375908070268,10.315480557593549
South Africa,ZAF,2006,9211000000.0,8509000.0,11.6596017132977,,6.25348262726698,303858675363.643,3.24390776468065,Africa,3.0313434325930406,6.744698111020986,13.18169725990954
South Africa,ZAF,2007,10226000000.0,9208000.0,10.958444970568,,6.27240105284075,333077117253.684,6.17780683499409,Africa,3.070159872979654,11.019433286288137,8.214831355035844
South Africa,ZAF,2008,9178000000.0,9729000.0,8.924506913726,,6.40710784902048,316131258616.309,10.0745755249182,Africa,2.9032244518215804,-10.248386465871306,5.658123370981749
South Africa,ZAF,2009,8684000000.0,9532000.0,10.3960536305639,,7.82946074449943,329754060647.129,7.21531413612566,Africa,2.6334778055372543,-5.3824362606232246,-2.024874087778805
South Africa,ZAF,2010,10309000000.0,11303000.0,9.54946814452287,,7.90392574702104,417363822801.713,4.08972989470464,Africa,2.4700272128995095,18.7125748502994,18.579521611414187
South Africa,ZAF,2011,10706000000.0,12097000.0,8.43423544603224,,6.80701705764732,458199494830.834,4.9992669696526,Africa,2.3365368405638742,3.851003977107381,7.024683712288771
South Africa,ZAF,2012,11202000000.0,13069000.0,9.49845821748665,,5.7826401623603,434400545085.811,5.72465791678297,Africa,2.578726045978412,4.632916121800856,8.035050012399768
South Africa,ZAF,2013,10468000000.0,14318000.0,9.21120241102701,,5.31361109648876,400886013595.573,5.78446909667201,Africa,2.6112160676576917,-6.55240135690055,9.556966868161298
South Africa,ZAF,2014,10484000000.0,14530000.0,9.49251321845819,,5.43334883131814,381198869776.106,6.12983770287141,Africa,2.7502704837917515,0.15284677111195855,1.4806537225869443
South Africa,ZAF,2015,9140000000.0,13952000.0,9.48659060937144,,5.68833255899986,346709790458.563,4.54064227737906,Africa,2.636210528670481,-12.819534528805798,-3.977976600137645
South Africa,ZAF,2016,8807000000.0,15121000.0,9.62696197381511,,5.95227780586972,323585509674.481,6.57139642173964,Africa,2.721691712604691,-3.643326039387307,8.378727064220183
South Africa,ZAF,2017,9706000000.0,14975000.0,9.31728230460876,,6.07876402897448,381448814653.456,5.18424664766128,Africa,2.544509152248341,10.20778925854433,-0.9655446068381757
South Africa,ZAF,2018,9789000000.0,15004000.0,8.7893933037463,,5.8032771450503,405260723892.517,4.51716522786592,Africa,2.4154820398031545,0.8551411498042505,0.19365609348915847
South Africa,ZAF,2019,9064000000.0,14797000.0,8.56440254265287,,5.64610913347343,389330032224.269,4.12024587014984,Africa,2.3281019314684643,-7.406272346511389,-1.3796320981071752
South Africa,ZAF,2020,2716000000.0,3886600.09765625,2.88545960148657,,2.01649923995716,337974655408.055,3.21003597454107,Africa,0.8036105537916229,-70.0353045013239,-73.73386431265628
South Sudan,SSD,1999,22000000.0,,0.873248046107497,,4.54870802791519,14586253383.0632,5.00627361534043,Africa,0.1508269424795901,,
South Sudan,SSD,2000,22000000.0,,0.873248046107497,,4.54870802791519,14586253383.0632,5.00627361534043,Africa,0.1508269424795901,0.0,
South Sudan,SSD,2001,22000000.0,,0.873248046107497,,4.54870802791519,14586253383.0632,5.00627361534043,Africa,0.1508269424795901,0.0,
South Sudan,SSD,2002,22000000.0,,0.873248046107497,,4.54870802791519,14586253383.0632,5.00627361534043,Africa,0.1508269424795901,0.0,
South Sudan,SSD,2003,22000000.0,,0.873248046107497,,4.54870802791519,14586253383.0632,5.00627361534043,Africa,0.1508269424795901,0.0,
South Sudan,SSD,2004,22000000.0,,0.873248046107497,,4.54870802791519,14586253383.0632,5.00627361534043,Africa,0.1508269424795901,0.0,
South Sudan,SSD,2005,22000000.0,,0.873248046107497,,4.54870802791519,14586253383.0632,5.00627361534043,Africa,0.1508269424795901,0.0,
South Sudan,SSD,2006,22000000.0,,0.873248046107497,,4.54870802791519,14586253383.0632,5.00627361534043,Africa,0.1508269424795901,0.0,
South Sudan,SSD,2007,22000000.0,,0.873248046107497,,4.54870802791519,14586253383.0632,5.00627361534043,Africa,0.1508269424795901,0.0,
South Sudan,SSD,2008,22000000.0,,0.873248046107497,,4.54870802791519,14586253383.0632,5.00627361534043,Africa,0.1508269424795901,0.0,
South Sudan,SSD,2009,22000000.0,,0.873248046107497,,4.54870802791519,12231264525.0671,5.00627361534043,Africa,0.1798669299884127,0.0,
South Sudan,SSD,2010,22000000.0,,0.873248046107497,,4.54870802791519,14602072410.9506,1.16962180301106,Africa,0.15066354542593172,0.0,
South Sudan,SSD,2011,22000000.0,,0.873248046107497,,4.54870802791519,14907308932.7534,46.8521757193597,Africa,0.1475786146194568,0.0,
South Sudan,SSD,2012,22000000.0,,0.873248046107497,,4.54870802791519,11931472169.4915,45.5258978371706,Africa,0.18438629942291188,0.0,
South Sudan,SSD,2013,22000000.0,,0.873248046107497,,4.54870802791519,18426469016.9492,-0.0580909784225664,Africa,0.1193934658873806,0.0,
South Sudan,SSD,2014,22000000.0,,0.873248046107497,,4.54870802791519,13962212847.4576,1.67429906295525,Africa,0.15756814654208637,0.0,
South Sudan,SSD,2015,22000000.0,,0.873248046107497,,23.0259565328188,11997800760.2242,52.7663304192142,Africa,0.1833669389888159,0.0,
South Sudan,SSD,2016,23500000.0,,1.42700129340968,,15.5936949332561,11997800760.2242,379.999585624026,Africa,0.19586923028350792,6.818181818181812,
South Sudan,SSD,2017,26000000.0,,1.09477279674869,,15.2880466259333,11997800760.2242,187.851630279442,Africa,0.2167063824413279,10.63829787234043,
South Sudan,SSD,2018,12000000.0,,0.387776007652113,,14.3628279932358,11997800760.2242,83.5015294921999,Africa,0.10001833035753595,-53.84615384615385,
South Sudan,SSD,2019,12000000.0,,0.387776007652113,,12.70516967937295,11997800760.2242,87.2413641500033,Africa,0.10001833035753595,0.0,
South Sudan,SSD,2020,12000000.0,,0.387776007652113,,11.0475113655101,11997800760.2242,29.6758435538571,Africa,0.10001833035753595,0.0,
Spain,ESP,1999,,72040000.0,,12709000.0,,634394904386.874,2.31034813987067,Europe,,,
Spain,ESP,2000,,74580000.0,,12709000.0,,598102854756.08,3.43351563418767,Europe,,,3.5258189894503023
Spain,ESP,2001,,75564000.0,,12709000.0,,627798682378.741,3.58983413338112,Europe,,,1.3193885760257373
Spain,ESP,2002,,79313000.0,,12709000.0,,708938227243.923,3.06565685902219,Europe,,,4.961357260070942
Spain,ESP,2003,,82326000.0,,12709000.0,,907963217057.645,3.03888839396655,Europe,,,3.798872820344701
Spain,ESP,2004,,85981000.0,,12709000.0,,1069829382514.67,3.03924881090925,Europe,,,4.43966669096032
Spain,ESP,2005,,92563000.0,,12709000.0,,1154667551775.88,3.36881409750383,Europe,,,7.655179632709541
Spain,ESP,2006,,96152000.0,,12709000.0,,1261846683275.29,3.51557576832128,Europe,,,3.877359204001607
Spain,ESP,2007,,98907000.0,,12709000.0,,1476746276854.51,2.78679745804946,Europe,,,2.8652550128962506
Spain,ESP,2008,,97670000.0,,13042000.0,,1636115447612.5,4.07534335957339,Europe,,,-1.2506698211451117
Spain,ESP,2009,,91899000.0,,13754000.0,,1496587590847.66,-0.28781308353524,Europe,,,-5.908672058974096
Spain,ESP,2010,,93744000.0,,14254000.0,,1427989078916.67,1.79986457728769,Europe,,,2.0076388208794427
Spain,ESP,2011,,99187000.0,,15944000.0,,1487568659241.25,3.1961018883379,Europe,,,5.806238265915686
Spain,ESP,2012,,98128000.0,,14916000.0,,1330994811670.31,2.44612782366809,Europe,,,-1.0676802403540742
Spain,ESP,2013,,103231000.0,,13434000.0,,1362186923157.65,1.40858109183019,Europe,,,5.200350562530565
Spain,ESP,2014,,107144000.0,,13952000.0,,1380244561361.96,-0.151114837527235,Europe,,,3.7905280390580387
Spain,ESP,2015,,109834000.0,,17625000.0,,1206164777553.12,-0.500365709903242,Europe,,,2.5106398865078816
Spain,ESP,2016,,115561000.0,,18277000.0,,1243015667917.12,-0.202598000426452,Europe,,,5.2142323870568275
Spain,ESP,2017,,121717000.0,,20274000.0,,1321754088818.83,1.95607633363963,Europe,,,5.327056705982125
Spain,ESP,2018,,124456000.0,,22287000.0,,1431642809327.06,1.6749813686379,Europe,,,2.2503019298865334
Spain,ESP,2019,,126170000.0,,22816000.0,,1403496387686.27,0.699518994458739,Europe,,,1.3771935463135598
Spain,ESP,2020,,36410000.0,,6236000.0,,1289783836971.21,-0.322753017299739,Europe,,,-71.14210985178727
Sri Lanka,LKA,1999,414000000.0,465000.0,7.44537122052094,497000.0,5.03013529951607,15656327859.5696,4.69170563048438,Asia,2.6442982269750517,,
Sri Lanka,LKA,2000,388000000.0,445000.0,6.08316230354116,524000.0,4.72547289692312,16330814179.9766,6.17627591012045,Asia,2.3758766447525397,-6.28019323671497,-4.3010752688172005
Sri Lanka,LKA,2001,347000000.0,397000.0,5.62185492050017,505000.0,5.6410047724023,15749753804.8344,14.15845579912,Asia,2.2032090425025443,-10.567010309278347,-10.786516853932582
Sri Lanka,LKA,2002,594000000.0,457000.0,9.95400045245457,533000.0,6.18701743382858,16536535647.0834,9.55103167007251,Asia,3.592046198048535,71.18155619596543,15.113350125944592
Sri Lanka,LKA,2003,709000000.0,583000.0,10.8345341990773,561000.0,6.01261086564678,18881765437.2151,6.31463787051174,Asia,3.754945491498339,19.360269360269356,27.5711159737418
Sri Lanka,LKA,2004,808000000.0,681000.0,11.0930498198752,680000.0,5.47888652336652,20662525941.2985,7.57592582995856,Asia,3.910460910227042,13.963328631875882,16.809605488850778
Sri Lanka,LKA,2005,729000000.0,669000.0,9.24322606817573,727000.0,5.48404131112821,24405791044.7761,11.6396860971118,Asia,2.986995990675081,-9.777227722772274,-1.7621145374449365
Sri Lanka,LKA,2006,733000000.0,689000.0,8.61591800843232,757000.0,5.73089572351268,28279802405.9138,10.0201836057035,Asia,2.591955875359005,0.5486968449931462,2.9895366218236186
Sri Lanka,LKA,2007,750000000.0,592000.0,7.966096294172,862000.0,5.55268392776029,32350238760.4239,15.8421114924843,Asia,2.318375470284079,2.3192360163710735,-14.078374455732945
Sri Lanka,LKA,2008,803000000.0,526000.0,7.94027489370118,966000.0,4.9515676777976,40713826215.0093,22.5644955300126,Asia,1.9723029610613487,7.0666666666666655,-11.148648648648651
Sri Lanka,LKA,2009,754000000.0,538000.0,8.39933607370028,963000.0,6.27754432714974,42066224093.0065,3.46496322106074,Asia,1.7924118844917964,-6.102117061021173,2.281368821292773
Sri Lanka,LKA,2010,1044000000.0,766000.0,9.40539693207484,1122000.0,5.44074288481592,58636161081.712,6.2176488930462,Asia,1.780471266775363,38.46153846153846,42.37918215613383
Sri Lanka,LKA,2011,1421000000.0,976000.0,10.4158267791566,1239000.0,4.16107774609787,67753284043.9282,6.7167684358854,Asia,2.0973153110610654,36.111111111111114,27.415143603133153
Sri Lanka,LKA,2012,1756000000.0,1133000.0,12.9370274874182,1269000.0,5.61011388309223,70447216891.3366,7.54291373239437,Asia,2.4926463776540593,23.57494722026743,16.086065573770504
Sri Lanka,LKA,2013,2506000000.0,1415000.0,16.6187724851372,1262000.0,8.40617837034609,77000578167.353,6.90845034828452,Asia,3.2545210174311436,42.71070615034169,24.889673433362745
Sri Lanka,LKA,2014,3278000000.0,1665000.0,19.5876588185559,1311000.0,8.30537740605355,82528535713.926,3.1790022823606,Asia,3.971959482430106,30.80606544293696,17.66784452296819
Sri Lanka,LKA,2015,3978000000.0,1993000.0,23.4784983928422,1356000.0,9.35388776808493,85140955388.8509,3.76836783062096,Asia,4.6722520106004275,21.354484441732758,19.699699699699693
Sri Lanka,LKA,2016,4591000000.0,2168000.0,26.312689143426,1448000.0,9.7902355265832,88012282205.8357,3.9588884659307,Asia,5.2163174104075125,15.409753645047752,8.780732563973913
Sri Lanka,LKA,2017,5083000000.0,2248000.0,26.6346247610369,1439000.0,9.48379308731092,94376237797.2367,7.70413767850602,Asia,5.3858896250140935,10.716619472881717,3.690036900368998
Sri Lanka,LKA,2018,5608000000.0,2521000.0,27.6749773558156,1476000.0,9.26581828380392,94493871200.7869,2.135037737132,Asia,5.9347764344247755,10.328546134172733,12.144128113878994
Sri Lanka,LKA,2019,4663000000.0,2027000.0,24.0183500926487,1441000.0,9.91776309490191,89014978344.1404,3.52839358231811,Asia,5.238444233477648,-16.850927246790302,-19.595398651328832
Sri Lanka,LKA,2020,1076000000.0,540000.0,8.22453929535838,305000.0,4.39486200973821,84304298770.5329,6.15394508391738,Asia,1.2763287468041868,-76.92472657087713,-73.35964479526393
St. Kitts and Nevis,KNA,1999,69000000.0,226000.0,47.2542802790106,,10.0950852224462,406595484.373262,3.36303630363045,North America,16.970183548978316,,
St. Kitts and Nevis,KNA,2000,58000000.0,247000.0,29.0172353199944,,10.0950852224462,421695769.843918,2.14885532743696,North America,13.753991419327614,-15.94202898550725,9.292035398230091
St. Kitts and Nevis,KNA,2001,62000000.0,334000.0,30.7298251470261,,10.0950852224462,458643829.014199,2.30344748349255,North America,13.51811494624526,6.896551724137923,35.22267206477734
St. Kitts and Nevis,KNA,2002,57000000.0,240000.0,26.2420116792701,,10.0950852224462,481077373.669966,2.04109102620208,North America,11.848405915490794,-8.064516129032262,-28.143712574850298
St. Kitts and Nevis,KNA,2003,75000000.0,247000.0,30.4838703186139,,10.0950852224462,469869869.86987,2.23543664374553,North America,15.961866212185766,31.578947368421062,2.9166666666666563
St. Kitts and Nevis,KNA,2004,103000000.0,383000.0,35.1077462519989,,10.0950852224462,506900000.0,2.31455462238093,North America,20.319589662655357,37.33333333333333,55.06072874493928
St. Kitts and Nevis,KNA,2005,121000000.0,365000.0,35.2863967112265,,10.0950852224462,547203703.703704,3.37781903988238,North America,22.11242343226504,17.475728155339798,-4.699738903394257
St. Kitts and Nevis,KNA,2006,132000000.0,350000.0,35.6594555663896,,10.0950852224462,644414814.814815,8.48748575845879,North America,20.483700400018385,9.090909090909083,-4.109589041095896
St. Kitts and Nevis,KNA,2007,125000000.0,379000.0,33.8717104132651,,10.0950852224462,689285185.185185,4.48088608614726,North America,18.134728946251354,-5.303030303030298,8.285714285714295
St. Kitts and Nevis,KNA,2008,110000000.0,533000.0,25.3617195281923,,10.0950852224462,777692592.592593,5.30029675072584,North America,14.1444062921177,-12.0,40.63324538258575
St. Kitts and Nevis,KNA,2009,83000000.0,548000.0,21.6624374682526,,10.0950852224462,774274074.074074,2.05793709041836,North America,10.719718350282703,-24.545454545454547,2.814258911819878
St. Kitts and Nevis,KNA,2010,90000000.0,624000.0,21.4484081868852,,10.0950852224462,778718518.518518,0.850878649795844,North America,11.557449561007171,8.43373493975903,13.868613138686126
St. Kitts and Nevis,KNA,2011,94000000.0,723000.0,20.3709882898954,,10.0950852224462,836092592.592593,5.8351651957086,North America,11.242773926332804,4.444444444444451,15.865384615384626
St. Kitts and Nevis,KNA,2012,95000000.0,666000.0,19.8302216806241,,10.0950852224462,824585185.185185,0.816089281562459,North America,11.520944313190025,1.0638297872340496,-7.883817427385898
St. Kitts and Nevis,KNA,2013,101000000.0,695000.0,18.7842234823488,,10.0950852224462,874548148.148148,1.10698554000129,North America,11.548820978452367,6.315789473684208,4.354354354354362
St. Kitts and Nevis,KNA,2014,343000000.0,818000.0,58.8992413310742,,10.0950852224462,952111111.111111,0.247865392364942,North America,36.025207142023575,239.60396039603958,17.6978417266187
St. Kitts and Nevis,KNA,2015,317000000.0,1036000.0,59.7348198294402,,9.86219760146525,957222222.222222,-2.30187563045616,North America,33.1166569936158,-7.580174927113703,26.650366748166256
St. Kitts and Nevis,KNA,2016,332000000.0,1055000.0,65.9773887789749,,9.18064588881305,1006818518.51852,-0.687037123294039,North America,32.9751582726667,4.731861198738163,1.8339768339768359
St. Kitts and Nevis,KNA,2017,355000000.0,1194000.0,70.264351503752,,10.3266735685345,1056977777.77778,0.694916711613604,North America,33.58632579261619,6.927710843373491,13.175355450236959
St. Kitts and Nevis,KNA,2018,367000000.0,1278000.0,61.7509439415804,,9.61618339286534,1076548148.14815,-1.03712214131572,North America,34.09043995211025,3.3802816901408406,7.035175879396993
St. Kitts and Nevis,KNA,2019,367000000.0,1107000.0,61.7509439415804,,9.98369538462418,1107855555.55556,-0.329562063663977,North America,33.12706229251694,0.0,-13.38028169014085
St. Kitts and Nevis,KNA,2020,367000000.0,301399.993896484,61.7509439415804,,4.18348891530058,883922222.222222,-1.16724501769353,North America,41.51949015121995,0.0,-72.77326161730045
St. Lucia,LCA,1999,263000000.0,666000.0,71.148740043084,,7.69129642515864,921851851.851852,3.50379784108942,North America,28.52952993169947,,
St. Lucia,LCA,2000,281000000.0,727000.0,74.0517102244082,,7.69129642515864,932592592.592592,3.7107860871361,North America,30.131056393963483,6.844106463878319,9.15915915915917
St. Lucia,LCA,2001,233000000.0,747000.0,69.7243514537881,,7.69129642515864,892592592.592592,5.30722081028547,North America,26.103734439834042,-17.08185053380783,2.751031636863832
St. Lucia,LCA,2002,210000000.0,648000.0,63.6060167128853,,7.69129642515864,900000000.0,-0.255536626916508,North America,23.333333333333332,-9.871244635193133,-13.253012048192769
St. Lucia,LCA,2003,282000000.0,683000.0,70.1831707280032,,7.69129642515864,987407407.407407,1.03425372426221,North America,28.559639909977502,34.28571428571428,5.401234567901225
St. Lucia,LCA,2004,326000000.0,791000.0,68.5516839023377,,7.69129642515864,1066666666.66667,1.46036814425245,North America,30.562499999999904,15.602836879432624,15.812591508052698
St. Lucia,LCA,2005,382000000.0,720000.0,68.3587152668729,,7.69129642515864,1135555555.55556,3.89827370759476,North America,33.63992172211337,17.177914110429437,-8.975979772439945
St. Lucia,LCA,2006,294000000.0,670000.0,64.0688502886015,,7.69129642515864,1268319185.18519,2.39562082529168,North America,23.180284855272646,-23.03664921465969,-6.944444444444442
St. Lucia,LCA,2007,302000000.0,905000.0,42.3831684867259,,7.69129642515864,1336088814.81481,2.82310373736929,North America,22.603287794296744,2.7210884353741527,35.07462686567165
St. Lucia,LCA,2008,311000000.0,925000.0,47.992245715368,,7.69129642515864,1437731111.11111,5.54954769383937,North America,21.631304880065677,2.98013245033113,2.20994475138121
St. Lucia,LCA,2009,296000000.0,982000.0,43.4295504945244,,7.69129642515864,1401507888.88889,-0.156936087168669,North America,21.120109444026582,-4.8231511254019255,6.162162162162166
St. Lucia,LCA,2010,309000000.0,984000.0,39.6613153595748,,7.69129642515864,1482385185.18519,3.25034409180129,North America,20.844784681344315,4.391891891891886,0.20366598778003286
St. Lucia,LCA,2011,321000000.0,950000.0,41.5888967181214,,7.69129642515864,1568370370.37037,2.76940794144093,North America,20.467104330987585,3.8834951456310662,-3.455284552845528
St. Lucia,LCA,2012,337000000.0,889000.0,42.6544430706634,,7.69129642515864,1598207407.40741,4.17763587102515,North America,21.086124268856743,4.984423676012462,-6.42105263157895
St. Lucia,LCA,2013,354000000.0,921000.0,42.0823445508049,,7.69129642515864,1660222222.22222,1.46856511035428,North America,21.32244679427121,5.044510385756684,3.5995500562429728
St. Lucia,LCA,2014,778000000.0,987000.0,84.4576810356059,,7.69129642515864,1749185185.18518,3.51695551369241,North America,44.4778521216229,119.77401129943503,7.166123778501632
St. Lucia,LCA,2015,810000000.0,1031000.0,82.5772255104829,,9.01914980461985,1807629629.62963,-0.983600952696996,North America,44.81006433635208,4.113110539845755,4.457953394123604
St. Lucia,LCA,2016,776000000.0,948000.0,84.4032195300034,,8.42774883820229,1868555555.55556,-3.07821765676927,North America,41.52940476898366,-4.19753086419753,-8.050436469447142
St. Lucia,LCA,2017,875000000.0,1064000.0,84.4422267947991,,8.76959447573868,1998518518.51852,0.104262078958441,North America,43.782431430689364,12.757731958762886,12.23628691983123
St. Lucia,LCA,2018,989000000.0,1165000.0,88.7748652455612,,8.61827455895868,2060962962.96296,1.93561893150602,North America,47.987276713510475,13.028571428571434,9.492481203007518
St. Lucia,LCA,2019,989000000.0,1220000.0,88.7748652455612,,9.04353558642037,2095370370.37037,0.539087559191757,North America,47.19929297392842,0.0,4.7210300429184615
St. Lucia,LCA,2020,989000000.0,432500.0,88.7748652455612,,3.91864355572708,1499296296.2963,-1.75580833517594,North America,65.96427953854878,0.0,-64.54918032786885
St. Martin (French part),MAF,1999,,,,,,775875748.523832,,North America,,,
St. Martin (French part),MAF,2000,,,,,,775875748.523832,,North America,,,
St. Martin (French part),MAF,2001,,,,,,775875748.523832,,North America,,,
St. Martin (French part),MAF,2002,,,,,,775875748.523832,,North America,,,
St. Martin (French part),MAF,2003,,,,,,775875748.523832,,North America,,,
St. Martin (French part),MAF,2004,,,,,,775875748.523832,,North America,,,
St. Martin (French part),MAF,2005,,,,,,775875748.523832,,North America,,,
St. Martin (French part),MAF,2006,,,,,,775875748.523832,,North America,,,
St. Martin (French part),MAF,2007,,,,,,775875748.523832,,North America,,,
St. Martin (French part),MAF,2008,,,,,,775875748.523832,,North America,,,
St. Martin (French part),MAF,2009,,,,,,775875748.523832,,North America,,,
St. Martin (French part),MAF,2010,,,,,,775875748.523832,,North America,,,
St. Martin (French part),MAF,2011,,,,,,775875748.523832,,North America,,,
St. Martin (French part),MAF,2012,,,,,,774891151.8590577,,North America,,,
St. Martin (French part),MAF,2013,,,,,,773906555.1942832,,North America,,,
St. Martin (French part),MAF,2014,,,,,,772921958.529509,,North America,,,
St. Martin (French part),MAF,2015,,,,,,748778774.2443819,,North America,,,
St. Martin (French part),MAF,2016,,,,,,724635589.959255,,North America,,,
St. Martin (French part),MAF,2017,,,,,,700492405.6741279,,North America,,,
St. Martin (French part),MAF,2018,,,,,,676349221.389001,,North America,,,
St. Martin (French part),MAF,2019,,,,,,652206037.103874,,North America,,,
St. Martin (French part),MAF,2020,,,,,,650706149.9756966,,North America,,,
St. Vincent and the Grenadines,VCT,1999,178500000.0,223000.0,69.7074190991014,,7.57375884600935,390718518.518519,1.01355044438875,North America,45.68506265759184,,
St. Vincent and the Grenadines,VCT,2000,178500000.0,256000.0,69.7074190991014,,7.57375884600935,427946037.037037,0.167679637488279,North America,41.7108664531345,0.0,14.798206278026903
St. Vincent and the Grenadines,VCT,2001,178500000.0,254000.0,69.7074190991014,,7.57375884600935,462072333.333333,0.9008584858665,North America,38.630315455661005,0.0,-0.78125
St. Vincent and the Grenadines,VCT,2002,178500000.0,247000.0,69.7074190991014,,7.57375884600935,487763851.851852,1.85550399046655,North America,36.59557782363414,0.0,-2.7559055118110187
St. Vincent and the Grenadines,VCT,2003,178500000.0,242000.0,69.7074190991014,,7.57375884600935,509090888.888889,0.205981708824254,North America,35.062501391369096,0.0,-2.0242914979757054
St. Vincent and the Grenadines,VCT,2004,178500000.0,262000.0,69.7074190991014,,7.57375884600935,549900185.185185,2.96003946719286,North America,32.46043642263699,0.0,8.264462809917351
St. Vincent and the Grenadines,VCT,2005,178500000.0,256000.0,69.7074190991014,,7.57375884600935,579948925.925926,3.7334291646702,North America,30.778572391527963,0.0,-2.2900763358778664
St. Vincent and the Grenadines,VCT,2006,178500000.0,306000.0,69.7074190991014,,7.57375884600935,643501148.148148,2.74067516070673,North America,27.73887824655527,0.0,19.53125
St. Vincent and the Grenadines,VCT,2007,178500000.0,328000.0,69.7074190991014,,7.57375884600935,713596666.666667,7.23614701584807,North America,25.014130297693832,0.0,7.189542483660127
St. Vincent and the Grenadines,VCT,2008,178500000.0,250000.0,69.7074190991014,,7.57375884600935,732663259.259259,10.0662418245849,North America,24.36317063045689,0.0,-23.78048780487805
St. Vincent and the Grenadines,VCT,2009,178500000.0,271000.0,69.7074190991014,,7.57375884600935,714300259.259259,0.421539125687215,North America,24.98949113991746,0.0,8.400000000000007
St. Vincent and the Grenadines,VCT,2010,178500000.0,231000.0,69.7074190991014,,7.57375884600935,720447888.888889,0.747109026311474,North America,24.77625415424448,0.0,-14.760147601476014
St. Vincent and the Grenadines,VCT,2011,178500000.0,208000.0,69.7074190991014,,7.57375884600935,713796370.37037,3.1860311155246,North America,25.007131922985415,0.0,-9.956709956709952
St. Vincent and the Grenadines,VCT,2012,178500000.0,200000.0,69.7074190991014,,7.57375884600935,730032592.592593,2.59844414147101,North America,24.4509631229047,0.0,-3.8461538461538436
St. Vincent and the Grenadines,VCT,2013,178500000.0,200000.0,69.7074190991014,,7.57375884600935,764781259.259259,0.805127804267928,North America,23.340007072465273,0.0,0.0
St. Vincent and the Grenadines,VCT,2014,178500000.0,205000.0,69.7074190991014,,7.57375884600935,770900000.0,0.193858560794015,North America,23.154754183421975,0.0,2.499999999999991
St. Vincent and the Grenadines,VCT,2015,211100006.103516,207000.0,74.3600101461332,,9.60146862282491,786555555.555555,-1.73361194953959,North America,26.838537292437426,18.263308741465558,0.9756097560975618
St. Vincent and the Grenadines,VCT,2016,221300003.051758,227000.0,73.1418258161217,,9.34805339920971,814303703.703704,-0.149641647633284,North America,27.17659296466631,4.831831669033804,9.661835748792269
St. Vincent and the Grenadines,VCT,2017,215399993.896484,303000.0,73.4738300585299,,8.85096132575135,844040740.740741,2.15333648840511,North America,25.520094410069138,-2.666068266566679,33.48017621145374
St. Vincent and the Grenadines,VCT,2018,231000000.0,356000.0,71.7863101431637,,8.84082513451828,884329629.62963,2.32414485367921,North America,26.121481431844156,7.2423428716590355,17.491749174917494
St. Vincent and the Grenadines,VCT,2019,255000000.0,392000.0,77.5898568236478,,9.38419602863941,910766666.666667,0.91306972532459,North America,27.998389635105948,10.389610389610393,10.1123595505618
St. Vincent and the Grenadines,VCT,2020,85000000.0,392000.0,46.03881513477,,3.46633439297429,869111111.111111,-0.628131309354654,North America,9.780107389414473,-66.66666666666667,0.0
Sudan,SDN,1999,2000000.0,39000.0,0.232099338516885,,2.28623685413809,10682028339.6898,17.1664454201761,Africa,0.018723035891684208,,
Sudan,SDN,2000,5000000.0,38000.0,0.272613270814023,,2.7310194150653,12257299147.2936,7.12125897172291,Africa,0.04079202065574124,150.0,-2.564102564102566
Sudan,SDN,2001,3000000.0,50000.0,0.175100682892663,,3.6002724530505,15716361792.1926,1.93529572095333,Africa,0.019088387246788293,-40.0,31.578947368421062
Sudan,SDN,2002,108000000.0,52000.0,5.18911439114391,,2.92415512803622,18137128388.3606,22.2247241495905,Africa,0.5954636130232633,3500.0,4.0000000000000036
Sudan,SDN,2003,17000000.0,52000.0,0.659259690147946,,3.53494396074133,21355298459.5955,6.48943208673338,Africa,0.07960553692173498,-84.25925925925925,0.0
Sudan,SDN,2004,21000000.0,61000.0,0.54946780118685,,3.78436840826455,26646007250.7319,9.65754628605945,Africa,0.07881105714036456,23.529411764705888,17.307692307692314
Sudan,SDN,2005,114000000.0,246000.0,2.29316121874265,,8.95422938131191,35182711987.974,8.50585075933117,Africa,0.3240227758422005,442.8571428571429,303.2786885245901
Sudan,SDN,2006,194000000.0,328000.0,3.27123396447783,,14.6825795906166,45263831634.1497,7.19912990114709,Africa,0.4285982715030139,70.17543859649122,33.33333333333333
Sudan,SDN,2007,390000000.0,436000.0,4.15350816575597,,14.1969052258265,59440139774.8128,14.7542770780084,Africa,0.656122279452073,101.03092783505154,32.92682926829269
Sudan,SDN,2008,255000000.0,440000.0,2.10953121361917,,11.7830959509159,64833083257.1431,14.2971224481434,Africa,0.393317712484243,-34.61538461538461,0.917431192660545
Sudan,SDN,2009,231000000.0,420000.0,2.69194908803475,,8.16637663233967,51621044076.9231,11.256758706301,Africa,0.44749191755163903,-9.411764705882353,-4.545454545454541
Sudan,SDN,2010,82000000.0,495000.0,0.70407894532568,,9.91034047949963,58962978034.4828,12.9776663898014,Africa,0.13907031621103783,-64.5021645021645,17.85714285714286
Sudan,SDN,2011,179000000.0,536000.0,1.62340952303029,,8.49689592090733,55018567210.5263,18.0966171221351,Africa,0.32534471374920365,118.29268292682929,8.28282828282829
Sudan,SDN,2012,772000000.0,575000.0,15.0625301924891,,6.83186507238134,37632919966.6667,35.5590574147024,Africa,2.051395429012146,331.2849162011173,7.276119402985071
Sudan,SDN,2013,773000000.0,591000.0,12.7817019130533,,4.27602328390358,43024018082.1918,36.5223449139154,Africa,1.796670870031906,0.12953367875647714,2.7826086956521667
Sudan,SDN,2014,967000000.0,684000.0,16.0583803007775,,4.3120622948107,49516748617.9775,36.9066427863595,Africa,1.9528745868603374,25.097024579560156,15.736040609137047
Sudan,SDN,2015,949000000.0,741000.0,19.3818518202593,,1.92177165730584,51726758676.7677,16.9095706050977,Africa,1.8346403762318653,-1.8614270941054833,8.333333333333325
Sudan,SDN,2016,1009000000.0,800000.0,21.7540830840814,,2.2763733229142,42630376000.0,17.750253831196,Africa,2.3668569097302825,6.322444678609052,7.9622132253711175
Sudan,SDN,2017,1029000000.0,813000.0,17.4985095090386,,0.295445026090438,41283617976.1905,32.3516260968437,Africa,2.4925141023091903,1.9821605550049526,1.6250000000000098
Sudan,SDN,2018,1043000000.0,836000.0,20.8779243729127,,0.157818441898368,32333780383.2924,63.2925073455888,Africa,3.2257285960256654,1.3605442176870763,2.829028290282909
Sudan,SDN,2019,1043000000.0,836000.0,20.8779243729127,,0.157818441898368,32338079165.2893,50.9940515002965,Africa,3.22529979183032,0.0,0.0
Sudan,SDN,2020,1043000000.0,836000.0,20.8779243729127,,0.157818441898368,27034593750.0,163.257782355458,Africa,3.858019874998122,0.0,0.0
Suriname,SUR,1999,45000000.0,72000.0,6.78157671658661,,6.0880829015544,886290697.674419,98.7730914112164,South America,5.077340890305819,,
Suriname,SUR,2000,42000000.0,72000.0,6.78157671658661,,6.0880829015544,947671969.69697,59.401686545079,South America,4.431913293101834,-6.666666666666665,0.0
Suriname,SUR,2001,26000000.0,68000.0,6.78157671658661,,6.0880829015544,834279357.798165,38.5862878872611,South America,3.116462100730786,-38.095238095238095,-5.555555555555558
Suriname,SUR,2002,17000000.0,84000.0,6.78157671658661,,6.0880829015544,1093574468.08511,15.5273989185702,South America,1.5545351959220153,-34.61538461538461,23.529411764705888
Suriname,SUR,2003,18000000.0,100000.0,6.78157671658661,,6.0880829015544,1274190311.41869,23.0022321778219,South America,1.41266181658207,5.882352941176472,19.047619047619047
Suriname,SUR,2004,52000000.0,118000.0,6.78157671658661,,6.0880829015544,1484092538.40527,9.98632511974878,South America,3.503824637234316,188.88888888888889,17.999999999999993
Suriname,SUR,2005,96000000.0,136000.0,6.78157671658661,,6.0880829015544,1793410397.38738,9.89800489561465,South America,5.352929822412746,84.61538461538463,15.254237288135597
Suriname,SUR,2006,109000000.0,154000.0,7.72447027141946,,2.8159399266149,2626380435.17877,11.2813043273975,South America,4.150198445739666,13.541666666666675,13.235294117647056
Suriname,SUR,2007,73000000.0,167000.0,4.52741255271645,,2.05474425772364,2936612021.85792,6.42627934470524,South America,2.4858578340156336,-33.02752293577982,8.441558441558449
Suriname,SUR,2008,83000000.0,151000.0,4.09330768851408,,1.92954407629969,3532969034.60838,14.6671427437912,South America,2.349298824499896,13.698630136986312,-9.58083832335329
Suriname,SUR,2009,70000000.0,151000.0,4.14569144210838,,2.08830548926014,3875409836.06557,-0.133636646714877,South America,1.8062605752961103,-15.662650602409634,0.0
Suriname,SUR,2010,69000000.0,206000.0,2.96710660416671,,2.47450057335989,4368370997.92126,6.94108221639996,South America,1.5795361710998095,-1.4285714285714235,36.42384105960266
Suriname,SUR,2011,69000000.0,221000.0,2.42304633992223,,2.18599585606221,4422276621.78703,17.7117796414558,South America,1.560282313866591,0.0,7.281553398058249
Suriname,SUR,2012,79000000.0,240000.0,2.75086024640552,,2.23960657474578,4980000000.0,5.00686319367273,South America,1.5863453815261046,14.492753623188403,8.597285067873294
Suriname,SUR,2013,92000000.0,250000.0,3.55365314223064,,2.75714757906105,5145757575.75758,1.92343604108305,South America,1.7878805724044506,16.455696202531644,4.166666666666674
Suriname,SUR,2014,103000000.0,253000.0,4.3801074072418,,3.25057799620391,5240606060.60606,3.38341272749477,South America,1.96542153347982,11.956521739130444,1.200000000000001
Suriname,SUR,2015,99000000.0,229000.0,5.37126638025959,,4.77319782066169,5126237646.22072,6.89390359168238,South America,1.9312409379418256,-3.8834951456310662,-9.486166007905139
Suriname,SUR,2016,74000000.0,257000.0,4.60677337165068,,6.57946456016278,3317421648.09918,55.4123879763196,South America,2.230648010704355,-25.25252525252525,12.227074235807866
Suriname,SUR,2017,61000000.0,279000.0,2.84598750521522,,5.56222492769826,3591679430.99988,21.9969430173304,South America,1.6983698342760603,-17.567567567567565,8.560311284046684
Suriname,SUR,2018,73000000.0,279000.0,3.26499563893771,,5.02464820084087,3996198866.57453,26.294556781246268,South America,1.826735916738155,19.672131147540984,0.0
Suriname,SUR,2019,64000000.0,279000.0,2.79873178857824,,3.8960259894905,4016040575.08796,30.592170545162134,South America,1.5936093972008305,-12.328767123287676,0.0
Suriname,SUR,2020,19000000.0,279000.0,0.776653253267584,,3.46872535038348,2911807496.20227,34.889784309078,South America,0.6525156633733783,-70.3125,0.0
Sweden,SWE,1999,4943000000.0,2595000.0,4.65211004848052,22121000.0,9.90111402566222,274320415375.678,0.462175756339173,Europe,1.801907449443976,,
Sweden,SWE,2000,4825000000.0,3828000.0,4.29929365536074,22121000.0,9.31617490499558,262905197441.662,0.899143734041633,Europe,1.8352623101225132,-2.387214242362934,47.51445086705202
Sweden,SWE,2001,5200000000.0,4108000.0,4.94284398810464,22121000.0,9.13969115024048,242499249692.616,2.40595834145438,Europe,2.1443365315939524,7.772020725388606,7.314524555903867
Sweden,SWE,2002,5671000000.0,4276000.0,5.3087361903089,22121000.0,9.11284810130605,267373345246.531,2.15848213589264,Europe,2.1210042439986183,9.05769230769231,4.089581304771173
Sweden,SWE,2003,6548000000.0,4268000.0,4.98180362692732,22121000.0,8.30183959237821,334074051172.972,1.92565534892391,Europe,1.9600444802609565,15.464644683477346,-0.187090739008422
Sweden,SWE,2004,7686000000.0,4676000.0,4.76724868507879,22121000.0,8.2570918635365,384547211147.247,0.373659828721813,Europe,1.9987142741380988,17.37935247403788,9.559512652296153
Sweden,SWE,2005,7628000000.0,4883000.0,4.38454438033404,22121000.0,7.43283562524294,391690329314.475,0.453170852576182,Europe,1.9474568119540514,-0.7546187874056698,4.426860564585122
Sweden,SWE,2006,9714000000.0,4729000.0,4.87548745036318,22121000.0,6.58809330997462,422530427475.536,1.3602146862768,Europe,2.2990060285214438,27.346617724174106,-3.1537988941224615
Sweden,SWE,2007,11889000000.0,5224000.0,5.06173959740631,22121000.0,6.70443731090446,490050156832.574,2.21216883436735,Europe,2.426078195106442,22.39036442248301,10.467329245083533
Sweden,SWE,2008,11732000000.0,4555000.0,4.56470486686037,22121000.0,6.47024682560321,514616528348.834,3.43704910602874,Europe,2.2797557703097007,-1.320548406089661,-12.806278713629403
Sweden,SWE,2009,9769000000.0,4899000.0,5.18684639263826,22121000.0,7.24589541448166,434313804907.366,-0.494460544377991,Europe,2.2492952997622564,-16.732015001704738,7.5521405049396195
Sweden,SWE,2010,10674000000.0,5183000.0,4.8457267164151,22121000.0,7.10717348798944,492753255885.718,1.15798802715628,Europe,2.1661957323475445,9.263998362166026,5.797101449275366
Sweden,SWE,2011,10674000000.0,11567000.0,4.8457267164151,22121000.0,7.10717348798944,570541353128.724,2.9611507382214,Europe,1.8708547489969165,0.0,123.17190816129653
Sweden,SWE,2012,10674000000.0,12372000.0,4.8457267164151,22121000.0,7.10717348798944,549742183874.355,0.888377506923638,Europe,1.941637428071114,0.0,6.959453618051348
Sweden,SWE,2013,10674000000.0,10980000.0,4.8457267164151,22121000.0,7.10717348798944,584128116410.29,-0.0442929701485858,Europe,1.8273388491545595,0.0,-11.25121241513094
Sweden,SWE,2014,10674000000.0,10522000.0,4.8457267164151,22121000.0,7.10717348798944,577730245154.162,-0.179638494114635,Europe,1.847575073233658,0.0,-4.1712204007285925
Sweden,SWE,2015,10674000000.0,6482000.0,4.8457267164151,22121000.0,7.10717348798944,501698263620.663,-0.0467847449832812,Europe,2.1275736381799946,0.0,-38.395742254324276
Sweden,SWE,2016,10674000000.0,6782000.0,4.8457267164151,22121000.0,7.10717348798944,514218206628.325,0.984269244577992,Europe,2.0757724760444214,0.0,4.6282011724776195
Sweden,SWE,2017,10674000000.0,7054000.0,4.8457267164151,22121000.0,7.10717348798944,536083940228.684,1.79449904665589,Europe,1.9911060934686193,0.0,4.010616337363615
Sweden,SWE,2018,10674000000.0,7440000.0,4.8457267164151,19939000.0,7.10717348798944,551312498430.164,1.95353530127028,Europe,1.936107022857945,0.0,5.472072582931675
Sweden,SWE,2019,10674000000.0,7616000.0,4.8457267164151,19061000.0,7.10717348798944,532169294165.94,1.78415097403835,Europe,2.005752702573564,0.0,2.3655913978494647
Sweden,SWE,2020,10674000000.0,1957000.0,4.8457267164151,6081000.0,7.10717348798944,545147614972.141,0.497367318853572,Europe,1.9580017791227942,0.0,-74.30409663865547
Switzerland,CHE,1999,9135000000.0,7154000.0,7.5151400532055,17548000.0,7.22500270705198,297873643323.126,0.806444380959449,Europe,3.0667365860532274,,
Switzerland,CHE,2000,9058000000.0,7821000.0,6.36398655841108,17548000.0,6.05428530170787,279216033870.204,1.5585291967901,Europe,3.2440830400917062,-0.8429118773946365,9.323455409561078
Switzerland,CHE,2001,9392000000.0,7455000.0,6.60973761573701,17548000.0,5.75478960512289,286582672434.226,0.989020329832546,Europe,3.277239311164415,3.6873482004857516,-4.6797084771768365
Switzerland,CHE,2002,9198000000.0,6868000.0,6.14127354519232,17548000.0,5.73400487634291,309301422430.386,0.642711506543278,Europe,2.973798157061557,-2.0655877342419027,-7.87391012743125
Switzerland,CHE,2003,10427000000.0,6530000.0,6.04887836609962,17548000.0,5.94166753336569,362075086507.76,0.638272930887201,Europe,2.8797894106907926,13.361600347901724,-4.9213744903902175
Switzerland,CHE,2004,11217000000.0,6879500.0,5.41010110453708,17519800.0,5.89268334957422,403912891033.374,0.802908730955227,Europe,2.777083932949586,7.5764841277452755,5.352220520673812
Switzerland,CHE,2005,11914000000.0,7229000.0,5.3178873632739,17491600.0,5.54077105048643,418284865884.998,1.17195420333703,Europe,2.848298126874043,6.213782651332789,5.080311069118393
Switzerland,CHE,2006,12961000000.0,7863000.0,5.21486213139208,17463400.0,5.38635712239703,441634672196.523,1.05950928324802,Europe,2.9347786340091715,8.78798052711096,8.770231013971497
Switzerland,CHE,2007,14934000000.0,8448000.0,4.99952589460064,17435200.0,5.09926054590089,490740715594.802,0.732350603122248,Europe,3.043154872914764,15.222590849471484,7.439908431896214
Switzerland,CHE,2008,18016000000.0,8608000.0,5.03116934540012,17407000.0,4.61584220393992,567267767519.158,2.42604117060158,Europe,3.1759252035048084,20.637471541449038,1.8939393939394034
Switzerland,CHE,2009,17023000000.0,8294000.0,5.3216473935624,16522000.0,4.79875412576312,554212916092.271,-0.480481936423275,Europe,3.071563203547901,-5.511767317939609,-3.6477695167286273
Switzerland,CHE,2010,17883000000.0,8628000.0,4.62748231500534,15902000.0,4.31967225751771,598851028906.58,0.688238707220026,Europe,2.9862184644905616,5.0519884861657705,4.0270074752833285
Switzerland,CHE,2011,20809000000.0,8534000.0,4.42277973110459,18949000.0,4.13854867439977,715888126682.396,0.2313492076509,Europe,2.9067390873535075,16.361907957277854,-1.0894761242466355
Switzerland,CHE,2012,19564000000.0,8566000.0,4.26631680194464,20293000.0,4.68605640081691,686420221557.99,-0.692552018105253,Europe,2.85014913395106,-5.982988130136002,0.3749707054136353
Switzerland,CHE,2013,20236000000.0,8967000.0,4.03954933294601,20303000.0,4.58617090036573,706234937370.968,-0.217323155115693,Europe,2.865335447058253,3.4348803925577487,4.681298155498492
Switzerland,CHE,2014,21358000000.0,9158000.0,4.55999885870572,19833000.0,5.21900411578118,726537808338.0,-0.0132025387514939,Europe,2.9396956021955334,5.544574026487448,2.130032340805177
Switzerland,CHE,2015,20140000000.0,9305000.0,4.61250372879968,22086000.0,5.309579464071,694118186379.628,-1.14390867228183,Europe,2.901523169281291,-5.702781159284576,1.605153963747541
Switzerland,CHE,2016,19787000000.0,10402000.0,4.36211949336879,21536000.0,5.09829824857839,687895460902.713,-0.434618664285835,Europe,2.87645450865948,-1.7527308838133027,11.789360558839324
Switzerland,CHE,2017,20399000000.0,11133000.0,4.46099046907445,22481000.0,5.38236357566571,695200833086.499,0.533787839825897,Europe,2.934260005045462,3.092939808965478,7.027494712555282
Switzerland,CHE,2018,21294000000.0,11715000.0,4.38886027719289,24572000.0,5.17652603326159,725568717468.001,0.936335464113563,Europe,2.934801278962128,4.387469974018332,5.227701428186471
Switzerland,CHE,2019,21257000000.0,11818000.0,4.44237957615325,19797000.0,5.1032434788953,721369112726.724,0.362886179940614,Europe,2.946757717370245,-0.17375786606556032,0.8792146820315816
Switzerland,CHE,2020,9994000000.0,11818000.0,2.1082504826139,19797000.0,2.41279560435243,741999406005.627,-0.725874933313384,Europe,1.3469013477787353,-52.984899092063785,0.0
Syrian Arab Republic,SYR,1999,877000000.0,2682000.0,12.4485450674237,2994000.0,11.8616677440207,15873875968.9922,-3.70370370370365,Asia,5.524800632895955,,
Syrian Arab Republic,SYR,2000,877000000.0,3412000.0,12.4485450674237,3863000.0,11.8616677440207,18937052543.4373,-3.84615384615379,Asia,4.631132527030598,0.0,27.218493661446686
Syrian Arab Republic,SYR,2001,877000000.0,3671000.0,12.4485450674237,3492000.0,11.8616677440207,20237024724.7039,2.99999999999995,Asia,4.333640996788533,0.0,7.590855803048058
Syrian Arab Republic,SYR,2002,877000000.0,4678000.0,12.4485450674237,3299000.0,11.8616677440207,20669357462.3831,-0.130505282417402,Asia,4.24299594990354,0.0,27.43121765186598
Syrian Arab Republic,SYR,2003,877000000.0,4837000.0,12.4485450674237,3997000.0,11.8616677440207,21828144686.0394,5.79682944905841,Asia,4.0177487029435985,0.0,3.3988884138520747
Syrian Arab Republic,SYR,2004,1883000000.0,6334000.0,19.1488279859663,4309000.0,7.48476936466493,25086950495.0495,4.43314136719839,Asia,7.505894350816292,114.70923603192702,30.948935290469294
Syrian Arab Republic,SYR,2005,2035000000.0,5859000.0,17.6772063933287,4564000.0,5.26078731645798,28858965517.2414,7.24034939348535,Asia,7.051534812584383,8.072225172596914,-7.499210609409534
Syrian Arab Republic,SYR,2006,2113000000.0,5682000.0,16.0455014883664,4042000.0,4.92465695765637,33751788856.305,10.0241105377571,Asia,6.260408919349119,3.83292383292384,-3.0209933435739855
Syrian Arab Republic,SYR,2007,2972000000.0,5434000.0,19.0305239008733,4196000.0,4.64376909951396,40465318382.0585,3.90770950443607,Asia,7.344561018745682,40.65309985802177,-4.364660330869407
Syrian Arab Republic,SYR,2008,3176000000.0,6951000.0,16.0815703008704,5253000.0,4.72549520292044,52557913568.9549,15.7453252219709,Asia,6.0428578387784615,6.864064602960962,27.91682002208318
Syrian Arab Republic,SYR,2009,3781000000.0,7721000.0,24.1105882654595,5215000.0,5.87996101975896,54111735628.7065,2.92089711805367,Asia,6.987393688392733,19.049118387909324,11.077542799597184
Syrian Arab Republic,SYR,2010,6308000000.0,10970000.0,32.1741673607034,6259000.0,8.233380322273,61390830874.7007,4.3974138315007,Asia,10.275150067401256,66.83417085427135,42.080041445408625
Syrian Arab Republic,SYR,2011,1816000000.0,6476000.0,32.1741673607034,6259000.0,8.233380322273,67539428159.4474,4.7531638888563,Asia,2.6887997862711814,-71.21116043119848,-40.96627164995442
Syrian Arab Republic,SYR,2012,1816000000.0,5389400.0,32.1741673607034,6259000.0,8.233380322273,43190318032.5627,36.7022953364139,Asia,4.204646047363796,0.0,-16.778875849289687
Syrian Arab Republic,SYR,2013,1816000000.0,4302800.0,32.1741673607034,6259000.0,8.233380322273,21361254635.051,40.0318378290723,Asia,8.50137330894499,0.0,-20.1617990870969
Syrian Arab Republic,SYR,2014,1816000000.0,3216200.0,32.1741673607034,6259000.0,8.233380322273,21502061465.9498,10.9271141804297,Asia,8.44570183596479,0.0,-25.25332341730966
Syrian Arab Republic,SYR,2015,1816000000.0,2129600.0,32.1741673607034,6259000.0,8.233380322273,16466863117.0009,38.4611429599733,Asia,11.028208512434317,0.0,-33.78521236241527
Syrian Arab Republic,SYR,2016,1816000000.0,1043000.0,32.1741673607034,6259000.0,8.233380322273,12597854877.4254,47.7051615298923,Asia,14.415152561045636,0.0,-51.023666416228394
Syrian Arab Republic,SYR,2017,1816000000.0,1291000.0,32.1741673607034,6259000.0,8.233380322273,16369843352.3453,18.0752696281771,Asia,11.093569809510868,0.0,23.777564717162036
Syrian Arab Republic,SYR,2018,1816000000.0,1802000.0,32.1741673607034,6259000.0,8.233380322273,21497782867.6426,0.940983843906769,Asia,8.447382742586694,0.0,39.58171959721146
Syrian Arab Republic,SYR,2019,1816000000.0,2424000.0,32.1741673607034,6259000.0,8.233380322273,22583045060.0821,13.4175653228571,Asia,8.041431061083832,0.0,34.517203107658155
Syrian Arab Republic,SYR,2020,1816000000.0,2424000.0,32.1741673607034,6259000.0,8.233380322273,12047752036.091,13.4175653228571,Asia,15.073351398334534,0.0,0.0
Tajikistan,TJK,1999,5000000.0,4500.0,0.65092538155944,4099.99990463257,1.05863559741241,1086612290.27171,38.59188944886,Asia,0.4601457249070631,,
Tajikistan,TJK,2000,5000000.0,7699.99980926514,0.65092538155944,6400.00009536743,1.05863559741241,860541842.263697,38.59188944886,Asia,0.581029271841943,0.0,71.11110687255868
Tajikistan,TJK,2001,5000000.0,5199.99980926514,0.65092538155944,2700.00004768372,1.05863559741241,1080772551.29433,38.59188944886,Asia,0.4626320305796086,0.0,-32.467533271777974
Tajikistan,TJK,2002,5000000.0,50885.71412222726,0.65092538155944,3818.1818615306547,1.05863559741241,1221106220.2868,12.2499847845885,Asia,0.40946478831511113,0.0,878.571461321234
Tajikistan,TJK,2003,6199999.80926514,96571.42843518939,0.623288012177152,4936.363675377589,1.05863559741241,1555318261.4172,16.3034912049491,Asia,0.3986322261538756,23.99999618530282,89.78102223980828
Tajikistan,TJK,2004,9600000.38146973,142257.1427481515,0.786987650071344,6054.545489224523,1.05863559741241,2076176869.41089,7.14196508692253,Asia,0.46238836984026827,54.83872059356687,47.30769240264734
Tajikistan,TJK,2005,9100000.38146973,187942.85706111364,1.84949771535616,7172.727303071459,1.05863559741241,2312352020.6689,7.09193244083773,Asia,0.39353871296972115,-5.208333126372766,32.1148825502864
Tajikistan,TJK,2006,11199999.8092651,233628.57137407578,2.31677702577644,8290.909116918392,1.05863559741241,2830213848.6203,10.0108651886461,Asia,0.39572980729795326,23.076915821581558,24.308300420327477
Tajikistan,TJK,2007,16500000.0,279314.28568703786,3.08960240187563,9409.090930765327,1.05863559741241,3719524540.86193,13.1491247062982,Asia,0.4436050849707913,47.32143108029807,19.554848982837857
Tajikistan,TJK,2008,23700000.7629395,325000.0,4.1109257410619,10527.272744612263,1.05863559741241,5161299725.27673,20.4705219109964,Asia,0.45918667824835135,43.6363682602394,16.35638299007427
Tajikistan,TJK,2009,19500000.0,207000.0,3.25373583102332,11645.454558459196,1.05863559741241,4979472364.4534,6.44823481066697,Asia,0.3916077562595436,-17.721521636012717,-36.30769230769231
Tajikistan,TJK,2010,141500000.0,160000.0,16.8031713357952,12763.636372306131,1.05863559741241,5642221099.17704,6.44531440780658,Asia,2.5078776161508243,625.6410256410256,-22.705314009661837
Tajikistan,TJK,2011,184100006.103516,183000.0,17.517706268757,13881.818186153065,0.776029423246311,6522756255.012,12.4315490430406,Asia,2.822426577139932,30.106011380576692,14.375000000000004
Tajikistan,TJK,2012,286600006.103516,244000.0,21.8480436838646,15000.0,0.732021742988146,7633036903.07634,5.83116601031462,Asia,3.754731042738804,55.67626105474768,33.33333333333333
Tajikistan,TJK,2013,233300003.051758,208000.0,24.8925728438704,15000.0,0.794316613075736,8448411318.25417,5.00964645344951,Asia,2.7614659639934347,-18.59734888927629,-14.754098360655743
Tajikistan,TJK,2014,220199996.948242,213000.0,26.3313732250353,19000.0,0.809698393372208,9112605459.32845,6.10442765129667,Asia,2.4164329063849275,-5.6150904124119165,2.4038461538461453
Tajikistan,TJK,2015,146000000.0,414000.0,17.7034490949623,16000.0,0.82508017366868,8271431485.07484,5.7145594964971,Asia,1.7651116407534264,-33.69663849981011,94.36619718309859
Tajikistan,TJK,2016,149600006.103516,344000.0,16.631028660488,22000.0,0.840461953965152,6992416096.89018,6.00458082322139,Asia,2.1394608677542717,2.4657576051479557,-16.90821256038647
Tajikistan,TJK,2017,171600006.103516,431000.0,15.2538126666078,31000.0,0.546327796699509,7536402852.85802,6.00458082322139,Asia,2.2769484255799886,14.705881752957328,25.290697674418606
Tajikistan,TJK,2018,170899993.896484,1035000.0,15.3100704144908,31000.0,0.751223937488327,7764999999.45362,6.00458082322139,Asia,2.200901402556462,-0.40793250707097384,140.13921113689096
Tajikistan,TJK,2019,179100006.103516,1035000.0,14.4029594810518,31000.0,0.833129255578488,8300813599.3084,6.00458082322139,Asia,2.1576199002762584,4.798134874129278,0.0
Tajikistan,TJK,2020,102400001.525879,1035000.0,7.26672932568659,31000.0,0.345547982416277,8133963550.65742,6.00458082322139,Asia,1.258918863947978,-42.825238394076905,0.0
Tanzania,TZA,1999,467000000.0,627000.0,38.8583535933208,,18.231971564859,12704334195.8151,7.89043336058877,Africa,3.675910856893494,,
Tanzania,TZA,2000,381000000.0,501000.0,27.9940937576676,,17.9999666420965,13371767081.7428,5.92396109637479,Africa,2.849286841977677,-18.415417558886503,-20.095693779904312
Tanzania,TZA,2001,626000000.0,525000.0,35.4331986517105,,16.4276533667127,13563990022.3641,5.14746800222618,Africa,4.615161165467247,64.3044619422572,4.79041916167664
Tanzania,TZA,2002,639000000.0,575000.0,33.636895749005,,16.8387838811119,14129651895.6911,5.31783366118203,Africa,4.522404406826653,2.076677316293929,9.523809523809534
Tanzania,TZA,2003,654000000.0,576000.0,30.15757892839,,14.1022030024517,15211487708.7684,5.30356621509782,Africa,4.299382233488004,2.3474178403755763,0.17391304347826875
Tanzania,TZA,2004,762000000.0,583000.0,29.136595975605,,13.5934200021083,16673062473.3981,4.73580143949058,Africa,4.570246175324853,16.5137614678899,1.215277777777768
Tanzania,TZA,2005,835000000.0,613000.0,28.0988031414084,,13.7221040634059,18395383647.4975,5.03457009267163,Africa,4.539182307913394,9.580052493438318,5.145797598627788
Tanzania,TZA,2006,986000000.0,644000.0,28.6155180048724,,11.1666327942496,18619859795.2852,7.25097262082546,Africa,5.295421183835491,18.08383233532933,5.057096247960846
Tanzania,TZA,2007,1215000000.0,719000.0,29.6175695711402,,9.81779749737467,21860434823.4808,7.02551436974771,Africa,5.5579864252971785,23.225152129817438,11.645962732919246
Tanzania,TZA,2008,1293000000.0,770000.0,23.1821593897215,,8.60025099519064,27947821397.9272,10.2783937621135,Africa,4.626478685368648,6.419753086419755,7.09318497913769
Tanzania,TZA,2009,1192000000.0,714000.0,23.1333482182908,,10.6668816070601,29400573553.6075,12.1422278742988,Africa,4.054342674052152,-7.811291569992262,-7.272727272727275
Tanzania,TZA,2010,1279000000.0,783000.0,20.0784209774253,,9.50919643449773,32012892919.37,6.20015595647403,Africa,3.995265292709979,7.298657718120816,9.663865546218497
Tanzania,TZA,2011,1383000000.0,868000.0,18.6936465009408,,7.71047562833314,34657140096.4836,12.6909694699162,Africa,3.990519691324221,8.131352619233766,10.85568326947637
Tanzania,TZA,2012,1754000000.0,1077000.0,20.2175530788855,,7.91133097276,39650394362.9287,16.0010938506338,Africa,4.423663441894816,26.82574114244396,24.07834101382489
Tanzania,TZA,2013,1939000000.0,1096000.0,22.9203755625072,,8.14493797679451,45648857242.315,7.87072364573959,Africa,4.247641928268492,10.547320410490313,1.7641597028783762
Tanzania,TZA,2014,2047000000.0,1140000.0,23.7148790059781,,8.73502772229181,49986726460.6805,6.13161432988012,Africa,4.095087125999675,5.56988138215575,4.014598540145986
Tanzania,TZA,2015,1924000000.0,1137000.0,23.5012020862454,,12.1957684049109,47413919817.124,5.58816952959298,Africa,4.057880064379593,-6.008793356130926,-0.2631578947368429
Tanzania,TZA,2016,2149000000.0,1284000.0,25.8447902715574,,11.0733733505749,49774409374.4538,5.17476629301493,Africa,4.317479658739963,11.694386694386694,12.928759894459096
Tanzania,TZA,2017,2265000000.0,1327000.0,27.1500256193601,,9.39275383262027,53274884532.7886,5.31871605228931,Africa,4.251534320278032,5.397859469520716,3.3489096573208643
Tanzania,TZA,2018,2465000000.0,1506000.0,29.6726927736042,,7.83118963965573,57003712892.0858,3.49445848856181,Africa,4.324279726596953,8.830022075055188,13.489073097211746
Tanzania,TZA,2019,2624500000.0,1527000.0,27.1727888351581,,7.09561320576261,61026731925.9213,3.4642805799902,Africa,4.300574383019247,6.470588235294117,1.3944223107569709
Tanzania,TZA,2020,2624500000.0,1527000.0,27.1727888351581,,7.09561320576261,66068737786.0639,3.29029062798325,Africa,3.9723779928993808,0.0,0.0
Thailand,THA,1999,9416000000.0,8651000.0,13.1857866476755,1655000.0,5.09365826269473,126669211778.94,0.284726459223034,Asia,7.433534848572811,,
Thailand,THA,2000,9935000000.0,9579000.0,12.1511436165526,1909000.0,4.49107273073699,126392224253.794,1.59196917460972,Asia,7.860451905688947,5.511894647408666,10.727083574153284
Thailand,THA,2001,9378000000.0,10133000.0,12.3221922176643,2011000.0,4.82145383587038,120296476180.402,1.62690887314091,Asia,7.795739574230197,-5.606441872169099,5.783484706127995
Thailand,THA,2002,10388000000.0,10873000.0,12.7549686242582,2250000.0,5.27339269015945,134300904400.022,0.697308976625449,Asia,7.73486972884324,10.769886969503094,7.302871804993583
Thailand,THA,2003,10456000000.0,10082000.0,11.1374267675185,2152000.0,4.1585595712763,152280615245.887,1.8043499463572,Asia,6.866271181736909,0.6546014632268005,-7.274901131242528
Thailand,THA,2004,13054000000.0,11737000.0,11.4489821404166,2709000.0,4.9808625862229,172895685154.658,2.75914926231081,Asia,7.550217339618964,24.84697781178271,16.41539377107717
Thailand,THA,2005,12103000000.0,11567000.0,9.36131223275147,3047000.0,3.70598130317368,189318408468.595,4.54036919634535,Asia,6.392933522894949,-7.285123333844035,-1.4484110079236556
Thailand,THA,2006,16624000000.0,13822000.0,10.8971878123502,3382000.0,4.20463959103889,221758296021.621,4.63747436011765,Asia,7.496450098254359,37.35437494835991,19.495115414541363
Thailand,THA,2007,20625000000.0,14464000.0,11.3716409964391,4018000.0,4.23445206503759,262942621455.053,2.24154095286802,Asia,7.843916625561445,24.067613089509155,4.6447692085081815
Thailand,THA,2008,22510000000.0,14584000.0,10.8035322703093,3908000.0,3.28925638235646,291382982430.951,5.46848949649846,Asia,7.725228087173621,9.139393939393937,0.829646017699126
Thailand,THA,2009,19811000000.0,14150000.0,10.8870780457204,4653000.0,3.70601757312307,281710630187.319,-0.845716092316721,Asia,7.03239348363496,-11.990226565970675,-2.9758639605046655
Thailand,THA,2010,23796000000.0,15936000.0,10.4716200883593,5451000.0,3.44722040390644,341104766329.17,3.24758842443723,Asia,6.976155817487636,20.115087577608403,12.62190812720847
Thailand,THA,2011,30924000000.0,19230000.0,11.7606957917228,5397000.0,2.95091291561418,370818739623.622,3.80879058139634,Asia,8.339384366439411,29.954614220877463,20.670180722891573
Thailand,THA,2012,34565000000.0,22354000.0,12.606838943627,5721000.0,2.96198419057658,397558325278.579,3.01489950334994,Asia,8.694321764178738,11.774026645970759,16.245449817992718
Thailand,THA,2013,41765000000.0,26547000.0,14.7966720803756,5970000.0,2.99761457785577,420333654592.547,2.18488618530678,Asia,9.936154182202031,20.830319687545206,18.75726939250246
Thailand,THA,2014,38451000000.0,24810000.0,13.8025822759808,6444000.0,3.46488251199667,407339040197.651,1.8951418189878,Asia,9.43955678329841,-7.934873698072553,-6.543112216069613
Thailand,THA,2015,44851000000.0,29923000.0,16.5229814613897,6794000.0,4.15161797646468,401296238228.084,-0.900424963291569,Asia,11.176531381913458,16.64456060960704,20.60862555421201
Thailand,THA,2016,48459000000.0,32530000.0,17.4769422746326,8204000.0,5.09305395074231,413366349747.508,0.188149704448234,Asia,11.723015196955359,8.044413725446486,8.712361728436324
Thailand,THA,2017,57057000000.0,35592000.0,18.7285709345966,8963000.0,5.1159287831254,456356813536.764,0.665631893135106,Asia,12.502716801313522,17.742834148455387,9.412849677221026
Thailand,THA,2018,61383000000.0,38178000.0,18.6811954534957,9966000.0,5.07862279797771,506754208404.485,1.06389754183015,Asia,12.112972913094161,7.581891792418105,7.265677680377602
Thailand,THA,2019,64371000000.0,39916000.0,19.8750562571005,10446000.0,5.48654885427213,543976691793.886,0.706728601314311,Asia,11.833411425721586,4.8677972728605745,4.552359997904554
Thailand,THA,2020,15360000000.0,39916000.0,5.95392489312269,10446000.0,1.58630660316751,500461898480.246,-0.845937147357041,Asia,3.069164714965066,-76.1383231579438,0.0
Timor-Leste,TLS,1999,20300000.0,14000.0,46.8356186238309,,0.601094961857059,225357600.0,7.16515891441839,,9.00790565749724,,
Timor-Leste,TLS,2000,20300000.0,14000.0,46.8356186238309,,0.601094961857059,366924300.0,7.16515891441839,,5.532476317322129,0.0,0.0
Timor-Leste,TLS,2001,20300000.0,14000.0,46.8356186238309,,0.601094961857059,477443500.0,7.16515891441839,,4.251811994508251,0.0,0.0
Timor-Leste,TLS,2002,20300000.0,14000.0,46.8356186238309,,0.601094961857059,469455500.0,7.16515891441839,,4.324158519817107,0.0,0.0
Timor-Leste,TLS,2003,20300000.0,14000.0,46.8356186238309,,0.601094961857059,490439100.0,7.16515891441839,,4.13914795945103,0.0,0.0
Timor-Leste,TLS,2004,20300000.0,14000.0,46.8356186238309,,0.601094961857059,440772000.0,3.23751394003322,,4.605555706805332,0.0,0.0
Timor-Leste,TLS,2005,20300000.0,14000.0,46.8356186238309,,0.601094961857059,462268000.0,1.11167400387197,,4.3913920063686005,0.0,0.0
Timor-Leste,TLS,2006,20300000.0,14000.0,46.8356186238309,,0.601094961857059,453792400.0,3.93616259929866,,4.473411189786343,0.0,0.0
Timor-Leste,TLS,2007,26000000.0,22000.0,37.5941397847141,,0.998154197859127,542795400.0,10.3009020174895,,4.790018485786725,28.078817733990146,57.14285714285714
Timor-Leste,TLS,2008,14000000.0,36000.0,24.0782079953845,,6.3681489081701,648523600.0,9.06423621948942,,2.158749504258596,-46.15384615384615,63.63636363636365
Timor-Leste,TLS,2009,16000000.0,44000.0,24.1874778709631,,5.93588522651726,726937800.0,0.669681185965433,,2.2010136217981784,14.28571428571428,22.222222222222232
Timor-Leste,TLS,2010,24000000.0,40000.0,25.2925308399976,,5.06421833299465,881909300.0,6.7659768023648,,2.721368285831661,50.0,-9.090909090909093
Timor-Leste,TLS,2011,18000000.0,51000.0,17.776283609833,,3.32352183500949,1042534600.0,13.499840238577,,1.7265614014153583,-25.0,27.499999999999993
Timor-Leste,TLS,2012,21000000.0,58000.0,20.4499496892503,,5.53921727210032,1160555000.0,11.8003096701544,,1.8094790854375709,16.666666666666675,13.725490196078427
Timor-Leste,TLS,2013,29000000.0,79000.0,33.006022996598,,4.7327182339689,1395727400.0,10.9872344156475,,2.077769627507492,38.095238095238095,36.206896551724135
Timor-Leste,TLS,2014,35000000.0,60000.0,39.0646011557467,,6.90760637044279,1447535200.0,0.848838206293388,,2.4179032053935545,20.68965517241379,-24.0506329113924
Timor-Leste,TLS,2015,51000000.0,61599.9984741211,56.039707117138,,7.57767323451391,1590282400.0,0.646148614181321,,3.206977578321938,45.71428571428571,2.6666641235351785
Timor-Leste,TLS,2016,58000000.0,65599.9984741211,59.9293660093035,,10.1237421572099,1640464600.0,-1.46984287886469,,3.535583760844337,13.725490196078427,6.493506654355596
Timor-Leste,TLS,2017,73000000.0,73900.0015258789,66.426437722433,,12.2019478175775,1584878400.0,0.52297668038404,,4.606031604695982,25.86206896551724,12.652443970760352
Timor-Leste,TLS,2018,78000000.0,74599.9984741211,64.0015153353887,,12.3617053609276,1555988600.0,2.29424307036253,,5.012890197267512,6.849315068493156,0.9472218319197978
Timor-Leste,TLS,2019,78000000.0,74800.0030517578,64.0015153353887,,10.0920099155234,2032550400.0,0.958812739703154,,3.8375432166405323,0.0,0.26810265647134734
Timor-Leste,TLS,2020,78000000.0,74800.0030517578,64.0015153353887,,4.11237850040471,2162619200.0,0.495499215459577,,3.6067376078044626,0.0,0.0
Togo,TGO,1999,10000000.0,70000.0,2.17360395722234,191000.0,2.74088304563991,2226577203.91399,-0.0532136248824353,Africa,0.44911984109158637,,
Togo,TGO,2000,11000000.0,60000.0,2.59035838183004,191000.0,2.48502879817456,2106848752.27753,1.86260595463066,Africa,0.5221067714570807,10.000000000000009,-14.28571428571429
Togo,TGO,2001,14000000.0,57000.0,3.26080467918269,191000.0,3.09343126664764,2093498674.49678,3.91959133653157,Africa,0.6687369889720718,27.27272727272727,-5.000000000000004
Togo,TGO,2002,16000000.0,58000.0,3.09678733108172,191000.0,3.5756242422801,2410199032.43102,3.05981857535874,Africa,0.663845590538711,14.28571428571428,1.7543859649122862
Togo,TGO,2003,26000000.0,61000.0,3.74606011731295,191000.0,3.85051185753988,2987984050.99318,-0.930000884072201,Africa,0.8701519002873468,62.5,5.1724137931034475
Togo,TGO,2004,25000000.0,83000.0,3.32296145246722,191000.0,3.47181160127997,3191561508.69088,0.393078681031619,Africa,0.7833156256560614,-3.8461538461538436,36.065573770491795
Togo,TGO,2005,27000000.0,81000.0,3.32788834558249,191000.0,3.59406791110125,3221910408.46516,6.7829289302831,Africa,0.8380121287376873,8.000000000000007,-2.409638554216864
Togo,TGO,2006,23000000.0,94000.0,2.7650466535115,191000.0,3.45880033209241,3320907721.74508,2.22897779414036,Africa,0.6925817254540844,-14.814814814814813,16.049382716049386
Togo,TGO,2007,38000000.0,86000.0,4.15701244168341,191000.0,4.27767286929748,3759964943.38078,0.945673271705144,Africa,1.01064772071604,65.21739130434783,-8.510638297872342
Togo,TGO,2008,44000000.0,74000.0,3.85867476121365,191000.0,4.06414544357437,4578849657.99813,8.6948281436391,Africa,0.960940045785141,15.789473684210531,-13.953488372093027
Togo,TGO,2009,73000000.0,150000.0,6.07628963878188,191000.0,5.54021878339474,4721890900.22635,3.71360592035802,Africa,1.5459908232208552,65.90909090909092,102.70270270270272
Togo,TGO,2010,105000000.0,202000.0,8.09158482392611,191000.0,4.86301663502914,4746389531.6959,1.44594517430866,Africa,2.212207811828777,43.83561643835616,34.66666666666667
Togo,TGO,2011,209000000.0,300000.0,12.3685336898483,191000.0,3.24439066799594,5422442166.44146,3.56351472903954,Africa,3.8543518507853203,99.04761904761905,48.51485148514851
Togo,TGO,2012,206000000.0,235000.0,11.765093829822,191000.0,2.00592162605909,5413544658.41535,2.57718174055848,Africa,3.805270169514039,-1.4354066985645897,-21.666666666666668
Togo,TGO,2013,233000000.0,327000.0,11.6004988698141,191000.0,2.02470925321739,6021732977.26584,1.82539475909171,Africa,3.869318033191724,13.10679611650485,39.14893617021276
Togo,TGO,2014,233000000.0,282000.0,12.8232362073557,191000.0,2.27103343994371,6393318261.82712,0.19087507624975,Africa,3.644429863458915,0.0,-13.761467889908252
Togo,TGO,2015,212000000.0,273000.0,14.1456967141045,191000.0,2.19270816669717,5755461035.38026,2.58500390801595,Africa,3.683458174710643,-9.012875536480692,-3.1914893617021267
Togo,TGO,2016,223000000.0,338000.0,14.1284120619563,191000.0,2.29153865095114,6071170959.12093,1.28544847051417,Africa,3.6730970269413907,5.188679245283012,23.809523809523814
Togo,TGO,2017,245000000.0,514000.0,15.4224279993875,216000.0,2.72650452871454,6387422517.69225,-0.981889868943119,Africa,3.83566296610855,9.865470852017943,52.071005917159766
Togo,TGO,2018,269000000.0,573000.0,15.7965073874103,236000.0,2.79099054687573,7029300383.08031,0.927755426457183,Africa,3.8268388792644186,9.795918367346946,11.478599221789887
Togo,TGO,2019,264000000.0,876000.0,15.8545530420201,269000.0,2.69823046052656,6992700101.37188,0.674652770077436,Africa,3.775365683825144,-1.8587360594795488,52.87958115183247
Togo,TGO,2020,264000000.0,482000.0,15.8545530420201,269000.0,2.69823046052656,7400284167.78479,1.69928463299408,Africa,3.5674305744805754,0.0,-44.97716894977168
Tonga,TON,1999,13100000.3814697,44000.0,29.2129023632291,,11.9847387511558,199208705.408314,4.46435467675891,Oceania,6.576018028237721,,
Tonga,TON,2000,13100000.3814697,43000.0,29.2129023632291,,11.9847387511558,204848470.149169,6.32763551411155,Oceania,6.394971059305635,0.0,-2.2727272727272707
Tonga,TON,2001,13100000.3814697,38000.0,29.2129023632291,,11.9847387511558,181117222.026288,8.2902831885033,Oceania,7.232884998406347,0.0,-11.627906976744185
Tonga,TON,2002,13100000.3814697,45000.0,29.2129023632291,,11.9847387511558,182764260.095439,10.3590607918507,Oceania,7.167703562298733,0.0,18.421052631578938
Tonga,TON,2003,13100000.3814697,51000.0,29.2129023632291,,11.9847387511558,202246611.77407,11.6386219580735,Oceania,6.477240961694691,0.0,13.33333333333333
Tonga,TON,2004,13100000.3814697,51000.0,29.2129023632291,,12.9069209323243,230677994.614233,10.9734053679554,Oceania,5.67891202772812,0.0,0.0
Tonga,TON,2005,15000000.0,60000.0,32.1299944503854,,10.6330324071384,261823827.381488,8.66569221131751,Oceania,5.729043131794262,14.503813459562176,17.647058823529417
Tonga,TON,2006,15099999.90463255,54000.0,36.600401979293,,9.56061178449432,292232681.61217,6.14911606456575,Oceania,5.167115403154043,0.6666660308836558,-9.999999999999998
Tonga,TON,2007,15199999.8092651,65000.0,41.0708095082006,,9.3747387646166,298519618.087539,5.84224874901387,Oceania,5.091792595288593,0.6622510282392247,20.370370370370374
Tonga,TON,2008,18000000.0,65000.0,35.0016482147207,,9.53465773527968,344438839.641883,10.4469875128222,Oceania,5.225891487358048,18.421054117567625,0.0
Tonga,TON,2009,18399999.6185303,74699.9969482422,42.098312762661,,8.18193612381462,312415046.412413,1.42685972070534,Oceania,5.889600974672909,2.222220102946104,14.923072228064926
Tonga,TON,2010,17299999.2370605,65000.0,38.4081899989675,,9.56997329364719,366887376.561955,3.53491239189831,Oceania,4.715343274869832,-5.978263066712297,-12.985270876199762
Tonga,TON,2011,32500000.0,68400.0015258789,48.2457733709298,,9.01247367511071,414143823.181648,6.27075302995691,Oceania,7.847515326999129,87.8612799610862,5.230771578275251
Tonga,TON,2012,40000000.0,57200.0007629395,49.7803643842609,,9.99010877365893,471122970.872337,1.14753853706055,Oceania,8.490352301424725,23.076923076923084,-16.374269755976435
Tonga,TON,2013,47000000.0,59700.0007629395,51.2095199369796,,10.3631116863839,451788486.864637,0.77562932236742,Oceania,10.403098212213173,17.500000000000004,4.370629312333474
Tonga,TON,2014,38299999.2370605,65800.0030517578,51.2754821290049,,11.8808633691769,440997738.014078,2.51087633253706,Oceania,8.684851629746419,-18.510639921147863,10.217759147174178
Tonga,TON,2015,46400001.5258789,72599.9984741211,66.0433551722234,,12.6119616524313,437525514.240726,-1.05399831971283,Oceania,10.605096163683308,21.148831462587946,10.334339068365184
Tonga,TON,2016,52700000.7629395,86699.9969482422,51.0815655416915,,8.93533195991133,420828262.317922,2.57815515245081,Oceania,12.52292335896546,13.577584116127394,19.421485909737555
Tonga,TON,2017,48500000.0,86599.9984741211,47.5467142172224,,12.441084657818,459976850.268529,7.51706283551115,Oceania,10.544008893422848,-7.969640801016997,-0.11533849785577699
Tonga,TON,2018,48099998.4741211,77300.0030517578,45.8747045772388,,12.8619677735445,489714518.002333,5.03209691984874,Oceania,9.822048705097192,-0.8247454141832922,-10.739024926360063
Tonga,TON,2019,57099998.4741211,94000.0,50.7637586254107,,13.2130814521714,494197841.113077,1.17954334821808,Oceania,11.554076874458886,18.71101930458938,21.60413491453601
Tonga,TON,2020,47700000.7629395,94000.0,47.8053736901216,,12.0725942613809,496856295.76752,-0.349737696727496,Oceania,9.60036154704547,-16.46234319155345,0.0
Trinidad and Tobago,TTO,1999,365000000.0,421000.0,10.7394003589608,270000.0,3.52639808376859,6808982520.75759,3.43913590881996,North America,5.3605659713073965,,
Trinidad and Tobago,TTO,2000,371000000.0,503000.0,7.68290874456046,270000.0,5.14347563461515,8154342116.10311,3.55541319666877,North America,4.549723260535673,1.6438356164383494,19.477434679334916
Trinidad and Tobago,TTO,2001,361000000.0,468000.0,7.4153191196509,270000.0,4.35840236174906,8824849191.03571,5.536653263223,North America,4.090721463735654,-2.695417789757415,-6.958250497017893
Trinidad and Tobago,TTO,2002,402000000.0,451000.0,8.84060520760028,270000.0,5.14151526387344,9008298228.60273,4.1500586166472,North America,4.462552080298455,11.35734072022161,-3.6324786324786307
Trinidad and Tobago,TTO,2003,437000000.0,474000.0,7.43083541634784,270000.0,3.34589017057021,11305459802.0683,3.8111062439687,North America,3.8653890036392164,8.70646766169154,5.09977827050998
Trinidad and Tobago,TTO,2004,568000000.0,501000.0,7.69224657874852,270000.0,2.68566313022609,13280291989.5755,3.72154938995965,North America,4.277014394305918,29.977116704805496,5.696202531645578
Trinidad and Tobago,TTO,2005,593000000.0,529000.0,5.4510456160149,270000.0,3.74136607828089,15982389018.4041,6.87453459583516,North America,3.7103339138920126,4.401408450704225,5.588822355289413
Trinidad and Tobago,TTO,2006,517000000.0,534000.0,3.47459728789494,270000.0,2.13026730477413,18369361094.3886,8.32960351465347,North America,2.8144691442639838,-12.816188870151768,0.945179584120992
Trinidad and Tobago,TTO,2007,621000000.0,531000.0,4.3975620486056,270000.0,1.92632730165043,21641620049.9352,7.89438834757299,North America,2.8694709479564096,20.116054158607355,-0.5617977528089901
Trinidad and Tobago,TTO,2008,557000000.0,482000.0,2.84805174701358,270000.0,1.03269178200079,27871587349.5413,12.0303445477177,North America,1.9984509422251002,-10.30595813204509,-9.227871939736342
Trinidad and Tobago,TTO,2009,548000000.0,534000.0,5.49716431988617,270000.0,1.85137287466478,19172165225.5015,6.97808725251547,North America,2.8583104388808835,-1.6157989228007152,10.788381742738595
Trinidad and Tobago,TTO,2010,630000000.0,490000.0,5.20939824434998,273000.0,1.41183319991267,22157920592.3669,10.5492003179988,North America,2.843227086105843,14.963503649635035,-8.239700374531832
Trinidad and Tobago,TTO,2011,650000000.0,491000.0,3.49532041104736,273000.0,1.70308678998898,25433007437.1605,5.1071328926456,North America,2.5557339280696962,3.1746031746031855,0.20408163265306367
Trinidad and Tobago,TTO,2012,852000000.0,504000.0,4.72824792118307,273000.0,1.88466649929758,27334568806.1922,9.26028137068292,North America,3.1169322846863174,31.07692307692307,2.6476578411405383
Trinidad and Tobago,TTO,2013,856000000.0,467000.0,4.47032219364985,273000.0,0.970198761608864,28709859468.8597,5.19981740465611,North America,2.9815541275235597,0.46948356807512415,-7.341269841269837
Trinidad and Tobago,TTO,2014,875000000.0,455000.0,5.25101259664535,273000.0,1.57017437026243,29697674913.5408,5.68441814595659,North America,2.9463586039897,2.219626168224309,-2.569593147751603
Trinidad and Tobago,TTO,2015,809000000.0,519000.0,6.2948290585787,273000.0,2.42235628900346,27026750552.9647,4.66121598098264,North America,2.9933306203962307,-7.54285714285714,14.06593406593406
Trinidad and Tobago,TTO,2016,708000000.0,492000.0,7.48375541142142,273000.0,2.34174646815691,23722678429.8078,3.07066742464024,North America,2.984485930182278,-12.48454882571075,-5.202312138728327
Trinidad and Tobago,TTO,2017,717000000.0,465000.0,6.74846376335924,273000.0,1.54026476309914,24040211327.4898,1.88038440183532,North America,2.9825028999645937,1.2711864406779627,-5.487804878048785
Trinidad and Tobago,TTO,2018,541000000.0,501000.0,4.67590876123428,273000.0,1.62954869351609,24569257295.0918,1.01856930188822,North America,2.2019387623413245,-24.546722454672242,7.741935483870965
Trinidad and Tobago,TTO,2019,481000000.0,480000.0,5.0283238152505,273000.0,1.67076470955124,23775659262.5735,1.00054293027237,North America,2.023077445247405,-11.090573012938998,-4.191616766467066
Trinidad and Tobago,TTO,2020,151000000.0,141000.0,2.3448230561049,273000.0,0.619054686713443,20807716174.0546,0.598986330824643,North America,0.7256923284463279,-68.6070686070686,-70.625
Tunisia,TUN,1999,2118000000.0,4832000.0,24.2441817041397,1480000.0,3.00282582775383,22943202174.9668,2.6901248581158,Africa,9.23149255212046,,
Tunisia,TUN,2000,1977000000.0,5058000.0,23.0998290853294,1632000.0,3.3465529915203,21473528160.7782,2.96230794738605,Africa,9.206684552243388,-6.657223796033995,4.677152317880795
Tunisia,TUN,2001,2061000000.0,5387000.0,21.7772213755876,1669000.0,3.11229711118575,22065832448.8623,1.98333333333337,Africa,9.340232256255819,4.248861911987856,6.504547251878212
Tunisia,TUN,2002,1831000000.0,5064000.0,19.3416578745325,1939000.0,2.92494024986419,23141616604.5242,2.72103284850455,Africa,7.91215251419401,-11.159631246967495,-5.995916094301091
Tunisia,TUN,2003,1935000000.0,5114000.0,17.7664567448158,2274000.0,2.99936202185791,27453902261.4629,2.71259247474352,Africa,7.048178366673081,5.6799563080284,0.9873617693522796
Tunisia,TUN,2004,2432000000.0,5998000.0,18.01138689025,2312000.0,3.01126940266958,31183885241.4396,3.63228004956625,Africa,7.798899916320135,25.684754521963814,17.285881892843168
Tunisia,TUN,2005,2800000000.0,6378000.0,19.2201159368149,2241000.0,3.07463164425337,32272186694.8043,2.01778641357144,Africa,8.676201667024905,15.131578947368428,6.335445148382801
Tunisia,TUN,2006,2999000000.0,6550000.0,18.8722447450287,2302000.0,3.00654717896848,34376664600.5898,3.22525337438917,Africa,8.723941181741484,7.107142857142867,2.696770147381633
Tunisia,TUN,2007,3373000000.0,6762000.0,16.8953706382185,2743000.0,2.55625368565011,38915353866.757,2.96694432477349,Africa,8.667530074501895,12.470823607869285,3.236641221374037
Tunisia,TUN,2008,3909000000.0,7050000.0,15.5861309587375,3118000.0,2.09857859865341,44859439902.2191,4.34502807623045,Africa,8.713884989470477,15.890898310109701,4.259094942324748
Tunisia,TUN,2009,3524000000.0,7797000.0,17.7842402293309,2623000.0,2.2773369440573,43455740497.3061,3.66490330642919,Africa,8.10940041447104,-9.84906625735482,10.595744680851071
Tunisia,TUN,2010,3477000000.0,7828000.0,15.7151177770761,2250000.0,2.52064420740758,46206091937.9628,3.33897963601069,Africa,7.524981780905185,-1.3337116912599312,0.39758881621136943
Tunisia,TUN,2011,2529000000.0,5746000.0,11.2426709002261,2303000.0,2.62782087990749,48123325825.0739,3.24002842009531,Africa,5.255247754888762,-27.264883520276094,-26.596831885539086
Tunisia,TUN,2012,2931000000.0,6999000.0,13.2336916207998,2897000.0,2.55914411815308,47311401812.6733,4.6118443220664,Africa,6.195123982174786,15.8956109134045,21.806474068917513
Tunisia,TUN,2013,2863000000.0,7352000.0,13.0276995183533,2873000.0,2.92178050659528,48685446413.953,5.31623531326689,Africa,5.880607472830893,-2.3200272944387534,5.0435776539505595
Tunisia,TUN,2014,3042000000.0,7163000.0,14.0996285567635,2637000.0,2.85973312710973,50271812920.612,4.62555099534031,Africa,6.051104631543428,6.252183024799152,-2.570729053318821
Tunisia,TUN,2015,1869000000.0,5359000.0,10.7088048142166,2233500.0,3.44661109647565,45779494041.9295,4.437371273215,Africa,4.082613928166573,-38.56015779092702,-25.184978361021916
Tunisia,TUN,2016,1706000000.0,5724000.0,10.095192732395,1830000.0,3.83250576845671,44360072680.4476,3.62939937384381,Africa,3.8458007323147294,-8.721241305510974,6.810972196305287
Tunisia,TUN,2017,1782000000.0,7052000.0,10.1340626601291,2172500.0,3.8320816398898,42163530590.9462,5.30884839565844,Africa,4.226401288090068,4.454865181711609,23.20055904961564
Tunisia,TUN,2018,2320000000.0,8299000.0,16.9418261648048,2515000.0,5.10976746188636,42686504459.801,7.30759176031652,Africa,5.434973018661681,30.190796857463532,17.682926829268286
Tunisia,TUN,2019,2683000000.0,9429000.0,19.5251097509597,2781000.0,5.03480077659994,41905642418.825,6.72007532863799,Africa,6.402479105760548,15.646551724137936,13.6160983250994
Tunisia,TUN,2020,1007000000.0,2012000.0,8.96160222338669,739000.0,2.78666740827227,42491780918.361,5.63415115897625,Africa,2.369870074249743,-62.467387253074925,-78.6615759889702
Turkiye,TUR,1999,20760000000.0,7487000.0,19.5239393967893,4758000.0,2.88747518132825,256395932738.435,64.8674876350757,Asia,8.096852308955514,,
Turkiye,TUR,2000,20760000000.0,10428000.0,19.5239393967893,5284000.0,2.88747518132825,274294623164.043,54.9153705812683,Asia,7.568504172823102,0.0,39.2814211299586
Turkiye,TUR,2001,20760000000.0,11619000.0,19.5239393967893,4856000.0,2.88747518132825,201753123806.695,54.4001887619075,Asia,10.28980350256718,0.0,11.421173762945912
Turkiye,TUR,2002,20760000000.0,13256000.0,19.5239393967893,5131000.0,2.88747518132825,240249071871.106,44.9641209479849,Asia,8.641032341276961,0.0,14.08899216800068
Turkiye,TUR,2003,20760000000.0,14030000.0,19.5239393967893,5928000.0,2.88747518132825,314595572145.767,21.6024384490572,Asia,6.598948567013177,0.0,5.838865419432704
Turkiye,TUR,2004,20760000000.0,17517000.0,19.5239393967893,7299000.0,2.88747518132825,408865430220.331,8.59826168115272,Asia,5.077465216076783,0.0,24.853884533143255
Turkiye,TUR,2005,20760000000.0,21125000.0,19.5239393967893,8246000.0,2.88747518132825,506314717661.655,8.17916036802002,Asia,4.100216579892682,0.0,20.597134212479308
Turkiye,TUR,2006,19137000000.0,19820000.0,15.9646620116625,8275000.0,2.39478146002002,557076157773.479,9.59724212288432,Asia,3.435257411928511,-7.817919075144508,-6.177514792899408
Turkiye,TUR,2007,21662000000.0,27215000.0,14.8997489424631,4956000.0,2.38822393388875,681321124295.914,8.75618090972639,Asia,3.179411180357249,13.194335580289485,37.31079717457113
Turkiye,TUR,2008,26446000000.0,31138000.0,14.8558010987653,4893000.0,2.12661594985544,770449132861.373,10.4441283764885,Asia,3.432543288326139,22.084756716831322,14.414844754730849
Turkiye,TUR,2009,26331000000.0,31760000.0,18.0909390716465,5561000.0,3.33874287523749,649289324627.732,6.25097663090626,Asia,4.055356988211194,-0.4348483702639294,1.9975592523604702
Turkiye,TUR,2010,26318000000.0,32997000.0,16.7161031751577,6557000.0,2.95247714710615,776967266305.53,8.56644420552976,Asia,3.3872726871933447,-0.04937146329421216,3.894836272040303
Turkiye,TUR,2011,30302000000.0,36769000.0,16.5001334081145,6282000.0,2.12736467354932,838785289694.35,6.471879671151,Asia,3.612605081694021,15.137928414013224,11.431342243234234
Turkiye,TUR,2012,31566000000.0,37715000.0,14.9150908626995,5803000.0,1.84657889543571,880555885492.269,8.89156996512163,Asia,3.584780991197763,4.171341825622066,2.5728194946830207
Turkiye,TUR,2013,37984000000.0,39861000.0,16.2757415009127,7526000.0,1.82195203439811,957799120008.32,7.49309030547693,Asia,3.9657584984699144,20.332002787809667,5.690043749171414
Turkiye,TUR,2014,40028000000.0,41627000.0,16.4993157573659,7982000.0,1.9889638807741,938934609296.966,8.85457271364324,Asia,4.2631296794961315,5.38121314237574,4.430395624796168
Turkiye,TUR,2015,35648000000.0,41114000.0,16.4362087169817,8751000.0,2.45047944162988,864313810469.009,7.67085364845877,Asia,4.124427906648403,-10.942340361746773,-1.2323732193047832
Turkiye,TUR,2016,26505000000.0,30907000.0,12.9910550177674,7892000.0,2.60694514343231,869682881593.041,7.7751341532833,Asia,3.047662609093729,-25.648002692998205,-24.826093301551786
Turkiye,TUR,2017,31993000000.0,37970000.0,14.0117987640641,8887000.0,2.29750427966483,858988492853.742,11.1443110840765,Asia,3.724496924715775,20.705527259007738,22.852428252499422
Turkiye,TUR,2018,36791000000.0,46113000.0,15.0548942421403,8383000.0,2.43999533553957,778972108040.602,16.3324638988928,Asia,4.723018914315525,14.99703060044384,21.445878324993405
Turkiye,TUR,2019,41415000000.0,51747000.0,16.3137888247691,9651000.0,2.34949249382348,761005915750.925,15.1768215720022,Asia,5.442139035034125,12.568291158163692,12.21781276429641
Turkiye,TUR,2020,13771000000.0,15971000.0,6.63601887056125,2243000.0,0.711955553818019,720338490327.248,12.2789574462574,Asia,1.9117401311908053,-66.74876252565495,-69.13637505555877
Turkmenistan,TKM,1999,,,,78000.0,,2450564100.18292,,Asia,,,
Turkmenistan,TKM,2000,,,,78000.0,,2904663310.9825,,Asia,,,
Turkmenistan,TKM,2001,,,,111000.0,,3534772732.39746,,Asia,,,
Turkmenistan,TKM,2002,,,,79000.0,,4462029108.72349,,Asia,,,
Turkmenistan,TKM,2003,,,,34000.0,,5977440582.80171,,Asia,,,
Turkmenistan,TKM,2004,,,,32000.0,,6838351088.46688,,Asia,,,
Turkmenistan,TKM,2005,,,,33000.0,,8103901996.37024,,Asia,,,
Turkmenistan,TKM,2006,,,,33000.0,,10276674364.8961,,Asia,,,
Turkmenistan,TKM,2007,,,,38000.0,,12664165103.1895,,Asia,,,
Turkmenistan,TKM,2008,,,,38000.0,,19271523178.8079,,Asia,,,
Turkmenistan,TKM,2009,,,,38000.0,,20214385964.9123,,Asia,,,
Turkmenistan,TKM,2010,,,,38000.0,,22583157894.7368,,Asia,,,
Turkmenistan,TKM,2011,,,,38000.0,,29233333333.3333,,Asia,,,
Turkmenistan,TKM,2012,,,,38000.0,,35164210526.3158,,Asia,,,
Turkmenistan,TKM,2013,,,,38000.0,,39197543859.6491,,Asia,,,
Turkmenistan,TKM,2014,,,,38000.0,,43524210526.3158,,Asia,,,
Turkmenistan,TKM,2015,,,,38000.0,,35799714285.7143,,Asia,,,
Turkmenistan,TKM,2016,,,,38000.0,,36169428571.4286,,Asia,,,
Turkmenistan,TKM,2017,,,,38000.0,,37926285714.2857,,Asia,,,
Turkmenistan,TKM,2018,,,,38000.0,,40765428571.4286,,Asia,,,
Turkmenistan,TKM,2019,,,,38000.0,,45232857142.8571,,Asia,,,
Turkmenistan,TKM,2020,,,,38000.0,,45818000000.0,,Asia,,,
Turks and Caicos Islands,TCA,1999,238000000.0,757000.0,,,,358744800.0,,North America,66.34242503305971,,
Turks and Caicos Islands,TCA,2000,285000000.0,757000.0,,,,358744800.0,,North America,79.44366022866393,19.747899159663863,0.0
Turks and Caicos Islands,TCA,2001,311000000.0,757000.0,,,,358744800.0,,North America,86.6911520389982,9.122807017543867,0.0
Turks and Caicos Islands,TCA,2002,292000000.0,757000.0,,,,366707900.0,,North America,79.62740917225945,-6.109324758842439,0.0
Turks and Caicos Islands,TCA,2003,292000000.0,757000.0,,,,409753600.0,,North America,71.26233912282895,0.0,0.0
Turks and Caicos Islands,TCA,2004,292000000.0,757000.0,,,,485598800.0,,North America,60.131944312877216,0.0,0.0
Turks and Caicos Islands,TCA,2005,292000000.0,757000.0,,,,578645800.0,,North America,50.46264917156576,0.0,0.0
Turks and Caicos Islands,TCA,2006,292000000.0,757000.0,,,,721891500.0,,North America,40.449291894973136,0.0,0.0
Turks and Caicos Islands,TCA,2007,292000000.0,757000.0,,,,773489700.0,,North America,37.75098750506955,0.0,0.0
Turks and Caicos Islands,TCA,2008,292000000.0,757000.0,,,,862683600.0,,North America,33.847867282976054,0.0,0.0
Turks and Caicos Islands,TCA,2009,292000000.0,865000.0,,,,703175800.0,,North America,41.52588868957095,0.0,14.266842800528412
Turks and Caicos Islands,TCA,2010,292000000.0,899000.0,,,,686787800.0,,North America,42.516771555930376,0.0,3.930635838150298
Turks and Caicos Islands,TCA,2011,292000000.0,1010000.0,,,,728789600.0,,North America,40.06643343977466,0.0,12.347052280311456
Turks and Caicos Islands,TCA,2012,292000000.0,968000.0,,,,727161000.0,,North America,40.156168991461314,0.0,-4.158415841584162
Turks and Caicos Islands,TCA,2013,292000000.0,1069000.0,,,,754238000.0,,North America,38.71457020197869,0.0,10.433884297520656
Turks and Caicos Islands,TCA,2014,292000000.0,1330000.0,,,,841070000.0,,North America,34.717681049139784,0.0,24.41534144059869
Turks and Caicos Islands,TCA,2015,292000000.0,1316000.0,,,,942070000.0,,North America,30.995573577335016,0.0,-1.0526315789473717
Turks and Caicos Islands,TCA,2016,292000000.0,1296000.0,,,,1032452000.0,,North America,28.28218648421428,0.0,-1.5197568389057725
Turks and Caicos Islands,TCA,2017,292000000.0,1243000.0,,,,1028941663.2,,North America,28.378673975731765,0.0,-4.089506172839508
Turks and Caicos Islands,TCA,2018,292000000.0,1463000.0,,,,1128749004.5304,,North America,25.869347288725404,0.0,17.699115044247794
Turks and Caicos Islands,TCA,2019,292000000.0,1599000.0,,,,1177285211.72521,,North America,24.802825780177702,0.0,9.295967190704024
Turks and Caicos Islands,TCA,2020,292000000.0,370399.993896484,,,,774653669.315186,,North America,37.69426410361363,0.0,-76.83552258308417
Tuvalu,TUV,1999,1200000.0,1100.00002384186,45.6791502961736,2200.00004768372,16.1281723964034,14800503.2582747,0.5005807431527,Oceania,8.107832409881746,,
Tuvalu,TUV,2000,1200000.0,1100.00002384186,45.6791502961736,2900.00009536743,16.1281723964034,15073975.5349377,0.5005807431527,Oceania,7.960740000000004,0.0,0.0
Tuvalu,TUV,2001,1200000.0,1100.00002384186,45.6791502961736,2799.99995231628,16.1281723964034,13964732.327114,0.5005807431527,Oceania,8.593075555555572,0.0,0.0
Tuvalu,TUV,2002,1200000.0,1299.99995231628,45.6791502961736,2700.00004768372,21.2731443346085,16842672.5952874,0.5005807431527,Oceania,7.124760000000007,0.0,18.181811285412564
Tuvalu,TUV,2003,1200000.0,1399.99997615814,45.6791502961736,2599.99990463257,21.0683019063879,19456338.0318228,0.5005807431527,Oceania,6.167655999999996,0.0,7.692309808449194
Tuvalu,TUV,2004,1200000.0,1299.99995231628,45.6791502961736,2299.99995231628,18.5871031806983,22798274.9795551,0.5005807431527,Oceania,5.263556129032257,0.0,-7.142858967489318
Tuvalu,TUV,2005,1200000.0,1100.00002384186,45.6791502961736,2200.00004768372,22.7579323605718,22909979.8163078,0.5005807431527,Oceania,5.237891999999995,0.0,-15.384610446951896
Tuvalu,TUV,2006,1200000.0,1100.00002384186,39.7981546907557,2000.0,25.2882722593397,24096875.4635825,0.5005807431527,Oceania,4.979898749999993,0.0,0.0
Tuvalu,TUV,2007,1500000.0,1100.00002384186,45.9223108436858,2400.00009536743,21.7874964695698,28450168.692765,0.5005807431527,Oceania,5.272376470588227,25.0,0.0
Tuvalu,TUV,2008,1900000.0,1700.00004768372,46.789377954922,2325.000047683715,21.2669538486693,31874434.857882,0.5005807431527,Oceania,5.960889999999992,26.66666666666666,54.54545553065535
Tuvalu,TUV,2009,1500000.0,1600.00002384186,27.2073083218978,2250.0,14.7970320241219,28076983.9703819,0.5005807431527,Oceania,5.342454166666666,-21.052631578947366,-5.882354178643212
Tuvalu,TUV,2010,2400000.0,1700.00004768372,17.0691132475308,2174.999952316285,16.6517202391813,32105408.4771121,0.5005807431527,Oceania,7.475375999999989,60.00000000000001,6.250001396983951
Tuvalu,TUV,2011,2400000.0,1200.00004768372,16.1629058010789,2099.99990463257,17.5795788403685,39196957.4908996,0.5005807431527,Oceania,6.122924210526317,0.0,-29.411763880904516
Tuvalu,TUV,2012,2700000.0,1100.00002384186,10.7524110880919,2099.99990463257,23.1251277659945,39345579.4723758,0.5005807431527,Oceania,6.862270263157891,12.5,-8.333334989017981
Tuvalu,TUV,2013,2400000.0,1299.99995231628,43.4425401767053,2099.99990463257,16.0879423125172,38615890.6320745,0.5005807431527,Oceania,6.215058000000009,-11.111111111111116,18.181811285412564
Tuvalu,TUV,2014,2400000.0,1399.99997615814,43.4425401767053,2099.99990463257,16.369097766831,38760982.6540096,0.5005807431527,Oceania,6.191793488372085,0.0,7.692309808449194
Tuvalu,TUV,2015,2400000.0,2400.00009536743,43.4425401767053,2099.99990463257,14.0582917113403,36811936.0824587,0.5005807431527,Oceania,6.519624489795925,0.0,71.42858115994228
Tuvalu,TUV,2016,2400000.0,2500.0,43.4425401767053,2099.99990463257,20.853141563576,41629064.2232388,0.5005807431527,Oceania,5.765202857142861,0.0,4.166662527455478
Tuvalu,TUV,2017,2400000.0,2500.0,43.4425401767053,2099.99990463257,17.3052168919571,45276595.3533146,0.5005807431527,Oceania,5.300751925518404,0.0,0.0
Tuvalu,TUV,2018,2400000.0,3200.00004768372,43.4425401767053,2099.99990463257,19.2025366446222,48015259.8751356,0.5005807431527,Oceania,4.998410934859534,0.0,28.000001907348793
Tuvalu,TUV,2019,2400000.0,3599.99990463257,43.4425401767053,2099.99990463257,13.1523396707686,54123198.5662913,0.5005807431527,Oceania,4.434327725587811,0.0,12.499995343387106
Tuvalu,TUV,2020,2400000.0,3599.99990463257,43.4425401767053,2099.99990463257,13.1523396707686,51746594.3148543,0.5005807431527,Oceania,4.63798638688587,0.0,0.0
Uganda,UGA,1999,187000000.0,189000.0,27.3328490941155,327000.0,8.23220929522677,5998563257.94659,5.77736898687895,Africa,3.1174131530958173,,
Uganda,UGA,2000,187000000.0,193000.0,27.3328490941155,153000.0,8.23220929522677,6193246837.09687,3.39202158512998,Africa,3.019417842025777,0.0,2.1164021164021163
Uganda,UGA,2001,187000000.0,205000.0,27.3328490941155,152000.0,8.23220929522677,5840503868.51573,1.86512524084773,Africa,3.2017785487320127,0.0,6.217616580310881
Uganda,UGA,2002,194000000.0,254000.0,27.6017539931316,184000.0,8.23220929522677,6178563591.12051,-0.287508511765196,Africa,3.1398883759779714,3.743315508021383,23.902439024390244
Uganda,UGA,2003,185000000.0,305000.0,22.1820763076208,189000.0,8.23220929522677,6606884275.23087,8.68047651566884,Africa,2.80010958710996,-4.639175257731953,20.078740157480325
Uganda,UGA,2004,268000000.0,512000.0,23.6689222286873,231000.0,8.23220929522677,7939487547.77384,3.72128743978228,Africa,3.375532720309446,44.86486486486487,67.8688524590164
Uganda,UGA,2005,382000000.0,468000.0,24.7726537553746,189000.0,7.85759544976465,9239221763.05793,8.44872642299532,Africa,4.134547365530151,42.53731343283582,-8.59375
Uganda,UGA,2006,347000000.0,539000.0,20.1296426359083,254000.0,6.56383893292967,9977647682.96954,7.31067613561864,Africa,3.477773629873511,-9.162303664921467,15.170940170940161
Uganda,UGA,2007,402000000.0,642000.0,16.557920681515,272000.0,5.59026037495647,11902564494.8833,6.1385108328505,Africa,3.377423413020048,15.85014409221901,19.109461966604812
Uganda,UGA,2008,536000000.0,844000.0,17.6332055329741,337000.0,5.94321198310881,14440404132.2047,12.0508555482886,Africa,3.711807475004273,33.33333333333333,31.46417445482865
Uganda,UGA,2009,683000000.0,807000.0,20.3652899070812,311000.0,6.7135988142961,25127805566.6584,13.0172561889185,Africa,2.7181044448475813,27.425373134328357,-4.383886255924175
Uganda,UGA,2010,802000000.0,946000.0,23.1252031963124,324000.0,7.51009856478585,26673441430.7857,3.97655288478168,Africa,3.0067361276987494,17.42313323572475,17.224287484510526
Uganda,UGA,2011,977000000.0,1151000.0,22.7289681166052,367000.0,7.23901089487414,27871725241.4723,16.5643496174515,Africa,3.5053445437466246,21.820448877805475,21.670190274841428
Uganda,UGA,2012,1157000000.0,1197000.0,23.4408072053563,469000.0,8.28782370422661,27305915910.7877,12.6790377224659,Africa,4.237177041708043,18.423746161719556,3.9965247610773247
Uganda,UGA,2013,960000000.0,1206000.0,19.4656050055347,471000.0,4.71509616111581,28915786516.6123,4.90520875694557,Africa,3.319985778178553,-17.026793431287814,0.7518796992481258
Uganda,UGA,2014,984000000.0,1266000.0,20.0599559652879,511000.0,4.39897851079299,32612397257.4458,3.07570668958641,Africa,3.0172574933151872,2.499999999999991,4.975124378109452
Uganda,UGA,2015,1049000000.0,1303000.0,22.1839275520262,523000.0,3.80203318510206,32387183730.1002,5.58968606251725,Africa,3.2389355269105224,6.605691056910579,2.9225908372827902
Uganda,UGA,2016,1118000000.0,1323000.0,23.115991440051,568000.0,4.74857098266491,29203988696.2626,5.70637504616212,Africa,3.828244188243631,6.577693040991428,1.534919416730629
Uganda,UGA,2017,954000000.0,1402000.0,18.7223834452403,568000.0,5.04743164961511,30744473841.424,5.20971705914209,Africa,3.102996671598961,-14.6690518783542,5.971277399848818
Uganda,UGA,2018,1522000000.0,1506000.0,25.6677091458528,568000.0,5.69636474734921,32927025619.6795,2.61601190952274,Africa,4.622342806118346,59.53878406708595,7.41797432239657
Uganda,UGA,2019,1400000000.0,1543000.0,22.6837492411783,568000.0,6.08457746385677,35348155095.4215,2.867588034469,Africa,3.960602742125391,-8.015768725361372,2.4568393094289487
Uganda,UGA,2020,518000000.0,473000.0,9.21438436794719,568000.0,2.62522129099337,37600368241.6657,3.31332289544502,Africa,1.377646082268934,-63.0,-69.3454309786131
Ukraine,UKR,1999,503000000.0,10990000.0,3.13044560617376,17866000.0,3.22874991226223,31580639553.8298,22.6836718061345,Europe,1.5927479845448567,,
Ukraine,UKR,2000,563000000.0,11691000.0,3.06678287395141,17866000.0,3.31521096797069,32375083934.8241,28.2030972388552,Europe,1.7389916305187145,11.928429423459242,6.378525932666057
Ukraine,UKR,2001,759000000.0,11877000.0,3.8108148817593,17866000.0,3.48777215973584,39309580983.2282,11.9588085390459,Europe,1.9308269918314174,34.813499111900526,1.5909674108288474
Ukraine,UKR,2002,1001000000.0,12793000.0,4.54442275389295,17866000.0,3.93790606556564,43956163612.0433,0.75742084639286,Europe,2.2772688008781135,31.8840579710145,7.712385282478751
Ukraine,UKR,2003,1204000000.0,15161000.0,4.40573770491803,17866000.0,3.6611601997695,52010355753.0461,5.17967781908315,Europe,2.3149236004398706,20.27972027972027,18.51012272336434
Ukraine,UKR,2004,2931000000.0,18583000.0,7.42758673120296,17866000.0,7.71439343406514,67220154164.3166,9.04806786050888,Europe,4.360299431678339,143.43853820598005,22.571070509860824
Ukraine,UKR,2005,3542000000.0,20489000.0,8.30948247548445,17866000.0,7.33695652173913,89238865118.5263,13.5695764909248,Europe,3.9691226410102205,20.846127601501195,10.256686218586886
Ukraine,UKR,2006,4018000000.0,21714000.0,8.30937855444111,17866000.0,6.22654350996597,111884752475.248,9.05252491133248,Europe,3.5911953247507005,13.438735177865603,5.978817902289024
Ukraine,UKR,2007,5320000000.0,26162000.0,8.66280205822966,17866000.0,5.78347209640079,148733861386.139,12.8387796190181,Europe,3.5768586590973745,32.40418118466899,20.48448005894814
Ukraine,UKR,2008,6722000000.0,28827000.0,8.14985451018429,16100000.0,4.73422269948786,188110390659.515,25.226461707384,Europe,3.573433650545655,26.35338345864662,10.186530081798018
Ukraine,UKR,2009,4349000000.0,24033000.0,8.35061443932412,15961000.0,6.94154005588763,121552153444.124,15.8811924594476,Europe,3.5778880725458975,-35.30199345432907,-16.630242481007386
Ukraine,UKR,2010,4696000000.0,24114000.0,7.15570048456405,17741000.0,5.93897253189289,141209170427.233,9.37293105078978,Europe,3.3255630535836285,7.978845711657856,0.33703657470978143
Ukraine,UKR,2011,5406000000.0,24535000.0,6.46248744799885,20335000.0,5.14835229271725,169333835201.554,7.95572466274652,Europe,3.1925102231136315,15.119250425894371,1.745873766276862
Ukraine,UKR,2012,5988000000.0,25061000.0,6.92126311896066,21755000.0,5.48868751363249,182591753827.949,0.568727971803862,Europe,3.2794471132810967,10.765815760266362,2.1438760953739644
Ukraine,UKR,2013,5931000000.0,26025000.0,7.2577980640977,23988000.0,6.47129518350744,190498811460.028,-0.238948626045407,Europe,3.1134052514781647,-0.9519038076152286,3.8466142612026744
Ukraine,UKR,2014,2264000000.0,13227000.0,3.45986918515802,22637000.0,7.80959995431313,133503871861.723,12.0718562874251,Europe,1.695830966119802,-61.82768504468049,-49.175792507204605
Ukraine,UKR,2015,1662000000.0,13025000.0,3.47248338974552,23336000.0,10.767760433259,91030967789.0717,48.6998646434424,Europe,1.8257523130491462,-26.59010600706714,-1.5271792545550777
Ukraine,UKR,2016,1723000000.0,13734000.0,3.74500086941401,25226000.0,12.0203579802139,93355869403.9223,13.9127101997797,Europe,1.8456257876460942,3.670276774969916,5.443378119001929
Ukraine,UKR,2017,2019000000.0,14579000.0,3.74277028029067,27067000.0,12.0214395099541,112090505081.739,14.4383227488749,Europe,1.8012230371588551,17.179338363319797,6.1526139507790845
Ukraine,UKR,2018,2269000000.0,14342000.0,3.8342599320682,27977000.0,11.7454468145418,130891088293.55,10.9518559353178,Europe,1.7335022800874753,12.382367508667658,-1.6256259002675133
Ukraine,UKR,2019,2595000000.0,13710000.0,4.08301340550066,29346000.0,11.7094140691759,153883047509.577,7.88671745611133,Europe,1.6863455994647485,14.367562802996915,-4.406637846883276
Ukraine,UKR,2020,687000000.0,3382000.0,1.1316652115901,11251000.0,7.64524054846635,156617722013.342,2.73249209419427,Europe,0.43864767739469196,-73.52601156069365,-75.33187454412837
United Arab Emirates,ARE,1999,893000000.0,19313000.0,,17890000.0,,84445473110.9598,12.2504202448139,Asia,1.0574871181390795,,
United Arab Emirates,ARE,2000,1063000000.0,19313000.0,,17890000.0,,104337372362.151,12.2504202448139,Asia,1.0188103993172917,19.036954087346025,0.0
United Arab Emirates,ARE,2001,1200000000.0,19313000.0,,17890000.0,,103311640571.818,12.2504202448139,Asia,1.1615341633896614,12.888052681091256,0.0
United Arab Emirates,ARE,2002,1332000000.0,19313000.0,,17890000.0,,109816201497.617,12.2504202448139,Asia,1.2129357798165183,11.00000000000001,0.0
United Arab Emirates,ARE,2003,1438000000.0,19313000.0,,17890000.0,,124346358066.712,12.2504202448139,Asia,1.1564472191686634,7.957957957957951,0.0
United Arab Emirates,ARE,2004,1593000000.0,19313000.0,,17890000.0,,147824370319.946,12.2504202448139,Asia,1.0776301610838357,10.77885952712101,0.0
United Arab Emirates,ARE,2005,3218000000.0,19313000.0,,17890000.0,,180617467964.602,12.2504202448139,Asia,1.7816659907062116,102.00878844946644,0.0
United Arab Emirates,ARE,2006,4972000000.0,19313000.0,,17890000.0,,222116541865.214,12.2504202448139,Asia,2.2384645277870105,54.50590428837787,0.0
United Arab Emirates,ARE,2007,6072000000.0,19313000.0,,17890000.0,,257916133424.098,12.2504202448139,Asia,2.3542536557864944,22.123893805309724,0.0
United Arab Emirates,ARE,2008,7162000000.0,19313000.0,,17890000.0,,315474615738.598,12.2504202448139,Asia,2.270230200053378,17.95125164690383,0.0
United Arab Emirates,ARE,2009,7352000000.0,19313000.0,,17890000.0,,253547358747.447,1.5618131744907,Asia,2.899655526415153,2.652890254118967,0.0
United Arab Emirates,ARE,2010,8577000000.0,19313000.0,,17890000.0,,300189052694.029,0.877983288285867,Asia,2.8571994624807995,16.662132752992378,0.0
United Arab Emirates,ARE,2011,9204000000.0,19313000.0,,17890000.0,,360832739558.385,0.87734659568512,Asia,2.5507663221648254,7.310248338579917,0.0
United Arab Emirates,ARE,2012,10924000000.0,19313000.0,,17890000.0,,384610125384.033,0.662268900269009,Asia,2.840278837977131,18.68752716210342,0.0
United Arab Emirates,ARE,2013,12389000000.0,19313000.0,,17890000.0,,400218529747.597,1.1011183637571,Asia,3.095558820780558,13.410838520688383,0.0
United Arab Emirates,ARE,2014,15221000000.0,19313000.0,,17890000.0,,414105366758.911,2.34626865671643,Asia,3.6756345659392413,22.858987811768493,0.0
United Arab Emirates,ARE,2015,25587099609.375,19313000.0,,17890000.0,,370275469560.166,4.06996608361593,Asia,6.910287532622346,68.10393278611787,0.0
United Arab Emirates,ARE,2016,28657400390.625,20894000.0,,18728000.0,,369255326235.771,1.61748808904198,Asia,7.760863108668373,11.999409187139975,8.18619582664526
United Arab Emirates,ARE,2017,29705500000.0,21805000.0,,18866000.0,,390516804016.501,1.96682557818842,Asia,7.606714920965301,3.6573436358096068,4.360103378960467
United Arab Emirates,ARE,2018,34609500000.0,23092000.0,,18967000.0,,427049432149.345,3.06863379251997,Asia,8.104331113569211,16.50872734005486,5.902315982572803
United Arab Emirates,ARE,2019,38413300781.25,25282000.0,,18906000.0,,417989721734.494,-1.93108114782173,Asia,9.190010850470152,10.990626218957233,9.48380391477568
United Arab Emirates,ARE,2020,24615400390.625,8084000.0,,6458000.0,,349473015336.939,-2.07940317940944,Asia,7.043576845809523,-35.91959063658472,-68.02468159164623
United Kingdom,GBR,1999,,25394000.0,,53881000.0,,1687830448147.55,1.7529508005142,Europe,,,
United Kingdom,GBR,2000,,25209000.0,,56837000.0,,1665534876683.31,1.18295624210408,Europe,,,-0.7285185476884282
United Kingdom,GBR,2001,,22835000.0,,58281000.0,,1649827263567.01,1.53234960272418,Europe,,,-9.417271609345867
United Kingdom,GBR,2002,,24180000.0,,59377000.0,,1785729916067.15,1.52040245947455,Europe,,,5.890081015984228
United Kingdom,GBR,2003,,24715000.0,,61424000.0,,2054422857142.86,1.37650038542013,Europe,,,2.212572373862698
United Kingdom,GBR,2004,,27755000.0,,64194000.0,,2421525082387.4,1.39039756680422,Europe,,,12.300222536920892
United Kingdom,GBR,2005,,29970000.0,,66494000.0,,2543180000000.0,2.0891364902507,Europe,,,7.98054404611781
United Kingdom,GBR,2006,,32713000.0,,69536000.0,,2708441582336.71,2.4556616643929,Europe,,,9.152485819152488
United Kingdom,GBR,2007,,32778000.0,,69450000.0,,3090510204081.63,2.38656150773327,Europe,,,0.19869776541436845
United Kingdom,GBR,2008,,31888000.0,,69011000.0,,2929411764705.88,3.52140856342539,Europe,,,-2.7152358289096346
United Kingdom,GBR,2009,,31072000.0,,63513000.0,,2412840006231.5,1.96173173560109,Europe,,,-2.5589563472152577
United Kingdom,GBR,2010,,30398000.0,,64647000.0,,2485482596184.71,2.49265472467065,Europe,,,-2.1691555097837267
United Kingdom,GBR,2011,,31886000.0,,67493000.0,,2663805834828.07,3.8561124468282,Europe,,,4.895058885452985
United Kingdom,GBR,2012,,32221000.0,,66858000.0,,2707089726614.64,2.5732347965453,Europe,,,1.0506178260051513
United Kingdom,GBR,2013,,33567000.0,,68959000.0,,2784853502534.29,2.29166666666659,Europe,,,4.177399832407436
United Kingdom,GBR,2014,,35337000.0,,72204000.0,,3064708247921.43,1.45112016293279,Europe,,,5.2730360175172075
United Kingdom,GBR,2015,,36792000.0,,77619000.0,,2927911140916.73,0.36804684232536,Europe,,,4.117497240852375
United Kingdom,GBR,2016,,39129000.0,,81757000.0,,2689106566899.61,1.0084173681141,Europe,,,6.351924331376391
United Kingdom,GBR,2017,,41080000.0,,87242000.0,,2680148052335.3,2.55775577557747,Europe,,,4.986071711518303
United Kingdom,GBR,2018,,40283000.0,,90571000.0,,2871340347581.79,2.29283990345938,Europe,,,-1.9401168451801398
United Kingdom,GBR,2019,,40857000.0,,93086000.0,,2851407164907.81,1.73810460086513,Europe,,,1.4249187001961205
United Kingdom,GBR,2020,,11101000.0,,23827000.0,,2696778386607.65,0.989486703772491,Europe,,,-72.82962527841006
United States,USA,1999,109188000000.0,75796000.0,11.1813263616451,84540000.0,6.26940423618921,9631172000000.0,2.18802719697358,North America,1.1336938017512301,,
United States,USA,2000,118316000000.0,78343000.0,10.9252217529332,87973000.0,5.8851024781589,10250952000000.0,3.37685727149929,North America,1.1541952396226223,8.359893028537924,3.360335637764522
United States,USA,2001,105454000000.0,70975000.0,10.3858320759846,84755000.0,5.97388890463802,10581929000000.0,2.82617111885407,North America,0.996547982886674,-10.870888130092293,-9.404796854856212
United States,USA,2002,97415000000.0,64434000.0,9.878865626537,80883000.0,5.64147001516249,10929108000000.0,1.58603162650601,North America,0.891335322150719,-7.623229085667682,-9.21592109897852
United States,USA,2003,94814000000.0,62082000.0,9.22153708494622,75880000.0,5.35990149767356,11456450000000.0,2.27009497336115,North America,0.8276036643113706,-2.6700200174511135,-3.650246764130738
United States,USA,2004,107210000000.0,67606000.0,9.17798755437151,79655000.0,5.24707215588486,12217196000000.0,2.67723669309172,North America,0.8775336009997711,13.074018604847382,8.897909216842237
United States,USA,2005,116682000000.0,71484000.0,9.03456894509201,79215000.0,4.91493459054413,13039197000000.0,3.3927468454955,North America,0.8948557184924808,8.834996735379153,5.7361772623731655
United States,USA,2006,121030000000.0,183178000.0,8.26712732523629,148511000.0,4.73184576238011,13815583000000.0,3.22594410070404,North America,0.8760397588722821,3.726367391714236,156.25034972861062
United States,USA,2007,134800000000.0,175299000.0,8.11651656931463,140364000.0,4.761256272106,14474228000000.0,2.85267248150138,North America,0.9313104643646625,11.37734446005123,-4.301280721484025
United States,USA,2008,149094000000.0,175703000.0,8.06094775906366,136148000.0,4.65019422811499,14769862000000.0,3.839100296651,North America,1.0094474816352381,10.603857566765583,0.2304633797112432
United States,USA,2009,137111000000.0,160508000.0,8.60823913791415,129954000.0,5.79215694364014,14478067000000.0,-0.355546266299747,North America,0.9470255939553257,-8.037211423665603,-8.648116423737784
United States,USA,2010,161821000000.0,162275000.0,8.64278832082482,121574000.0,5.2130544640444,15048971000000.0,1.6400434423899,North America,1.0752961116078965,18.021894669282545,1.100879706930491
United States,USA,2011,178935000000.0,147271421.875,8.34757757669965,114089000.0,4.84071409483732,15599732000000.0,3.156841568622,North America,1.1470389363099316,10.575883228999938,-9.245772993375445
United States,USA,2012,195113000000.0,171629890.625,8.68151636541454,116329000.0,4.98193526985317,16253970000000.0,2.06933726526067,North America,1.2004021171443038,9.04127197026854,16.539847609181635
United States,USA,2013,213105000000.0,179309906.25,9.21286537167917,118968000.0,4.79430836661557,16880683000000.0,1.46483265562717,North America,1.2624192990295475,9.221323028193918,4.474754133462877
United States,USA,2014,222746000000.0,178311359.375,9.30973793087307,121699000.0,4.87484373718089,17608138000000.0,1.62222297740817,North America,1.2650173459567389,4.524060908941596,-0.5568832731459916
United States,USA,2015,230574000000.0,176864531.25,10.1094096508835,130364000.0,5.21976981186401,18295019000000.0,0.118627135552451,North America,1.2603102516592084,3.5143167554074983,-0.8114054707850871
United States,USA,2016,228549000000.0,175261484.375,10.199328461316,141526000.0,5.42737249957266,18804913000000.0,1.26158320570536,North America,1.215368558206039,-0.8782429935725644,-0.9063698999852488
United States,USA,2017,233758000000.0,174291750.0,9.76238234904741,148045000.0,5.43677775594797,19612102000000.0,2.13011000365961,North America,1.191906915434154,2.279161142687136,-0.5533071789607269
United States,USA,2018,241984000000.0,169324921.875,9.51771493660271,158445406.25,5.66532064917709,20656516000000.0,2.44258329692817,North America,1.1714657011860083,3.5190239478434915,-2.8497207268846636
United States,USA,2019,239447000000.0,165478000.0,9.40379691157296,170930093.75,5.9915818595255,21539982000000.0,1.81221007526021,North America,1.1116397404603218,-1.048416424226395,-2.2719171120243575
United States,USA,2020,84205000000.0,45037000.0,3.89811795041537,60549898.4375,1.73560036661657,21354105000000.0,1.23358439630629,North America,0.3943269923979488,-64.83355398063037,-72.78369330062003
Uruguay,URY,1999,827000000.0,2273000.0,22.5980499242548,778000.0,9.08723674729773,23983945190.6202,5.65868803927908,South America,3.448139967912488,,
Uruguay,URY,2000,827000000.0,2236000.0,22.5980499242548,667000.0,9.08723674729773,22823270892.1094,4.76382472733251,South America,3.623494651180412,0.0,-1.6278046634403909
Uruguay,URY,2001,700000000.0,2136000.0,21.4589697795128,531000.0,9.08229956320404,20898761742.2386,4.3593406521727,South America,3.349480742608909,-15.356711003627566,-4.472271914132375
Uruguay,URY,2002,409000000.0,1354000.0,15.1852899476249,530000.0,9.75175135603679,13606515722.5864,13.9724725913515,South America,3.0059128166152966,-41.57142857142857,-36.61048689138576
Uruguay,URY,2003,419000000.0,1508000.0,13.7263033545147,495000.0,8.63185359807989,12045638351.8507,19.3797301743995,South America,3.4784374871724797,2.444987775061125,11.373707533234857
Uruguay,URY,2004,591000000.0,1871000.0,13.8844347855874,569000.0,7.06667032031791,13686329890.1191,9.15760507540997,South America,4.31817736927907,41.05011933174225,24.071618037135288
Uruguay,URY,2005,699000000.0,1917000.0,13.7453369419956,658000.0,7.05345304390124,17362857683.8545,4.6992773903564,South America,4.0258349905729585,18.274111675126914,2.4585783003741257
Uruguay,URY,2006,711000000.0,1824000.0,12.2856539910458,666000.0,5.18959853505846,19741420739.8901,6.39764974385131,South America,3.601564494106204,1.716738197424883,-4.851330203442883
Uruguay,URY,2007,928000000.0,1815000.0,13.3845706193222,635000.0,5.22478373073556,23797773024.3992,8.11464561179313,South America,3.8995245439501725,30.52039381153304,-0.49342105263158187
Uruguay,URY,2008,1195000000.0,2255000.0,12.7504583598665,734000.0,4.50981722267495,31119602538.8322,7.87707374730888,South America,3.8400233374087427,28.77155172413792,24.242424242424242
Uruguay,URY,2009,1460000000.0,2303000.0,16.7594797191248,826000.0,5.39645017212485,32708319077.5179,7.06221874388574,South America,4.463696213002681,22.17573221757323,2.128603104212856
Uruguay,URY,2010,1669000000.0,2708000.0,15.5707031462505,1027000.0,5.44177622306872,41950361211.9581,6.69870886978132,South America,3.978511630846806,14.315068493150696,17.585757707338256
Uruguay,URY,2011,2401000000.0,3244000.0,18.5898445730179,1534000.0,6.24875814097265,50342406067.0777,8.0928320630299,South America,4.769338987891912,43.85859796285201,19.793205317577556
Uruguay,URY,2012,2666000000.0,3155000.0,14.5222949265444,1816000.0,6.25817425123451,54232266358.7811,8.09776580573602,South America,4.9158926576343065,11.037067888379838,-2.743526510480887
Uruguay,URY,2013,2481000000.0,3242000.0,13.4934446390544,2281000.0,8.54848347298677,61337621933.7857,8.57513504005397,South America,4.044825869966483,-6.939234808702177,2.757527733755949
Uruguay,URY,2014,2341000000.0,3195000.0,12.4036127733565,2396000.0,9.14627184657624,61496186973.902,8.87735333229828,South America,3.8067400845413117,-5.64288593309149,-1.4497223935842074
Uruguay,URY,2015,2349000000.0,3286000.0,14.1299839963658,2217000.0,9.61687315599165,57680327998.6689,8.66626987079328,South America,4.072445635285237,0.34173430158053186,2.8482003129890465
Uruguay,URY,2016,2396000000.0,3632000.0,15.4448463159246,1715000.0,8.66786682364557,57480788390.2581,9.6394134763508,South America,4.168349229542016,2.000851426138772,10.529519172245895
Uruguay,URY,2017,2924000000.0,4219000.0,17.3582904162077,1789000.0,9.14189462651207,65006039994.56,6.2180938256186,South America,4.49804356678963,22.036727879799667,16.161894273127754
Uruguay,URY,2018,2708000000.0,3954000.0,15.6984083711105,1947000.0,8.95998174240746,65344576348.2279,7.60653360377047,South America,4.144184799008861,-7.38714090287278,-6.281109267598961
Uruguay,URY,2019,2335000000.0,3480000.0,13.4266469112487,2199000.0,10.4627095497585,62222325807.0578,7.88198870879619,South America,3.7526723241437305,-13.774002954209752,-11.987860394537176
Uruguay,URY,2020,1085000000.0,3480000.0,7.73426612826695,2199000.0,3.55220066265248,53668636567.8667,9.75640636078194,South America,2.0216649227299874,-53.53319057815846,0.0
Uzbekistan,UZB,1999,102000000.0,487000.0,5.10541441599702,202000.0,9.2011308629516,17078465982.0282,13.7797446476603,Asia,0.597243336183328,,
Uzbekistan,UZB,2000,63000000.0,302000.0,5.10541441599702,217000.0,9.2011308629516,13760513969.314,13.7797446476603,Asia,0.4578317360855143,-38.23529411764706,-37.98767967145791
Uzbekistan,UZB,2001,72000000.0,345000.0,5.10541441599702,183000.0,9.2011308629516,11401421329.1974,13.7797446476603,Asia,0.6315002131849856,14.28571428571428,14.238410596026485
Uzbekistan,UZB,2002,68000000.0,332000.0,5.10541441599702,264000.0,9.2011308629516,9687788512.80184,13.7797446476603,Asia,0.7019145794743766,-5.555555555555558,-3.7681159420289823
Uzbekistan,UZB,2003,48000000.0,231000.0,5.10541441599702,400000.0,9.2011308629516,10134453435.4603,13.7797446476603,Asia,0.4736318569687115,-29.411764705882348,-30.42168674698795
Uzbekistan,UZB,2004,57000000.0,262000.0,5.10541441599702,455000.0,9.2011308629516,12030023547.8807,13.7797446476603,Asia,0.473814533887937,18.75,13.41991341991342
Uzbekistan,UZB,2005,117300000.0,242000.0,5.10541441599702,572000.0,9.2011308629516,14307509838.8053,13.7797446476603,Asia,0.8198491653792547,105.78947368421052,-7.633587786259543
Uzbekistan,UZB,2006,177600000.0,560000.0,5.10541441599702,893000.0,9.2011308629516,17330833852.919,13.7797446476603,Asia,1.0247631562752946,51.40664961636829,131.40495867768593
Uzbekistan,UZB,2007,237900000.0,903000.0,5.10541441599702,1248000.0,9.2011308629516,22311393927.8817,13.7797446476603,Asia,1.0662713444483871,33.952702702702695,61.25000000000001
Uzbekistan,UZB,2008,298200000.0,1069000.0,5.10541441599702,1150000.0,9.2011308629516,29549438883.8338,13.7797446476603,Asia,1.009156218405021,25.34678436317781,18.383167220376517
Uzbekistan,UZB,2009,358500000.0,1215000.0,5.10541441599702,1317000.0,9.2011308629516,33689223673.2577,13.7797446476603,Asia,1.0641385016080827,20.221327967806847,13.657623947614583
Uzbekistan,UZB,2010,418800000.0,975000.0,5.10541441599702,1610000.0,9.2011308629516,49765676402.4495,13.7797446476603,Asia,0.841543871750503,16.82008368200836,-19.753086419753085
Uzbekistan,UZB,2011,479100000.0,1393000.0,5.10541441599702,2112333.3333333335,9.2011308629516,60178909297.208,13.7797446476603,Asia,0.7961260940005568,14.398280802292263,42.87179487179487
Uzbekistan,UZB,2012,539400000.0,1895000.0,5.10541441599702,2614666.6666666665,9.2011308629516,67517349212.0609,13.2088026688373,Asia,0.7989057720643523,12.586098935504065,36.03732950466618
Uzbekistan,UZB,2013,599700000.0,1969000.0,5.10541441599702,3117000.0,9.2011308629516,73180037914.9104,11.8414333622049,Asia,0.8194857738353418,11.179087875417126,3.905013192612139
Uzbekistan,UZB,2014,660000000.0,1862000.0,5.10541441599702,2786000.0,9.2011308629516,80845385809.4529,9.28309356162702,Asia,0.8163731218446719,10.055027513756887,-5.434230573895382
Uzbekistan,UZB,2015,688000000.0,1918000.0,5.80814084916162,3491000.0,12.9671138408955,86196264755.3105,8.75188196737494,Asia,0.7981784384196448,4.2424242424242475,3.007518796992481
Uzbekistan,UZB,2016,579000000.0,2027000.0,5.48819489189605,3848000.0,12.6510511148089,86138288644.171,8.13088669523606,Asia,0.6721749515964885,-15.843023255813948,5.683003128258601
Uzbekistan,UZB,2017,835000000.0,2690000.0,6.72724217650887,5182000.0,12.7928438687305,69703222282.7278,13.8757425441634,Asia,1.1979360102078234,44.21416234887738,32.70843611248151
Uzbekistan,UZB,2018,1314000000.0,5346000.0,9.29598328758047,8594000.0,11.6108708806334,58695899092.1083,17.5241796514057,Asia,2.238657249185349,57.36526946107785,98.7360594795539
Uzbekistan,UZB,2019,1679000000.0,6749000.0,9.86154253722666,8437000.0,10.3544017255994,67293639798.3996,14.5257359560685,Asia,2.4950351995077114,27.777777777777768,26.24392068836514
Uzbekistan,UZB,2020,395000000.0,6749000.0,2.71730782611763,8437000.0,4.69121385546077,66443265418.3086,12.8677297362606,Asia,0.5944921543412838,-76.47409172126267,0.0
Vanuatu,VUT,1999,59000000.0,96000.0,42.005608163699,12000.0,8.46120655134281,268006972.690296,1.99897488467452,Oceania,22.014352614690864,,
Vanuatu,VUT,2000,69000000.0,106000.0,43.9499595064969,12000.0,8.46120655134281,272014627.835262,2.53768844221106,Oceania,25.366282890414226,16.94915254237288,10.416666666666675
Vanuatu,VUT,2001,58000000.0,106000.0,41.6818502697326,11000.0,8.46120655134281,257926881.72043,3.57755452095074,Oceania,22.486993062966924,-15.94202898550725,0.0
Vanuatu,VUT,2002,72000000.0,99000.0,63.2621039530043,11000.0,8.46120655134281,262596535.549028,1.96356754199195,Oceania,27.41848815692287,24.13793103448276,-6.6037735849056585
Vanuatu,VUT,2003,83000000.0,102000.0,60.3640031144276,12000.0,9.18325899836458,314471413.001776,3.01624129930394,Oceania,26.39349605985688,15.277777777777768,3.0303030303030276
Vanuatu,VUT,2004,93000000.0,99000.0,57.9719509628062,13000.0,8.39975787390597,364996869.129618,1.41891891891893,Oceania,25.479670612454967,12.04819277108433,-2.941176470588236
Vanuatu,VUT,2005,104000000.0,126000.0,58.7703751732465,14000.0,6.34433778803692,394962433.029368,1.19920053297801,Oceania,26.331618225641968,11.827956989247301,27.27272727272727
Vanuatu,VUT,2006,109000000.0,154000.0,59.3961810339601,15000.0,5.02744475949949,439358586.535588,2.04081632653062,Oceania,24.80889263129742,4.807692307692313,22.222222222222232
Vanuatu,VUT,2007,142000000.0,167000.0,64.6976111075788,16000.0,5.15554105024174,516392922.513728,3.93548387096774,Oceania,27.49844039472191,30.27522935779816,8.441558441558449
Vanuatu,VUT,2008,188000000.0,196600.006103516,68.2547090155713,19000.0,7.074617719857,590748429.401902,4.84171322160149,Oceania,31.824037211633204,32.3943661971831,17.724554553003593
Vanuatu,VUT,2009,214000000.0,225500.0,70.5131671972732,20000.0,9.46245013616612,592622319.145664,4.29706572955357,Oceania,36.11068855936892,13.829787234042556,14.699894709701722
Vanuatu,VUT,2010,242000000.0,237699.996948242,74.35550871117,21000.0,9.22866335205569,670712979.682038,2.76269469477348,Oceania,36.08100742507233,13.08411214953271,5.410198203211536
Vanuatu,VUT,2011,249000000.0,248899.993896484,71.0379351138985,22000.0,9.62966707183484,770153588.218833,0.8737931047811,Oceania,32.33121338509542,2.892561983471076,4.711820400519695
Vanuatu,VUT,2012,268000000.0,321000.0,75.1796516365769,23000.0,10.7725734318757,747839697.746593,1.34740362877658,Oceania,35.83655705996131,7.63052208835342,28.96745997249881
Vanuatu,VUT,2013,314000000.0,357000.0,80.3194091273578,26000.0,11.043762912274,758304466.245339,1.45893371757921,Oceania,41.408169670256115,17.164179104477604,11.214953271028039
Vanuatu,VUT,2014,284000000.0,329000.0,74.8760583152529,26000.0,9.82699161058796,772315983.81843,0.798863838097023,Oceania,36.77251357609709,-9.554140127388532,-7.843137254901967
Vanuatu,VUT,2015,254000000.0,287000.0,85.6454855808618,27000.0,7.01535267641529,730870802.967051,2.48326875660439,Oceania,34.75306428562461,-10.563380281690138,-12.765957446808507
Vanuatu,VUT,2016,275000000.0,351600.006103516,79.4024136637245,20299.9992370605,5.77378397638523,780889605.899977,0.842069084035061,Oceania,35.216245410650835,8.267716535433077,22.508712928054344
Vanuatu,VUT,2017,289000000.0,332700.012207031,76.7513641783335,26299.9992370605,3.69483097663251,880061833.690341,3.08452624403546,Oceania,32.838601668265014,5.0909090909091015,-5.375424791921235
Vanuatu,VUT,2018,325000000.0,350200.012207031,82.8934780952348,28399.9996185303,4.00058300030808,914736985.430944,2.33096379566866,Oceania,35.52933850672808,12.456747404844283,5.259993795584883
Vanuatu,VUT,2019,295000000.0,256000.0,90.6609103083041,36400.0015258789,6.5164900676397,936526267.622513,2.76252019386111,Oceania,31.499383434155426,-9.230769230769232,-26.89891745387545
Vanuatu,VUT,2020,67000000.0,82400.0015258789,50.3975200212625,9399.99961853027,5.01855476164859,909421043.508407,5.32935073101715,Oceania,7.367324571853348,-77.28813559322035,-67.81249940395355
"Venezuela, RB",VEN,1999,643000000.0,702000.0,2.88146986332064,754000.0,7.93769737194241,97972842461.5131,27.080941446613,South America,0.6563043225499874,,
"Venezuela, RB",VEN,2000,469000000.0,602000.0,1.35115669384345,954000.0,7.73239436619718,117146466002.661,27.080941446613,South America,0.40035351983161543,-27.060653188180407,-14.245014245014243
"Venezuela, RB",VEN,2001,677000000.0,792000.0,2.41414969867703,933000.0,7.19069144483509,122911036746.729,27.080941446613,South America,0.5508048893892491,44.3496801705757,31.56146179401993
"Venezuela, RB",VEN,2002,484000000.0,590000.0,1.74138303230913,881000.0,8.94572387455156,92893587733.6549,27.080941446613,South America,0.5210262751264683,-28.508124076809448,-25.50505050505051
"Venezuela, RB",VEN,2003,378000000.0,435000.0,1.34481286466486,832000.0,9.36763129689175,83620628582.1082,27.080941446613,South America,0.4520415672657098,-21.900826446280995,-26.271186440677962
"Venezuela, RB",VEN,2004,554000000.0,618000.0,1.35844245010053,816000.0,7.45422437029464,112451400424.964,27.080941446613,South America,0.4926572705243189,46.56084656084656,42.068965517241374
"Venezuela, RB",VEN,2005,722000000.0,846000.0,1.2653790879456,1067000.0,6.28002862302791,145513489651.872,27.080941446613,South America,0.4961739298035669,30.324909747292427,36.893203883495154
"Venezuela, RB",VEN,2006,843000000.0,883000.0,1.25592205238223,1095000.0,4.57040240787111,183477522123.894,27.080941446613,South America,0.45945682623224027,16.759002770083107,4.373522458628831
"Venezuela, RB",VEN,2007,972000000.0,898000.0,1.3488385001804,1410000.0,3.92640559153048,230364012575.687,27.080941446613,South America,0.42194090523607525,15.302491103202854,1.6987542468856143
"Venezuela, RB",VEN,2008,1097000000.0,702000.0,1.11665309446254,1745000.0,4.25957823192589,315953388510.678,27.080941446613,South America,0.3472031128297033,12.860082304526754,-21.826280623608017
"Venezuela, RB",VEN,2009,1053000000.0,567000.0,1.73596228032576,1651000.0,5.49588582247142,329787628928.471,27.080941446613,South America,0.3192963918693231,-4.0109389243391025,-19.23076923076923
"Venezuela, RB",VEN,2010,885000000.0,535000.0,1.28762858098966,1477000.0,5.25357792926229,393192354510.653,28.1874647092039,South America,0.2250806735806004,-15.954415954415957,-5.64373897707231
"Venezuela, RB",VEN,2011,806000000.0,625000.0,0.842611468297528,1719000.0,5.75230798035516,316482190800.364,26.0902123160959,South America,0.25467467788998666,-8.926553672316384,16.82242990654206
"Venezuela, RB",VEN,2012,904000000.0,1061000.0,0.903701778413124,1734000.0,5.38051438279923,381286237847.667,21.0689956331876,South America,0.23709221846112621,12.158808933002474,69.76
"Venezuela, RB",VEN,2013,926000000.0,1085000.0,1.0179739460232,1931000.0,7.08697472395207,371005379786.566,40.6394275161589,South America,0.24959206805376094,2.433628318584069,2.262016965127245
"Venezuela, RB",VEN,2014,900000000.0,967000.0,1.17184448321658,1589000.0,6.4092387667118,482359318767.703,62.1686499794829,South America,0.18658289888526575,-2.807775377969768,-10.875576036866363
"Venezuela, RB",VEN,2015,654000000.0,882000.0,1.68266138369311,1539000.0,6.89779627192051,482359318767.703,121.738085297503,South America,0.13558357318995978,-27.333333333333332,-8.790072388831438
"Venezuela, RB",VEN,2016,546000000.0,681000.0,1.90350020917585,1530000.0,11.3134444013948,482359318767.703,254.948534781816,South America,0.11319362532372788,-16.51376146788991,-22.789115646258505
"Venezuela, RB",VEN,2017,546000000.0,429000.0,1.90350020917585,1079000.0,11.3134444013948,482359318767.703,254.948534781816,South America,0.11319362532372788,0.0,-37.00440528634361
"Venezuela, RB",VEN,2018,546000000.0,429000.0,1.90350020917585,1079000.0,11.3134444013948,482359318767.703,254.948534781816,South America,0.11319362532372788,0.0,0.0
"Venezuela, RB",VEN,2019,546000000.0,429000.0,1.90350020917585,1079000.0,11.3134444013948,482359318767.703,254.948534781816,South America,0.11319362532372788,0.0,0.0
"Venezuela, RB",VEN,2020,546000000.0,429000.0,1.90350020917585,1079000.0,11.3134444013948,482359318767.703,254.948534781816,South America,0.11319362532372788,0.0,0.0
Viet Nam,VNM,1999,1400000000.0,1782000.0,5.97754152256522,,2.2866905791829,28683659006.7752,4.11710235771736,Asia,4.880827790029557,,
Viet Nam,VNM,2000,1400000000.0,2140000.0,5.97754152256522,,2.2866905791829,31172518403.3162,-1.71033727851109,Asia,4.491135370862641,0.0,20.08978675645343
Viet Nam,VNM,2001,1400000000.0,2330000.0,5.97754152256522,,2.2866905791829,32685198808.5549,-0.43154451172818,Asia,4.283284333683078,0.0,8.878504672897192
Viet Nam,VNM,2002,1400000000.0,2628000.0,5.97754152256522,,2.2866905791829,35064105500.8344,3.83082838168467,Asia,3.9926870513399666,0.0,12.789699570815461
Viet Nam,VNM,2003,1400000000.0,2429000.0,5.97754152256522,,2.2866905791829,39552513231.9169,3.23464817293927,Asia,3.539598082658044,0.0,-7.572298325722981
Viet Nam,VNM,2004,1700000000.0,2928000.0,5.60094886663152,,2.2866905791829,45427854693.2554,7.75494748709601,Asia,3.742197406148691,21.42857142857142,20.543433511733223
Viet Nam,VNM,2005,2300000000.0,3477000.0,6.28020642765475,,2.2866905791829,57633255738.1992,8.28457243128677,Asia,3.9907514689918253,35.29411764705883,18.75
Viet Nam,VNM,2006,2850000000.0,3583000.0,6.34376530294262,,2.20080838919988,66371664817.0436,7.41801715108463,Asia,4.294001073886198,23.913043478260864,3.048605119355763
Viet Nam,VNM,2007,3750000000.0,4229000.0,6.86926416442271,,1.85455147976487,77414425532.2452,8.34444889773837,Asia,4.844058422209726,31.578947368421062,18.029584147362556
Viet Nam,VNM,2008,3930000000.0,4236000.0,5.63917866008523,,1.55830456463368,99130304099.1274,23.1154483474477,Asia,3.9644789105762404,4.800000000000004,0.16552376448333295
Viet Nam,VNM,2009,3050000000.0,3747000.0,4.85189780789666,,1.5091233365345,106014659565.214,6.71698269988629,Asia,2.8769606132855796,-22.391857506361323,-11.543909348441927
Viet Nam,VNM,2010,4450000000.0,5050000.0,5.58364806705397,,1.68396453364492,147201173196.979,9.20746648778413,Asia,3.023073731922761,45.9016393442623,34.77448625567121
Viet Nam,VNM,2011,5710000000.0,6014000.0,5.39774070047738,,1.56571899464359,172595049183.925,18.6777322770707,Asia,3.308322009813369,28.314606741573023,19.089108910891085
Viet Nam,VNM,2012,6850000000.0,6848000.0,5.51024019820776,,1.58811650751275,195590661129.249,9.09470339557192,Asia,3.502212201979023,19.96497373029773,13.867642168274031
Viet Nam,VNM,2013,7250000000.0,7572000.0,5.07905816747581,,1.49483370886473,213708811665.34,6.59267475899192,Asia,3.392466573326527,5.8394160583941535,10.572429906542059
Viet Nam,VNM,2014,7410000000.0,7874000.0,4.59714493104283,,1.73666861086172,233451469642.519,4.08455446637617,Asia,3.1741072400815598,2.206896551724147,3.9883782356048503
Viet Nam,VNM,2015,7350000000.0,7944000.0,4.24200799921508,,2.10655228585827,239258328381.741,0.631200905175754,Asia,3.0719933762443334,-0.8097165991902799,0.8890017780035508
Viet Nam,VNM,2016,8500000000.0,10013000.0,4.49542788540361,,2.46849920733748,257096001177.982,2.66824816969082,Asia,3.3061579958669345,15.646258503401356,26.044813695871106
Viet Nam,VNM,2017,8890000000.0,12922000.0,3.89589331650518,,2.27670041061918,281353605986.903,3.52025688811617,Asia,3.159724919400474,4.5882352941176485,29.052232098272256
Viet Nam,VNM,2018,10080000000.0,15498000.0,3.89960829827361,,2.40608364448114,310106478394.659,3.53962805942641,Asia,3.250496426963265,13.38582677165354,19.934994582881906
Viet Nam,VNM,2019,11830000000.0,18009000.0,4.21257290991575,,2.46863804585547,334365270496.667,2.7958236745225,Asia,3.538046873835817,17.361111111111114,16.202090592334486
Viet Nam,VNM,2020,3232000000.0,3837000.0,1.11360339593907,,1.61596394473107,346615738537.796,3.22093436652514,Asia,0.9324446759498698,-72.67962806424345,-78.69398634016325
Virgin Islands (U.S.),VIR,1999,955000000.0,1964000.0,,,,3262000000.0,,North America,29.276517473942366,,
Virgin Islands (U.S.),VIR,2000,1206000000.0,2396000.0,,,,3262000000.0,,North America,36.97118332311465,26.282722513089006,21.995926680244395
Virgin Islands (U.S.),VIR,2001,1234000000.0,2497000.0,,,,3262000000.0,,North America,37.8295524218271,2.3217247097844007,4.215358931552582
Virgin Islands (U.S.),VIR,2002,1195000000.0,2337000.0,,,,3262000000.0,,North America,36.63396689147762,-3.1604538087520284,-6.407689227072488
Virgin Islands (U.S.),VIR,2003,1257000000.0,2395000.0,,,,3443000000.0,,North America,36.50885855358699,5.188284518828445,2.4818142918271224
Virgin Islands (U.S.),VIR,2004,1356000000.0,2620000.0,,,,3797000000.0,,North America,35.71240452989202,7.875894988066823,9.394572025052184
Virgin Islands (U.S.),VIR,2005,1432000000.0,2602000.0,,,,4428000000.0,,North America,32.33965672990063,5.604719764011801,-0.6870229007633566
Virgin Islands (U.S.),VIR,2006,1468000000.0,2571000.0,,,,4484000000.0,,North America,32.738626226583406,2.5139664804469275,-1.1913912375096092
Virgin Islands (U.S.),VIR,2007,1513000000.0,2606000.0,,,,4784000000.0,,North America,31.62625418060201,3.065395095367851,1.361338000777912
Virgin Islands (U.S.),VIR,2008,1157000000.0,2435000.0,,,,4244000000.0,,North America,27.262016965127238,-23.529411764705888,-6.561780506523407
Virgin Islands (U.S.),VIR,2009,1021000000.0,2245000.0,,,,4201000000.0,,North America,24.30373720542728,-11.754537597234227,-7.802874743326493
Virgin Islands (U.S.),VIR,2010,1223000000.0,2531000.0,,,,4324000000.0,,North America,28.28399629972248,19.784524975514195,12.739420935412028
Virgin Islands (U.S.),VIR,2011,1122000000.0,2686000.0,,,,4223000000.0,,North America,26.56878995974426,-8.25838103025347,6.124061635717104
Virgin Islands (U.S.),VIR,2012,1210000000.0,2640000.0,,,,4089000000.0,,North America,29.59158718513084,7.843137254901955,-1.7125837676842837
Virgin Islands (U.S.),VIR,2013,1168000000.0,2702000.0,,,,3738000000.0,,North America,31.246655965757093,-3.4710743801652844,2.348484848484844
Virgin Islands (U.S.),VIR,2014,1319000000.0,2814000.0,,,,3565000000.0,,North America,36.99859747545582,12.928082191780831,4.145077720207246
Virgin Islands (U.S.),VIR,2015,1324000000.0,2643000.0,,,,3663000000.0,,North America,36.14523614523614,0.37907505686125553,-6.076759061833692
Virgin Islands (U.S.),VIR,2016,1343000000.0,2574000.0,,,,3798000000.0,,North America,35.36071616640337,1.4350453172205402,-2.6106696935300766
Virgin Islands (U.S.),VIR,2017,1202000000.0,1954000.0,,,,3794000000.0,,North America,31.681602530311014,-10.49888309754281,-24.08702408702409
Virgin Islands (U.S.),VIR,2018,993000000.0,1922000.0,,,,3923000000.0,,North America,25.312261024725974,-17.387687188019964,-1.6376663254861867
Virgin Islands (U.S.),VIR,2019,1031000000.0,2074000.0,,,,4121000000.0,,North America,25.018199466148992,3.8267875125881146,7.908428720083238
Virgin Islands (U.S.),VIR,2020,686000000.0,8612000.0,,,,4229000000.0,,North America,16.22132891936628,-33.46265761396702,315.2362584378014
West Bank and Gaza,PSE,1999,377000000.0,300000.0,36.2701546287969,,8.43852126343784,4271200000.0,5.54439180368747,Asia,8.826559280764187,,
West Bank and Gaza,PSE,2000,94000000.0,310000.0,10.621849930671,,10.0159935384822,4313600000.0,2.79819892435758,Asia,2.1791543026706233,-75.06631299734748,3.3333333333333437
West Bank and Gaza,PSE,2001,14000000.0,43000.0,2.27309628186394,,13.3893514668651,4003700000.0,1.22278475878898,Asia,0.3496765491919974,-85.1063829787234,-86.12903225806451
West Bank and Gaza,PSE,2002,14000000.0,33000.0,2.93009627459188,,16.6991714023368,3555800000.0,5.70951585976626,Asia,0.39372293154845606,0.0,-23.25581395348837
West Bank and Gaza,PSE,2003,66000000.0,37000.0,12.813155200035,,12.3987521673277,3968000000.0,4.40303221730888,Asia,1.663306451612903,371.42857142857144,12.12121212121211
West Bank and Gaza,PSE,2004,84000000.0,56000.0,14.0750670241287,,10.7094558726273,4603100000.0,3.00417498638593,Asia,1.8248571614781341,27.27272727272727,51.35135135135136
West Bank and Gaza,PSE,2005,52000000.0,88000.0,7.18931115338672,,6.23965396121466,5125700000.0,4.10725070715931,Asia,1.0144955810913632,-38.095238095238095,57.14285714285714
West Bank and Gaza,PSE,2006,25000000.0,123000.0,3.39542432617804,,5.72846519562058,5348300000.0,3.84234125624782,Asia,0.46743825140698914,-51.92307692307692,39.77272727272727
West Bank and Gaza,PSE,2007,99000000.0,264000.0,9.28456342857357,,9.22020533300464,5815700000.0,1.85974379351111,Asia,1.7022886324947986,296.0,114.63414634146343
West Bank and Gaza,PSE,2008,146000000.0,387000.0,12.5321888412017,,10.268454745214,7310400000.0,9.88999788691849,Asia,1.9971547384548043,47.47474747474747,46.59090909090908
West Bank and Gaza,PSE,2009,193000000.0,396000.0,17.0299126444895,,9.69008791558447,8085700000.0,2.75393485083151,Asia,2.386930012243838,32.1917808219178,2.3255813953488413
West Bank and Gaza,PSE,2010,409000000.0,522000.0,29.9129671615593,,9.89681989766446,9681500000.0,3.74915727597096,Asia,4.224551980581522,111.91709844559585,31.818181818181813
West Bank and Gaza,PSE,2011,615000000.0,449000.0,34.1778846996247,,10.5361629615982,11186100000.0,2.8772435849594,Asia,5.497894708611581,50.36674816625917,-13.984674329501912
West Bank and Gaza,PSE,2012,469000000.0,490000.0,25.0655671495179,,10.2695276274706,12208400000.0,2.77908768282492,Asia,3.841617247141312,-23.739837398373986,9.131403118040083
West Bank and Gaza,PSE,2013,524000000.0,545000.0,24.8217393925846,,9.20261192660466,13515500000.0,1.72439933626931,Asia,3.877030076578743,11.727078891257992,11.22448979591837
West Bank and Gaza,PSE,2014,412000000.0,556000.0,18.6115707400424,,7.07693460016554,13989700000.0,1.73298510037447,Asia,2.94502383896724,-21.37404580152672,2.0183486238532167
West Bank and Gaza,PSE,2015,312000000.0,432000.0,13.9016689800132,,7.92627304390408,13972400000.0,1.43161145810476,Asia,2.232973576479345,-24.271844660194176,-22.302158273381288
West Bank and Gaza,PSE,2016,235000000.0,400000.0,10.6478155670699,,7.87642879970439,15405400000.0,-0.219106604907316,Asia,1.5254391317330287,-24.679487179487182,-7.4074074074074066
West Bank and Gaza,PSE,2017,225000000.0,503000.0,8.87224431058506,,9.56087075159846,16128000000.0,0.212570934228881,Asia,1.3950892857142858,-4.255319148936165,25.750000000000007
West Bank and Gaza,PSE,2018,245000000.0,606000.0,9.43033102386451,,9.15362298055245,16276600000.0,-0.195107773730735,Asia,1.5052283646461793,8.888888888888879,20.477137176938378
West Bank and Gaza,PSE,2019,245000000.0,688000.0,9.43033102386451,,9.97678736600613,17133500000.0,1.58018333639455,Asia,1.429947179502145,0.0,13.531353135313529
West Bank and Gaza,PSE,2020,245000000.0,93000.0,9.43033102386451,,7.03014438410668,15531700000.0,-0.735332001092191,Asia,1.5774190848393927,0.0,-86.48255813953489
"Yemen, Rep.",YEM,1999,1291000000.0,1035000.0,13.9258887151486,,3.76196240053404,7639325295.88287,8.66021949364346,Asia,16.899398179781272,,
"Yemen, Rep.",YEM,2000,1291000000.0,1035000.0,13.9258887151486,,3.76196240053404,9679316770.18633,4.58999999999981,Asia,13.337718256896636,0.0,0.0
"Yemen, Rep.",YEM,2001,1291000000.0,1035000.0,13.9258887151486,,3.76196240053404,9852990692.98714,11.9115912929855,Asia,13.102620719198166,0.0,0.0
"Yemen, Rep.",YEM,2002,1291000000.0,1035000.0,13.9258887151486,,3.76196240053404,10693430511.4664,12.2385339389711,Asia,12.072832928737702,0.0,0.0
"Yemen, Rep.",YEM,2003,1291000000.0,1035000.0,13.9258887151486,,3.76196240053404,11777532662.0499,10.8323607023242,Asia,10.961548883323575,0.0,0.0
"Yemen, Rep.",YEM,2004,1291000000.0,1035000.0,13.9258887151486,,3.76196240053404,13867634371.4773,12.5150951495207,Asia,9.309446481047305,0.0,0.0
"Yemen, Rep.",YEM,2005,1291000000.0,1035000.0,13.9258887151486,,3.76196240053404,16731566717.1888,11.8112639374949,Asia,7.71595405153374,0.0,0.0
"Yemen, Rep.",YEM,2006,1291000000.0,1035000.0,13.9258887151486,,2.89159599391865,19063143369.858,10.8447986914257,Asia,6.77223044989152,0.0,0.0
"Yemen, Rep.",YEM,2007,1291000000.0,1035000.0,13.9258887151486,,2.63962775905221,21650528674.0933,7.9051177898873,Asia,5.962902889964028,0.0,0.0
"Yemen, Rep.",YEM,2008,1291000000.0,1035000.0,13.9258887151486,,2.1059011459184,26910855807.288,18.9762574318076,Asia,4.797320491198839,0.0,0.0
"Yemen, Rep.",YEM,2009,1291000000.0,1035000.0,13.9258887151486,,2.77320894502911,25130278212.5575,5.40776098077522,Asia,5.1372292382934805,0.0,0.0
"Yemen, Rep.",YEM,2010,1291000000.0,1035000.0,13.9258887151486,,2.37086857334677,30906749533.221,11.1748338605044,Asia,4.177081121430553,0.0,0.0
"Yemen, Rep.",YEM,2011,910000000.0,1175000.0,8.76344582534209,,2.40945717315588,32726417878.391,19.5435617131144,Asia,2.7806281866273728,-29.51200619674671,13.526570048309171
"Yemen, Rep.",YEM,2012,1005000000.0,1282000.0,10.7080345884236,,1.08062043988357,35401331609.5916,9.88538714484871,Asia,2.8388762634219846,10.439560439560447,9.106382978723415
"Yemen, Rep.",YEM,2013,1097000000.0,1323000.0,11.4661813422446,,1.2357835436881,40415233436.1767,10.9684421500198,Asia,2.7143230577459625,9.154228855721392,3.1981279251170003
"Yemen, Rep.",YEM,2014,1199000000.0,1218000.0,12.7142042144875,,1.03650308875889,43228585321.3272,8.10472583623915,Asia,2.773627661158883,9.298085688240665,-7.936507936507942
"Yemen, Rep.",YEM,2015,116000000.0,398000.0,6.21215883681715,,1.02631534857023,42444489522.2303,8.10472583623915,Asia,0.27329813906524897,-90.32527105921602,-67.32348111658457
"Yemen, Rep.",YEM,2016,116000000.0,398000.0,12.360562989795,,0.678285595394158,31317824943.2073,8.10472583623915,Asia,0.37039609299291365,0.0,0.0
"Yemen, Rep.",YEM,2017,116000000.0,398000.0,12.360562989795,,0.678285595394158,26842228828.5629,8.10472583623915,Asia,0.4321548733559861,0.0,0.0
"Yemen, Rep.",YEM,2018,116000000.0,398000.0,12.360562989795,,0.678285595394158,21606160783.9845,8.10472583623915,Asia,0.5368839062143083,0.0,0.0
"Yemen, Rep.",YEM,2019,116000000.0,398000.0,12.360562989795,,0.678285595394158,21606160783.9845,8.10472583623915,Asia,0.5368839062143083,0.0,0.0
"Yemen, Rep.",YEM,2020,116000000.0,398000.0,12.360562989795,,0.678285595394158,21606160783.9845,8.10472583623915,Asia,0.5368839062143083,0.0,0.0
Zambia,ZMB,1999,,404000.0,,,8.50484776322504,3404284890.5306,26.7876966790029,Africa,,,
Zambia,ZMB,2000,,457000.0,,,7.77251465080911,3600632111.41414,26.0304117888121,Africa,,,13.118811881188108
Zambia,ZMB,2001,,492000.0,,,6.29802008772031,4094441301.21423,21.3937821792546,Africa,,,7.658643326039383
Zambia,ZMB,2002,,565000.0,,,6.90402143413627,4193850445.42632,22.2333446430947,Africa,,,14.837398373983746
Zambia,ZMB,2003,,413000.0,,,6.40336761455068,4901869764.05957,21.4015783901995,Africa,,,-26.902654867256636
Zambia,ZMB,2004,,515000.0,,,3.9554051070719,6221110219.45542,17.9677891087286,Africa,,,24.697336561743334
Zambia,ZMB,2005,,669000.0,,,3.38127971755013,8331870169.14977,18.324439701174,Africa,,,29.902912621359224
Zambia,ZMB,2006,,757000.0,,,2.92077994403642,12756858899.2812,9.01957247226486,Africa,,,13.153961136023916
Zambia,ZMB,2007,,897000.0,,,2.69933607593304,14056957976.2648,10.6573496000153,Africa,,,18.49405548216645
Zambia,ZMB,2008,,812000.0,,,3.04324773101599,17910858637.9048,12.4455793463192,Africa,,,-9.476031215161651
Zambia,ZMB,2009,,710000.0,,,3.50046863475385,15328342303.9575,13.3952546325895,Africa,,,-12.561576354679804
Zambia,ZMB,2010,,815000.0,,,2.98320155782325,20265559483.8548,8.50176133365265,Africa,,,14.7887323943662
Zambia,ZMB,2011,,920000.0,,,2.9547209855394,23459515275.5776,6.4293968107234,Africa,,,12.883435582822077
Zambia,ZMB,2012,,859000.0,,,3.27232280691524,25503060420.026,6.57589970757698,Africa,,,-6.630434782608696
Zambia,ZMB,2013,,915000.0,,,3.24203607747282,28037239462.7142,6.97767605490307,Africa,,,6.519208381839348
Zambia,ZMB,2014,,947000.0,,,3.69170089231109,27141023558.0829,7.80687553566333,Africa,,,3.49726775956285
Zambia,ZMB,2015,,932000.0,,,4.51028737809042,21251216798.7762,10.1105928909618,Africa,,,-1.5839493136219684
Zambia,ZMB,2016,,956000.0,,,5.33295026017384,20958412538.3093,17.8697300795268,Africa,,,2.5751072961373467
Zambia,ZMB,2017,,1009000.0,,,4.69665317967767,25873601260.8353,6.57731154205644,Africa,,,5.543933054393313
Zambia,ZMB,2018,,1072000.0,,,4.6894811701325,26311507273.6735,7.4945719272852,Africa,,,6.243805748265618
Zambia,ZMB,2019,,1266000.0,,,6.35911419936584,23308667781.2258,9.15031644316296,Africa,,,18.097014925373145
Zambia,ZMB,2020,,502000.0,,,8.08019435306442,18137764930.651,15.7330604721369,Africa,,,-60.347551342812
Zimbabwe,ZWE,1999,202000000.0,2250000.0,6.97459847145061,331000.0,4.59047916008262,6858013100.0,3.02267002518892,Africa,2.9454595238378882,,
Zimbabwe,ZWE,2000,125000000.0,1967000.0,6.97459847145061,344750.0,4.59047916008262,6689957600.0,3.02267002518892,Africa,1.868472230676021,-38.11881188118812,-12.577777777777776
Zimbabwe,ZWE,2001,81000000.0,2217000.0,6.97459847145061,358500.0,4.59047916008262,6777384700.0,3.02267002518892,Africa,1.1951512801095678,-35.199999999999996,12.709710218607007
Zimbabwe,ZWE,2002,76000000.0,2041000.0,6.97459847145061,372250.0,4.59047916008262,6342116400.0,3.02267002518892,Africa,1.198338144660984,-6.172839506172845,-7.938655841226883
Zimbabwe,ZWE,2003,61000000.0,2256000.0,6.97459847145061,386000.0,4.59047916008262,5727591800.0,3.02267002518892,Africa,1.0650200316300473,-19.736842105263154,10.534051935325817
Zimbabwe,ZWE,2004,194000000.0,1854000.0,6.97459847145061,498000.0,4.59047916008262,5805598400.0,3.02267002518892,Africa,3.3416021335543977,218.0327868852459,-17.819148936170215
Zimbabwe,ZWE,2005,99000000.0,1559000.0,6.97459847145061,474000.0,4.59047916008262,5755215200.0,3.02267002518892,Africa,1.7201789430914765,-48.96907216494846,-15.911542610571738
Zimbabwe,ZWE,2006,338000000.0,2287000.0,6.97459847145061,541000.0,4.59047916008262,5443896500.0,3.02267002518892,Africa,6.208788135483472,241.4141414141414,46.696600384862094
Zimbabwe,ZWE,2007,365000000.0,2506000.0,6.97459847145061,547000.0,4.59047916008262,5291950100.0,3.02267002518892,Africa,6.897268362375526,7.98816568047338,9.575863576738076
Zimbabwe,ZWE,2008,294000000.0,1956000.0,6.97459847145061,593000.0,4.59047916008262,4415702800.0,3.02267002518892,Africa,6.658056787698665,-19.452054794520546,-21.947326416600156
Zimbabwe,ZWE,2009,129000000.0,2017000.0,6.97459847145061,631000.0,4.59047916008262,9665793300.0,3.02267002518892,Africa,1.3346033377312134,-56.122448979591844,3.1186094069529657
Zimbabwe,ZWE,2010,135000000.0,2239000.0,3.82058684643225,650000.0,3.15203979366123,12041655200.0,3.02267002518892,Africa,1.1211083340104275,4.651162790697683,11.006445215666826
Zimbabwe,ZWE,2011,164000000.0,2423000.0,3.36746349507665,693000.0,3.41871071785854,14101920300.0,3.4661297281749,Africa,1.1629621818242726,21.48148148148148,8.217954443948194
Zimbabwe,ZWE,2012,174000000.0,1794000.0,4.04216061418928,720000.0,4.61474982263407,17114849900.0,3.72532666110646,Africa,1.0166609757997351,6.0975609756097615,-25.95955427156418
Zimbabwe,ZWE,2013,183000000.0,1833000.0,4.3946191337798,2946000.0,5.25573242492043,19091020000.0,1.63495041543822,Africa,0.9585658597602433,5.1724137931034475,2.1739130434782705
Zimbabwe,ZWE,2014,186000000.0,1880000.0,4.59785793228923,3182000.0,5.6959358092212,19495519600.0,-0.19778481012661,Africa,0.954065363818259,1.6393442622950838,2.564102564102555
Zimbabwe,ZWE,2015,191000000.0,2057000.0,4.81816883158112,3393000.0,7.7202692741455,19963120600.0,-2.43096842383404,Africa,0.9567642445640487,2.6881720430107503,9.414893617021281
Zimbabwe,ZWE,2016,194000000.0,2168000.0,4.77870349903376,3192000.0,6.55970838069621,20548678100.0,-1.54366960054161,Africa,0.9440996596272536,1.5706806282722585,5.396208070004871
Zimbabwe,ZWE,2017,158000000.0,2423000.0,3.40501344002112,2768000.0,5.41687196612586,51074660513.3715,0.893962316050027,Africa,0.3093510527762297,-18.556701030927837,11.76199261992621
Zimbabwe,ZWE,2018,191000000.0,2580000.0,3.68856460421271,2288000.0,3.5199279118145,34156069918.0609,10.6188658669575,Africa,0.5591978247444792,20.88607594936709,6.479570780024768
Zimbabwe,ZWE,2019,285000000.0,2294000.0,5.41111480986314,3275000.0,4.7605826191179,25717409842.4479,255.304990757856,Africa,1.108198693981977,49.21465968586387,-11.08527131782946
Zimbabwe,ZWE,2020,66000000.0,639000.0,1.25396727039381,3275000.0,2.86010872453886,26867936444.6826,557.201817362051,Africa,0.24564595846757697,-76.84210526315789,-72.14472537053183
